0000
0000
0000
0000
0000
0000
0000
0000
0000
0000
0000
0000
0000
0000
0000
0000
0000
0000
0000
0000
0000
0000
0000
0000
0000
0000
0000
0000
0000
0000
0000
0000
0000
0000
0000
0000
0000
0000
0000
0000
0000
0000
0000
0000
0000
0000
0000
0000
0000
0000
0000
0000
0000
0000
0000
0000
0000
0000
0000
0000
0000
0000
0000
0000
0000
0000
0000
0000
0000
0000
0000
0000
0000
0000
0000
0000
0110
0000
0000
0000
0cd0
0000
0000
0000
0bc0
0000
0000
0000
0000
0000
0000
0000
0ef0
0000
0000
0000
0ef0
0000
0000
0000
0ef0
0000
0000
0000
0ef0
0000
0000
0000
0ef0
0000
0000
0000
0ef0
0000
0000
0000
0ef0
0000
0000
0000
0000
0000
0000
0000
0000
0000
0000
0000
0000
0000
0000
0000
0000
000d
0000
0000
4000
016f
0000
0000
fc10
4eff
0000
0000
af90
de4e
0000
0000
1fd0
120d
0000
0000
0ff0
000d
0000
0000
2fd0
350d
0000
0000
bf70
df6f
0000
0000
f900
3dff
0000
0000
2000
003f
0000
0000
0000
000d
0000
0000
0000
0000
0000
0000
0000
0000
0000
0000
0000
0000
0000
0000
0000
0000
0000
0000
0000
0000
0000
0000
6000
7dfd
0000
0000
f600
fc8d
0007
0000
fd00
e102
000a
0000
ef00
0000
0000
0000
ff20
0222
0000
0000
fff0
0fff
0000
0000
ff50
0555
0000
0000
ef00
0000
0000
0000
bf10
5000
0007
0000
aff0
e999
000e
0000
fff0
dfff
0005
0000
0000
0000
0000
0000
0000
0000
0000
0000
0000
0000
0000
0000
0000
0000
0000
0000
0000
0000
0000
0000
0000
0000
0000
0000
0010
0021
0010
0000
b7e2
9eff
01e7
0000
dfd0
e857
009f
0000
0cb0
1000
008e
0000
02f1
0000
00d5
0000
00f2
0000
00e3
0000
03f1
0000
00d6
0000
1fd0
3000
009f
0000
eff2
fa89
01df
0000
9291
7dfd
0082
0000
0000
0000
0000
0000
0000
0000
0000
0000
0000
0000
0000
0000
0000
0000
0000
0000
0000
0000
0000
0000
03fc
cf30
0000
0000
09f6
6f90
0000
0000
0ee1
0ee1
0000
0000
5f80
08f6
0000
0000
bf20
01fc
0000
0000
fb10
01bf
0000
0000
fff5
3fff
0000
0000
f662
166f
0000
0000
fff5
3fff
0000
0000
f552
155f
0000
0000
f000
000e
0000
0000
0000
0000
0000
0000
0000
0000
0000
0000
0000
0000
0000
0000
0000
0000
0000
0000
0000
0000
0000
0000
ef00
0000
0000
0000
ef00
0000
0000
0000
ef00
0000
0000
0000
ef00
0000
0000
0000
ef00
0000
0000
0000
0000
0000
0000
0000
0000
0000
0000
0000
0000
0000
0000
0000
ef00
0000
0000
0000
ef00
0000
0000
0000
ef00
0000
0000
0000
ef00
0000
0000
0000
ef00
0000
0000
0000
0000
0000
0000
0000
0000
0000
0000
0000
0000
0000
0000
0000
eb20
01ae
0000
0000
afc0
0af9
0000
0000
0fe0
0670
0000
0000
bf80
0004
0000
0000
dc70
06df
0000
0000
03f6
8fd5
0000
0000
09f5
df20
0000
0000
ef80
5d77
0000
0000
9200
04ee
0000
0000
0210
0df2
0000
0000
3ee1
0ef5
0000
0000
ff60
05ef
0000
0000
4100
0014
0000
0000
0000
0000
0000
0000
0000
0000
0000
0000
0100
0100
0000
0000
dd00
0dd0
0000
0000
2200
0220
0000
0000
0000
0000
0000
0000
0000
0000
0000
0000
0000
0000
0000
0000
0000
0000
0000
0000
0000
0000
0000
0000
0000
0000
0000
0000
0000
0000
0000
0000
0000
0000
0000
0000
0000
0000
0000
0000
0000
0000
0000
0000
0000
0000
0000
0000
0000
0000
0000
0000
0000
0000
0000
0000
0000
0000
0000
0000
0000
1210
0000
0000
4000
fffb
004b
0000
f700
878e
06fe
0000
ef40
bffb
4fd3
0000
cfb0
c6cf
bf5c
0000
dfe0
202f
ef16
0000
dfe0
101f
ef04
0000
cfc0
b3af
cf4c
0000
df60
dffc
5fc3
0000
fa00
678d
0afd
0000
7000
fffe
007e
0000
0000
3530
0000
0000
0000
0000
0000
0000
0000
0000
0000
0000
0000
0000
0000
0000
0000
0000
0000
0000
ea20
009e
0000
0000
4b60
07e3
0000
0000
7400
09f9
0000
0000
7db0
09f4
0000
0000
3be0
09f7
0000
0000
ed60
09e8
0000
0000
0000
0000
0000
0000
0000
0000
0000
0000
0000
0000
0000
0000
0000
0000
0000
0000
0000
0000
0000
0000
0000
0000
0000
0000
0000
0000
0000
0000
0000
0000
0000
0000
0000
0000
0000
0000
0000
0000
0000
0000
0000
0000
0000
0000
0000
0000
0000
0000
0000
0000
0000
0000
c000
f84f
0008
0000
f900
bf57
0000
0000
9f70
1df3
0000
0000
1ef2
04fc
0000
0000
9f70
1df3
0000
0000
fa00
bf57
0000
0000
c000
f84f
0008
0000
0000
0000
0000
0000
0000
0000
0000
0000
0000
0000
0000
0000
0000
0000
0000
0000
0000
0000
0000
0000
0000
0000
0000
0000
0000
0000
0000
0000
0000
0000
0000
0000
0000
0000
0000
0000
0000
0000
0000
0000
0000
0000
0000
0000
2200
2222
0002
0000
ff00
ffff
000e
0000
5500
f555
000e
0000
0000
f000
000e
0000
0000
5000
0005
0000
0000
0000
0000
0000
0000
0000
0000
0000
0000
0000
0000
0000
0000
0000
0000
0000
0000
0000
0000
0000
0f0f
0f0f
0f0f
0f0f
0000
0000
0000
f000
000f
0000
0000
0000
ff00
0f0f
0ff0
ff00
00ff
0f00
f0f0
00f0
ff00
ff00
00ff
f00f
000f
0f0f
00f0
000f
fff0
0f00
00f0
f00f
000f
0000
0000
0000
0000
0000
0000
f000
000f
0000
0000
0000
0000
ff00
00ff
f000
000f
0000
0000
0000
0000
0000
0000
f000
000f
0000
0000
0000
f0f0
f0f0
f0f0
f0f0
0000
0011
0000
0000
c300
3cff
0000
0000
be20
eb88
0003
0000
09a0
98ff
000a
0000
02e0
2b9f
000e
0000
01e0
1fff
000e
0000
07b0
7c6f
000b
0000
9f30
fa35
0004
0000
e500
5eff
0000
0000
1000
0144
0000
0000
0000
0000
0000
0000
0000
0000
0000
0000
0000
0000
0000
0000
0000
0000
0000
0000
0000
0000
0000
0000
0000
0000
0000
0000
2220
0002
0000
0000
fff0
000f
0000
0000
5550
0005
0000
0000
0000
0000
0000
0000
0000
0000
0000
0000
0000
0000
0000
0000
0000
0000
0000
0000
0000
0000
0000
0000
0000
0000
0000
0000
0000
0000
0000
0000
0000
0000
0000
0000
0000
0000
0000
0000
0000
0000
0000
0000
0000
0000
0000
0000
0000
0000
0000
0000
0000
0000
0000
0000
2000
0000
0000
0000
fd20
002d
0000
0000
8fb0
00bf
0000
0000
0ff0
00ff
0000
0000
6fc0
00cf
0000
0000
fe30
003e
0000
0000
4100
0001
0000
0000
0000
0000
0000
0000
0000
0000
0000
0000
0000
0000
0000
0000
0000
0000
0000
0000
0000
0000
0000
0000
0000
0000
0000
0000
0000
0000
0000
0000
0000
0000
0000
0000
0000
0000
0000
0000
0000
0000
0000
0000
0000
0000
0000
0000
0000
0000
0000
0000
0000
0000
0000
0000
0000
00ef
0000
0000
0000
00ef
0000
0000
fff0
ffff
0000
0000
8880
88ff
0000
0000
0000
00ef
0000
0000
2220
2244
0000
0000
fff0
ffff
0000
0000
5550
5555
0000
0000
0000
0000
0000
0000
0000
0000
0000
0000
0000
0000
0000
0000
0000
0000
0000
0000
fd40
004c
0000
0000
38b0
00eb
0000
0000
1000
00cc
0000
0000
d300
002d
0000
0000
be60
0023
0000
0000
fff0
00ff
0000
0000
0000
0000
0000
0000
0000
0000
0000
0000
0000
0000
0000
0000
0000
0000
0000
0000
0000
0000
0000
0000
0000
0000
0000
0000
0000
0000
0000
0000
0000
0000
0000
0000
0000
0000
0000
0000
0000
0000
0000
0000
ed60
006d
0000
0000
3681
00eb
0000
0000
f500
006e
0000
0000
3100
05fa
0000
0000
38d2
06fa
0000
0000
ec50
008d
0000
0000
0000
0000
0000
0000
0000
0000
0000
0000
0000
0000
0000
0000
0000
0000
0000
0000
0000
0000
0000
0000
0000
0000
0000
0000
0000
0000
0000
0000
0000
0000
0000
0000
0000
0000
0000
0000
0000
0000
0000
0000
2200
0000
0000
0000
af10
0000
0000
0000
1d80
0000
0000
0000
0000
0000
0000
0000
0000
0000
0000
0000
0000
0000
0000
0000
0000
0000
0000
0000
0000
0000
0000
0000
0000
0000
0000
0000
0000
0000
0000
0000
0000
0000
0000
0000
0000
0000
0000
0000
0000
0000
0000
0000
0000
0000
0000
0000
0000
0000
0000
0000
0000
0000
0000
0000
0000
0000
0000
0000
0000
0000
0000
0000
0000
0000
0000
0000
0000
0000
0000
0000
0ef0
fe00
0000
0000
0ef0
fe00
0000
0000
0ef0
fe00
0000
0000
0ef0
fe00
0000
0000
0ef0
fe00
0000
0000
2ff0
ff20
0000
0000
dff0
ffd8
0008
0000
8ef0
d49e
000f
0000
0ef0
0000
0000
0000
0ef0
0000
0000
0000
0ef0
0000
0000
0000
0000
0000
0000
0000
0000
0000
0000
0000
d700
ffff
0000
0000
ff70
ff7f
0000
0000
ffd0
fe0f
0000
0000
fff0
fe0f
0000
0000
ffd0
fe0f
0000
0000
ff60
fe0f
0000
0000
c600
fe0d
0000
0000
0000
fe00
0000
0000
0000
fe00
0000
0000
0000
fe00
0000
0000
0000
fe00
0000
0000
0000
0000
0000
0000
0000
0000
0000
0000
0000
0000
0000
0000
0000
0000
0000
0000
0000
0000
0000
0000
0000
0000
0000
0000
0000
0000
0000
0000
0000
0000
0000
0000
0000
0000
0000
0000
0110
0000
0000
0000
0cd0
0000
0000
0000
0ab0
0000
0000
0000
0000
0000
0000
0000
0000
0000
0000
0000
0000
0000
0000
0000
0000
0000
0000
0000
0000
0000
0000
0000
0000
0000
0000
0000
0000
0000
0000
0000
0000
0000
0000
0000
0000
0000
0000
0000
0000
0000
0000
0000
0000
0000
0000
0000
0000
0000
0000
0000
0000
0000
0000
0000
0000
0000
0000
0000
0000
0000
0000
0000
0000
0000
0000
0000
0000
0000
0000
0000
0000
0000
0000
0000
0000
0000
0000
0000
0100
0000
0000
0000
1b40
0000
0000
0000
ee80
0000
0000
0000
9da0
0000
0000
0000
0000
0000
0000
0000
9fb2
0000
0000
0000
9f97
0000
0000
0000
9f01
0000
0000
0000
9f00
0000
0000
0000
9f00
0000
0000
0000
9f00
0000
0000
0000
0000
0000
0000
0000
0000
0000
0000
0000
0000
0000
0000
0000
0000
0000
0000
0000
0000
0000
0000
0000
0000
0000
0000
0000
0000
0000
0000
0000
0000
0000
0000
0000
0000
0000
0000
0000
0000
0000
0000
0000
0000
0000
0000
0000
e910
019e
0000
0000
5ea0
09e5
0000
0000
0ae0
0ea0
0000
0000
0ae0
0ea0
0000
0000
5ea0
09e5
0000
0000
e910
01ae
0000
0000
0000
0000
0000
0000
0000
0000
0000
0000
0000
0000
0000
0000
0000
0000
0000
0000
0000
0000
0000
0000
0000
0000
0000
0000
0000
0000
0000
0000
0000
0000
0000
0000
0000
0000
0000
0000
0000
0000
0000
0000
0000
0000
0000
0000
0000
0000
0000
0000
0000
0000
0000
0000
2ee2
05fb
0000
0000
cf30
3ed2
0000
0000
f600
de3a
0001
0000
c000
f75f
0009
0000
f600
de3a
0001
0000
cf30
3ed2
0000
0000
2ee2
05fb
0000
0000
0000
0000
0000
0000
0000
0000
0000
0000
0000
0000
0000
0000
0000
0000
0000
0000
0000
0000
0000
0000
0000
0000
0000
0000
0000
0000
0000
0000
efc2
0000
00c6
0000
ef56
2000
003e
0000
ef00
c100
0007
0000
ef00
c900
0000
0000
ef00
2f50
0a80
0000
ef00
07e2
0ff3
0000
0000
00bc
0f9c
0000
9000
702e
2f5d
0000
f500
b006
bfff
0000
be20
4000
3f85
0000
1210
0000
0200
0000
0000
0000
0000
0000
0000
0000
0000
0000
0000
0000
0000
0000
0000
0000
0000
0000
cc91
0000
0058
0000
efa7
4000
000d
0000
ef02
d100
0005
0000
ef00
b800
0000
0000
ef00
3f30
0000
0000
ef00
09c0
6ee6
0000
2300
01e7
ef4a
0000
2000
007e
bf20
0000
b000
000d
1cc0
0000
f500
0005
23c8
0000
be10
0000
ffff
0000
2520
0000
5555
0000
0000
0000
0000
0000
0000
0000
0000
0000
0000
0000
0000
0000
2000
0000
2000
0000
fe50
001c
b900
0000
89d0
008f
2e40
0000
7100
007f
05e1
0000
f900
001b
00ab
0000
7300
60cf
001e
0000
aac1
e3bf
7004
0009
9820
9c16
f500
000f
0000
1d90
8e10
000f
0000
03f4
5bb0
002f
1000
008e
fff0
00bf
b000
000c
8550
003f
2000
0001
0000
0002
0000
0000
0000
0000
0000
0000
0000
0000
0000
0000
0000
0000
0000
0000
0000
0000
0000
0000
0000
0000
0000
0000
0000
0000
0000
0000
0000
0000
0000
00ac
0000
0000
0000
00cd
0000
0000
0000
0011
0000
0000
0000
0078
0000
0000
1000
009e
0000
0000
d400
003f
0000
0000
df60
0003
0000
0000
2fe0
0000
0000
0000
1fe0
ef20
0000
0000
cf90
9fd8
0000
0000
d800
08df
0000
0000
0000
0000
0000
0000
0000
0045
0000
0000
0000
04f9
0000
0000
0000
0240
0000
0000
0000
5cb7
0000
0000
0000
dffe
0000
0000
5000
fa9f
0004
0000
c000
f53f
000b
0000
f300
d00c
003f
0000
fa00
a339
00af
0000
ff20
deed
02ff
0000
af90
2222
08fa
0000
2fe1
0000
1ef2
0000
0000
0000
0000
0000
0000
0000
0000
0000
0000
0000
0000
0000
0000
0000
0000
0000
0000
5400
0000
0000
0000
8f50
0000
0000
0000
0430
0000
0000
0000
5bc6
0000
0000
0000
dffe
0000
0000
5000
fa9f
0004
0000
c000
f53f
000b
0000
f300
d00c
003f
0000
fa00
a339
00af
0000
ff20
deed
02ff
0000
af90
2222
08fa
0000
2fe1
0000
1ef2
0000
0000
0000
0000
0000
0000
0000
0000
0000
0000
0000
0000
0000
0000
0000
0000
0000
1000
7ee8
0001
0000
5000
b32b
0004
0000
0000
1661
0000
0000
0000
affc
0000
0000
2000
edbf
0001
0000
8000
f86f
0007
0000
e000
f32f
000d
0000
f500
b00a
005f
0000
fc00
b77a
00bf
0000
ff30
cddc
02ff
0000
9f90
1111
09f9
0000
2fe1
0000
1ef2
0000
0000
0000
0000
0000
0000
0000
0000
0000
0000
0000
0000
0000
0000
0000
0000
0000
3000
d8de
0006
0000
5000
a939
0001
0000
0000
1562
0000
0000
0000
bffc
0000
0000
2000
fdcf
0001
0000
8000
f86f
0007
0000
e000
f32f
000d
0000
f500
b00a
005f
0000
fc00
b77a
00bf
0000
ff30
cddc
02ff
0000
9f90
1111
09f9
0000
2fe1
0000
1ef2
0000
0000
0000
0000
0000
0000
0000
0000
0000
0000
0000
0000
0000
0000
0000
0000
0000
6000
6606
0000
0000
9000
9708
0000
0000
0000
0464
0000
0000
1000
2fff
0000
0000
6000
9f9f
0000
0000
c000
fd1f
0002
0000
f200
f70c
0009
0000
f800
d005
001e
0000
fd00
d778
008f
0000
ff40
cddd
01ef
0000
8fa0
1111
07fa
0000
1ff1
0000
1ef2
0000
0000
0000
0000
0000
0000
0000
0000
0000
0000
0000
0000
0000
0000
0000
0000
0000
0000
1661
0000
0000
0000
bbbb
0000
0000
0000
d77d
0000
0000
0000
1771
0000
0000
0000
5ab6
0000
0000
1000
effe
0000
0000
7000
f97f
0007
0000
e100
f22f
000e
0000
f700
a009
007f
0000
fe10
dccd
00ef
0000
cf70
5555
07fc
0000
2fe1
0000
1ef2
0000
0000
0000
0000
0000
0000
0000
0000
0000
0000
0000
0000
0000
0000
0000
0000
0000
0000
0000
0000
0000
0000
fff4
ffff
00ff
0000
f5fb
999f
0099
2000
f0cf
000e
0000
9000
f06f
000e
0000
e100
f01e
222e
0012
f700
f008
ffff
008f
fe00
f224
555e
0025
ff60
ffff
000f
0000
9fc0
f555
000e
0000
0df4
f000
777f
0077
06fb
f000
ffff
00ff
0000
0000
0000
0000
0000
0000
0000
0000
0000
0000
0000
0000
0000
0000
0000
0000
0000
0000
0000
0000
4000
ceeb
0006
0000
f800
c89e
00bf
0000
df40
0001
07fa
0000
5fa0
0000
0792
0000
1fd0
0000
0000
0000
0ef0
0000
0000
0000
0fe0
0000
0000
0000
4fa0
0000
0792
0000
cf40
0001
07fa
0000
f800
c89e
00bf
0000
5000
cffb
0006
0000
0000
3b70
0000
0000
0000
e820
0000
0000
0000
8ca0
0000
0000
0000
0000
0000
0000
5200
0001
0000
0000
e200
000c
0000
0000
1000
0005
0000
0000
ccc0
cccb
0000
0000
7ff0
7777
0000
0000
0ef0
0000
0000
0000
1ef0
0111
0000
0000
dff0
6ddd
0000
0000
5ef0
3555
0000
0000
0ef0
0000
0000
0000
4ef0
4444
0000
0000
eff0
eeee
0000
0000
0000
0000
0000
0000
0000
0000
0000
0000
0000
0000
0000
0000
0000
0000
0000
0000
0000
0151
0000
0000
1000
02dc
0000
0000
0000
0015
0000
0000
ccc0
cccb
0000
0000
7ff0
7777
0000
0000
0ef0
0000
0000
0000
1ef0
0111
0000
0000
dff0
6ddd
0000
0000
5ef0
3555
0000
0000
0ef0
0000
0000
0000
4ef0
4444
0000
0000
eff0
eeee
0000
0000
0000
0000
0000
0000
0000
0000
0000
0000
0000
0000
0000
0000
0000
0000
0000
0000
c300
02ce
0000
0000
8700
0680
0000
0000
6560
7667
0000
0000
dff0
dddd
0000
0000
1ef0
1111
0000
0000
0ef0
0000
0000
0000
4ef0
2444
0000
0000
eff0
7eee
0000
0000
2ef0
1222
0000
0000
0ef0
0000
0000
0000
5ef0
5555
0000
0000
eff0
eeee
0000
0000
0000
0000
0000
0000
0000
0000
0000
0000
0000
0000
0000
0000
0000
0000
0000
0000
6600
0660
0000
0000
7800
0870
0000
0000
6560
7667
0000
0000
dff0
dddd
0000
0000
1ef0
1111
0000
0000
0ef0
0000
0000
0000
4ef0
2444
0000
0000
eff0
7eee
0000
0000
2ef0
1222
0000
0000
0ef0
0000
0000
0000
5ef0
5555
0000
0000
eff0
eeee
0000
0000
0000
0000
0000
0000
0000
0000
0000
0000
0000
0000
0000
0000
0000
0000
0000
0000
0045
0000
0000
0000
04f8
0000
0000
0000
0240
0000
0000
0000
0bb0
0000
0000
0000
0ff0
0000
0000
0000
0ef0
0000
0000
0000
0ef0
0000
0000
0000
0ef0
0000
0000
0000
0ef0
0000
0000
0000
0ef0
0000
0000
0000
0ef0
0000
0000
0000
0ef0
0000
0000
0000
0000
0000
0000
0000
0000
0000
0000
0000
0000
0000
0000
0000
0000
0000
0000
0000
5400
0000
0000
0000
7f50
0000
0000
0000
0430
0000
0000
0000
0ab0
0000
0000
0000
0ff0
0000
0000
0000
0ef0
0000
0000
0000
0ef0
0000
0000
0000
0ef0
0000
0000
0000
0ef0
0000
0000
0000
0ef0
0000
0000
0000
0ef0
0000
0000
0000
0ef0
0000
0000
0000
0000
0000
0000
0000
0000
0000
0000
0000
0000
0000
0000
0000
0000
0000
0000
0000
6ee7
0001
0000
0000
b33b
0003
0000
0000
0560
0000
0000
0000
0ff0
0000
0000
0000
0ef0
0000
0000
0000
0ef0
0000
0000
0000
0ef0
0000
0000
0000
0ef0
0000
0000
0000
0ef0
0000
0000
0000
0ef0
0000
0000
0000
0ef0
0000
0000
0000
0ef0
0000
0000
0000
0000
0000
0000
0000
0000
0000
0000
0000
0000
0000
0000
0000
0000
0000
0000
0000
6066
0006
0000
0000
7099
0009
0000
0000
5600
0000
0000
0000
ff00
0000
0000
0000
ef00
0000
0000
0000
ef00
0000
0000
0000
ef00
0000
0000
0000
ef00
0000
0000
0000
ef00
0000
0000
0000
ef00
0000
0000
0000
ef00
0000
0000
0000
ef00
0000
0000
0000
0000
0000
0000
0000
0000
0000
0000
0000
0000
0000
0000
0000
0000
0000
0000
0000
0000
0000
0000
0000
ff00
beff
0005
0000
ff00
d977
009f
0000
ef00
1000
05fc
0000
ef00
0000
0bf4
0000
ff21
0122
0ef0
0000
fff6
07ff
0fe0
0000
ff52
0255
0df0
0000
ef00
0000
0af4
0000
ef00
1000
04fc
0000
ff00
e977
008f
0000
ff00
beff
0005
0000
0000
0000
0000
0000
0000
0000
0000
0000
0000
0000
0000
0000
0000
0000
0000
0000
7000
b9be
0000
0000
8000
4b76
0000
0000
2660
0000
0066
0000
dff0
0001
00ff
0000
fff0
0009
00fd
0000
aef0
005f
00fe
0000
2ef0
02ee
00fe
0000
0ef0
0bf6
00fe
0000
0ef0
7fa0
00fd
0000
0ef0
ed10
00fe
0000
0ef0
f400
00ff
0000
0ef0
8000
00ff
0000
0000
0000
0000
0000
0000
0000
0000
0000
0000
0000
0000
0000
0000
0000
0000
0000
0000
0045
0000
0000
0000
04f8
0000
0000
0000
0240
0000
0000
4000
abba
0004
0000
f900
b88c
009f
0000
9f70
0000
07f9
0000
1fd0
0000
0df1
0000
0ff0
0000
0ff0
0000
1fd0
0000
0df1
0000
7f80
0000
08f7
0000
fb10
9559
01bf
0000
7100
deed
0017
0000
0000
0000
0000
0000
0000
0000
0000
0000
0000
0000
0000
0000
0000
0000
0000
0000
0000
5400
0000
0000
0000
8f40
0000
0000
0000
0420
0000
0000
4000
abba
0004
0000
f900
b88c
009f
0000
9f70
0000
07f9
0000
1fd0
0000
0df1
0000
0ff0
0000
0ff0
0000
1fd0
0000
0df1
0000
7f80
0000
08f7
0000
fb10
9559
01bf
0000
7100
deed
0017
0000
0000
0000
0000
0000
0000
0000
0000
0000
0000
0000
0000
0000
0000
0000
0000
0000
1000
7ee7
0001
0000
4000
a33a
0003
0000
0000
3663
0001
0000
c400
fddf
004c
0000
ee30
4114
03ee
0000
5fa0
0000
0af5
0000
0fe0
0000
0ef0
0000
0ff0
0000
0ff0
0000
1fd0
0000
0df1
0000
9f70
0000
07f9
0000
fa10
a66a
01af
0000
6100
ceec
0016
0000
0000
0000
0000
0000
0000
0000
0000
0000
0000
0000
0000
0000
0000
0000
0000
0000
2000
e8de
0005
0000
4000
9939
0000
0000
0000
3563
0001
0000
c400
fddf
004b
0000
ee30
4114
03ee
0000
5fa0
0000
0af5
0000
0fe0
0000
0ef0
0000
0ff0
0000
0ff0
0000
1fd0
0000
0df1
0000
9f70
0000
07f9
0000
fa10
a66a
01af
0000
6100
ceec
0016
0000
0000
0000
0000
0000
0000
0000
0000
0000
0000
0000
0000
0000
0000
0000
0000
0000
6000
6006
0006
0000
8000
8008
0008
0000
0000
3663
0000
0000
c400
fddf
004c
0000
ee30
4114
03ee
0000
5fa0
0000
0af5
0000
0fe0
0000
0ef0
0000
0ff0
0000
0ff0
0000
1fd0
0000
0df1
0000
9f70
0000
07f9
0000
fa10
a66a
01af
0000
6100
ceec
0016
0000
0000
0000
0000
0000
0000
0000
0000
0000
0000
0000
0000
0000
0000
0000
0000
0000
0000
0000
0000
0000
0000
0000
0000
0000
0000
0000
0000
0000
0000
0000
0000
0000
1800
8000
0001
0000
cf60
fa01
0008
0000
f800
9fcd
0000
0000
8000
0aff
0000
0000
c100
2dff
0000
0000
fc10
df68
0002
0000
7f50
f600
0007
0000
0300
3000
0000
0000
0000
0000
0000
0000
0000
0000
0000
0000
0000
0000
0000
0000
0000
0000
0000
0000
0000
0000
0010
0000
5000
beeb
02e8
0000
f800
e88d
00ff
0000
cf40
a001
04ff
0000
4fa0
f500
0af7
0000
0fe0
7e10
0df0
0000
0ef0
0bb0
0fe0
0000
0fe0
02e7
0df0
0000
7fa0
005f
0af4
0000
ff40
100b
04fc
0000
ff00
d88e
008f
0000
9f20
beeb
0005
0000
0200
0000
0000
0000
0000
0000
0000
0000
0000
0000
0000
0000
0000
0000
0000
0000
2000
0015
0000
0000
3000
00be
0000
0000
0000
0063
0000
0000
0bc0
0000
00bc
0000
0ff0
0000
00ff
0000
0ef0
0000
00ef
0000
0ef0
0000
00ef
0000
0ef0
0000
00ef
0000
0ef0
0000
00ef
0000
2fe0
2000
00df
0000
df50
d646
005f
0000
b400
beee
0004
0000
0000
0000
0000
0000
0000
0000
0000
0000
0000
0000
0000
0000
0000
0000
0000
0000
0000
2510
0000
0000
0000
2dd1
0000
0000
0000
0261
0000
0000
0bc0
0000
00bc
0000
0ff0
0000
00ff
0000
0ef0
0000
00ef
0000
0ef0
0000
00ef
0000
0ef0
0000
00ef
0000
0ef0
0000
00ef
0000
2fe0
2000
00df
0000
df50
d646
005f
0000
b400
beee
0004
0000
0000
0000
0000
0000
0000
0000
0000
0000
0000
0000
0000
0000
0000
0000
0000
0000
3100
3cdc
0000
0000
9000
9919
0000
0000
0660
0000
0066
0000
0ff0
0000
00ff
0000
0ef0
0000
00ef
0000
0ef0
0000
00ef
0000
0ef0
0000
00ef
0000
0ef0
0000
00ef
0000
0ef0
0000
00ef
0000
5fd0
5000
00cf
0000
ef40
ea89
004f
0000
a300
aefe
0003
0000
0000
0000
0000
0000
0000
0000
0000
0000
0000
0000
0000
0000
0000
0000
0000
0000
6000
6606
0000
0000
9000
9909
0000
0000
0660
0000
0066
0000
0ff0
0000
00ff
0000
0ff0
0000
00ef
0000
0ff0
0000
00ef
0000
0ff0
0000
00ef
0000
0ff0
0000
00ef
0000
0ff0
0000
00ef
0000
4fd0
3000
00cf
0000
ef40
e757
004f
0000
b300
aeee
0003
0000
0000
0000
0000
0000
0000
0000
0000
0000
0000
0000
0000
0000
0000
0000
0000
0000
0000
0440
0000
0000
0000
07f5
0000
0000
0000
0054
0000
0000
07c9
8000
007c
0000
3ff3
f400
002e
0000
cf50
fd10
0004
0000
f900
7f98
0000
0000
c000
0bff
0000
0000
2000
01ff
0000
0000
0000
00ef
0000
0000
0000
00ef
0000
0000
0000
00ef
0000
0000
0000
0000
0000
0000
0000
0000
0000
0000
0000
0000
0000
0000
0000
0000
0000
0000
0000
0000
0000
0000
0ef0
0000
0000
0000
0ef0
0000
0000
0000
8ff0
0478
0000
0000
fff0
dfff
0002
0000
0ef0
f820
000b
0000
0ef0
f100
000d
0000
2ff0
f942
000a
0000
fff0
bfff
0001
0000
5ff0
0245
0000
0000
0ef0
0000
0000
0000
0ef0
0000
0000
0000
0000
0000
0000
0000
0000
0000
0000
0000
0000
0000
0000
0000
0000
0000
0000
0000
0000
0000
0000
0000
d800
07df
0000
0000
cf90
9fc8
0000
0000
1fe0
ef10
0000
0000
0ef0
ef00
0000
0000
0ef0
7f82
0000
0000
0ef0
4dfe
0000
0000
0ef0
fc64
0006
0000
0ef0
f200
000d
0000
0ef0
f200
000d
0000
0ef0
fd87
0008
0000
0ef0
7dfe
0000
0000
0000
0000
0000
0000
0000
0000
0000
0000
0000
0000
0000
0000
0000
0000
0000
0000
2100
0001
0000
0000
e100
000a
0000
0000
5000
002f
0000
0000
0000
0000
0000
0000
c600
19de
0000
0000
df70
afa8
0000
0000
1520
fd00
0000
0000
7300
ffca
0000
0000
cf80
fe57
0000
0000
0ff0
ff20
0000
0000
afd0
fed8
0000
0000
eb20
fd5d
0000
0000
0000
0000
0000
0000
0000
0000
0000
0000
0000
0000
0000
0000
0000
0000
0000
0000
0000
0220
0000
0000
0000
05f5
0000
0000
0000
00ac
0000
0000
0000
0000
0000
0000
c600
19de
0000
0000
df70
afa8
0000
0000
1520
fd00
0000
0000
7300
ffca
0000
0000
cf80
fe57
0000
0000
0ff0
ff20
0000
0000
afd0
fed8
0000
0000
eb20
fd5d
0000
0000
0000
0000
0000
0000
0000
0000
0000
0000
0000
0000
0000
0000
0000
0000
0000
0000
0000
0000
0000
0000
8000
01cf
0000
0000
e900
1cb3
0000
0000
0000
0000
0000
0000
c600
19de
0000
0000
df70
afa8
0000
0000
1520
fd00
0000
0000
7300
ffca
0000
0000
cf80
fe57
0000
0000
0ff0
ff20
0000
0000
afd0
fed8
0000
0000
eb20
fd5d
0000
0000
0000
0000
0000
0000
0000
0000
0000
0000
0000
0000
0000
0000
0000
0000
0000
0000
0000
0000
0000
0000
f400
0e7b
0000
0000
a900
08f8
0000
0000
0000
0000
0000
0000
c600
19de
0000
0000
df70
afa8
0000
0000
1520
fd00
0000
0000
7300
ffca
0000
0000
cf80
fe57
0000
0000
0ff0
ff20
0000
0000
afd0
fed8
0000
0000
eb20
fd5d
0000
0000
0000
0000
0000
0000
0000
0000
0000
0000
0000
0000
0000
0000
0000
0000
0000
0000
5400
0540
0000
0000
cb00
0cb0
0000
0000
0000
0000
0000
0000
0000
0000
0000
0000
c600
19de
0000
0000
df70
afa8
0000
0000
1520
fd00
0000
0000
7300
ffca
0000
0000
cf80
fe57
0000
0000
0ff0
ff20
0000
0000
afd0
fed8
0000
0000
eb20
fd5d
0000
0000
0000
0000
0000
0000
0000
0000
0000
0000
0000
0000
0000
0000
0000
0000
0000
0000
1000
0166
0000
0000
c000
0cee
0000
0000
d000
0dbb
0000
0000
2000
0299
0000
0000
4100
0244
0000
0000
fb30
5dff
0000
0000
7b50
ed22
0000
0000
3100
fd75
0000
0000
cc50
ff8a
0000
0000
3fe0
ff11
0000
0000
9fd0
fec7
0000
0000
eb30
fc6d
0000
0000
0000
0000
0000
0000
0000
0000
0000
0000
0000
0000
0000
0000
0000
0000
0000
0000
0000
0000
0000
0000
0000
0000
0000
0000
0000
0000
0000
0000
0000
0000
0000
0000
c600
3aee
aee9
0002
df70
fe98
e99f
000c
1200
f922
822a
005f
fa10
ffff
ffff
007f
afc0
fb56
5559
0025
0ff0
f900
3008
0027
bfc0
ffb8
e8af
002e
ea20
15ce
bfd9
0003
0000
0000
0000
0000
0000
0000
0000
0000
0000
0000
0000
0000
0000
0000
0000
0000
0000
0000
0000
0000
0000
0000
0000
0000
0000
0000
0000
0000
0000
0000
0000
0000
c400
19ee
0000
0000
ef40
cfa8
0000
0000
5fb0
9800
0001
0000
0fe0
0000
0000
0000
0fe0
0000
0000
0000
5fb0
a900
0001
0000
ef40
cfa8
0000
0000
c400
19ff
0000
0000
0000
018a
0000
0000
0000
07a3
0000
0000
1000
03cc
0000
0000
0000
0000
0000
0000
2100
0002
0000
0000
c000
001e
0000
0000
2000
007e
0000
0000
0000
0000
0000
0000
b300
3bee
0000
0000
ef30
fe98
0003
0000
6fb0
f622
000b
0000
fff0
ffff
000e
0000
5ff0
5555
0005
0000
4fb0
6200
0003
0000
ef30
fd89
0007
0000
b300
6cfe
0000
0000
0000
0000
0000
0000
0000
0000
0000
0000
0000
0000
0000
0000
0000
0000
0000
0000
0000
0220
0000
0000
0000
0be1
0000
0000
0000
01e8
0000
0000
0000
0000
0000
0000
b300
3bee
0000
0000
ef30
fe98
0003
0000
6fb0
f622
000b
0000
fff0
ffff
000e
0000
5ff0
5555
0005
0000
4fb0
6200
0003
0000
ef30
fd89
0007
0000
b300
6cfe
0000
0000
0000
0000
0000
0000
0000
0000
0000
0000
0000
0000
0000
0000
0000
0000
0000
0000
0000
0000
0000
0000
6000
05ff
0000
0000
f700
5f65
0000
0000
0000
0000
0000
0000
b300
3bee
0000
0000
ef30
fe98
0003
0000
6fb0
f622
000b
0000
fff0
ffff
000e
0000
5ff0
5555
0005
0000
4fb0
6200
0003
0000
ef30
fd89
0007
0000
b300
6cfe
0000
0000
0000
0000
0000
0000
0000
0000
0000
0000
0000
0000
0000
0000
0000
0000
0000
0000
5400
0540
0000
0000
cb00
0cb0
0000
0000
0000
0000
0000
0000
0000
0000
0000
0000
b300
3bee
0000
0000
ef30
fe98
0003
0000
6fb0
f622
000b
0000
fff0
ffff
000e
0000
5ff0
5555
0005
0000
4fb0
6200
0003
0000
ef40
fd89
0006
0000
b300
4cfe
0000
0000
0000
0000
0000
0000
0000
0000
0000
0000
0000
0000
0000
0000
0000
0000
0000
0000
0022
0000
0000
0000
01eb
0000
0000
0000
07e2
0000
0000
0000
0000
0000
0000
0000
0ef0
0000
0000
0000
0ef0
0000
0000
0000
0ef0
0000
0000
0000
0ef0
0000
0000
0000
0ef0
0000
0000
0000
0ef0
0000
0000
0000
0ef0
0000
0000
0000
0ef0
0000
0000
0000
0000
0000
0000
0000
0000
0000
0000
0000
0000
0000
0000
0000
0000
0000
0000
0000
2200
0000
0000
0000
ae10
0000
0000
0000
1e80
0000
0000
0000
0000
0000
0000
0000
0ef0
0000
0000
0000
0ef0
0000
0000
0000
0ef0
0000
0000
0000
0ef0
0000
0000
0000
0ef0
0000
0000
0000
0ef0
0000
0000
0000
0ef0
0000
0000
0000
0ef0
0000
0000
0000
0000
0000
0000
0000
0000
0000
0000
0000
0000
0000
0000
0000
0000
0000
0000
0000
0000
0000
0000
0000
4ef5
0000
0000
0000
f76f
0004
0000
0000
0000
0000
0000
0000
0ef0
0000
0000
0000
0ef0
0000
0000
0000
0ef0
0000
0000
0000
0ef0
0000
0000
0000
0ef0
0000
0000
0000
0ef0
0000
0000
0000
0ef0
0000
0000
0000
0ef0
0000
0000
0000
0000
0000
0000
0000
0000
0000
0000
0000
0000
0000
0000
0000
0000
0000
0000
0000
5405
0000
0000
0000
cb0c
0000
0000
0000
0000
0000
0000
0000
0000
0000
0000
0000
0ef0
0000
0000
0000
0ef0
0000
0000
0000
0ef0
0000
0000
0000
0ef0
0000
0000
0000
0ef0
0000
0000
0000
0ef0
0000
0000
0000
0ef0
0000
0000
0000
0ef0
0000
0000
0000
0000
0000
0000
0000
0000
0000
0000
0000
0000
0000
0000
0000
0000
0000
0000
0000
0000
0000
0000
0000
a400
4404
0000
0000
b200
3cff
0000
0000
d400
2dff
0000
0000
3300
cf41
0000
0000
e800
fbdf
0006
0000
df70
fd66
000b
0000
3fd0
f400
000d
0000
0ff0
f100
000d
0000
4fc0
f500
000a
0000
ef50
fe98
0003
0000
b400
3bee
0000
0000
0000
0000
0000
0000
0000
0000
0000
0000
0000
0000
0000
0000
0000
0000
0000
0000
0000
0000
0000
0000
f600
0b8a
0000
0000
8b00
05fa
0000
0000
0000
0000
0000
0000
7ef0
1bfd
0000
0000
dff0
afc8
0000
0000
2ff0
ef10
0000
0000
0ef0
fe00
0000
0000
0ef0
fe00
0000
0000
0ef0
fe00
0000
0000
0ef0
fe00
0000
0000
0ef0
fe00
0000
0000
0000
0000
0000
0000
0000
0000
0000
0000
0000
0000
0000
0000
0000
0000
0000
0000
2000
0002
0000
0000
c000
001e
0000
0000
2000
007e
0000
0000
0000
0000
0000
0000
b400
3bee
0000
0000
ef30
ef99
0003
0000
5fb0
f600
000a
0000
0fe0
f100
000d
0000
0fe0
f100
000d
0000
5fb0
f600
000a
0000
ef40
ef98
0003
0000
b400
3bee
0000
0000
0000
0000
0000
0000
0000
0000
0000
0000
0000
0000
0000
0000
0000
0000
0000
0000
0000
0220
0000
0000
0000
0ae1
0000
0000
0000
01e8
0000
0000
0000
0000
0000
0000
b400
3bee
0000
0000
ef30
ef99
0003
0000
5fb0
f600
000a
0000
0fe0
f100
000d
0000
0fe0
f100
000d
0000
5fb0
f600
000a
0000
ef40
ef98
0003
0000
b400
3bee
0000
0000
0000
0000
0000
0000
0000
0000
0000
0000
0000
0000
0000
0000
0000
0000
0000
0000
0000
0000
0000
0000
5000
04ef
0000
0000
f600
4f65
0000
0000
0000
0000
0000
0000
b400
3bee
0000
0000
ef30
ef99
0003
0000
5fb0
f600
000a
0000
0fe0
f100
000d
0000
0fe0
f100
000d
0000
5fb0
f600
000a
0000
ef40
ef98
0003
0000
b400
3bee
0000
0000
0000
0000
0000
0000
0000
0000
0000
0000
0000
0000
0000
0000
0000
0000
0000
0000
0000
0000
0000
0000
e200
5d6d
0000
0000
c700
1de6
0000
0000
0000
0000
0000
0000
b400
3bee
0000
0000
ef30
ef99
0003
0000
5fb0
f600
000a
0000
0fe0
f100
000d
0000
0fe0
f100
000d
0000
5fb0
f600
000a
0000
ef40
ef98
0003
0000
b400
3bee
0000
0000
0000
0000
0000
0000
0000
0000
0000
0000
0000
0000
0000
0000
0000
0000
0000
0000
5400
5400
0000
0000
cb00
cb00
0000
0000
0000
0000
0000
0000
0000
0000
0000
0000
b400
3bee
0000
0000
ef30
ef99
0003
0000
5fb0
f600
000a
0000
0fe0
f100
000d
0000
0fe0
f100
000d
0000
5fb0
f600
000a
0000
ef40
ef98
0003
0000
b400
3bee
0000
0000
0000
0000
0000
0000
0000
0000
0000
0000
0000
0000
0000
0000
0000
0000
0000
0000
0000
0000
0000
0000
0000
0000
0000
0000
0000
0000
0000
0000
0000
0000
0000
0000
0000
00ba
0000
0000
0000
00dc
0000
0000
2220
2233
0000
0000
fff0
ffff
0000
0000
5550
5555
0000
0000
0000
0011
0000
0000
0000
00dc
0000
0000
0000
00ba
0000
0000
0000
0000
0000
0000
0000
0000
0000
0000
0000
0000
0000
0000
0000
0000
0000
0000
0000
0000
0000
0000
0000
0000
0000
0000
0000
0000
0000
0000
0000
0000
0001
0000
b400
abee
000b
0000
ef30
ff99
0004
0000
5fb0
ff40
000a
0000
0fe0
f5e3
000d
0000
3fe0
f14e
000d
0000
ffb0
f606
000a
0000
ff50
ef98
0003
0000
bca0
3bee
0000
0000
0020
0000
0000
0000
0000
0000
0000
0000
0000
0000
0000
0000
0000
0000
0000
0000
2100
0001
0000
0000
f200
0008
0000
0000
7000
000e
0000
0000
0000
0000
0000
0000
0ef0
fe00
0000
0000
0ef0
fe00
0000
0000
0ef0
fe00
0000
0000
0ef0
fe00
0000
0000
0ef0
fe00
0000
0000
1fe0
ff20
0000
0000
cfb0
ffc8
0000
0000
fb20
fe4d
0000
0000
0000
0000
0000
0000
0000
0000
0000
0000
0000
0000
0000
0000
0000
0000
0000
0000
0000
0121
0000
0000
0000
02e8
0000
0000
0000
007e
0000
0000
0000
0000
0000
0000
0ef0
fe00
0000
0000
0ef0
fe00
0000
0000
0ef0
fe00
0000
0000
0ef0
fe00
0000
0000
0ef0
fe00
0000
0000
1fe0
ff20
0000
0000
cfb0
ffc8
0000
0000
fb20
fe4d
0000
0000
0000
0000
0000
0000
0000
0000
0000
0000
0000
0000
0000
0000
0000
0000
0000
0000
0000
0000
0000
0000
a000
00af
0000
0000
da00
0ad2
0000
0000
0000
0000
0000
0000
0ef0
fe00
0000
0000
0ef0
fe00
0000
0000
0ef0
fe00
0000
0000
0ef0
fe00
0000
0000
0ef0
fe00
0000
0000
2fe0
ff30
0000
0000
dfb0
ffd9
0000
0000
fb20
fe4d
0000
0000
0000
0000
0000
0000
0000
0000
0000
0000
0000
0000
0000
0000
0000
0000
0000
0000
4500
0540
0000
0000
bc00
0cb0
0000
0000
0000
0000
0000
0000
0000
0000
0000
0000
0ef0
fe00
0000
0000
0ef0
fe00
0000
0000
0ef0
fe00
0000
0000
0ef0
fe00
0000
0000
0ef0
fe00
0000
0000
1fe0
ff20
0000
0000
cfb0
ffc8
0000
0000
fb20
fe4d
0000
0000
0000
0000
0000
0000
0000
0000
0000
0000
0000
0000
0000
0000
0000
0000
0000
0000
0000
0121
0000
0000
0000
02e9
0000
0000
1000
007f
0000
0000
0000
0000
0000
0000
07f8
fa00
0005
0000
0df2
ee10
0000
0000
3fb0
9f60
0000
0000
8f50
3fb0
0000
0000
de10
0cf1
0000
0000
f900
06f8
0000
0000
f300
01ef
0000
0000
c000
009f
0000
0000
c000
003f
0000
0000
fa60
000b
0000
0000
aed0
0001
0000
0000
0000
0000
0000
0000
0000
0000
0000
0000
0ef0
0000
0000
0000
0ef0
0000
0000
0000
0ef0
0000
0000
0000
4ef0
5cfd
0000
0000
dff0
fe99
0004
0000
5ff0
f600
000b
0000
1ff0
f100
000d
0000
1ff0
f100
000d
0000
5ff0
f600
000b
0000
eff0
ff99
0004
0000
5ef0
4ced
0000
0000
0ef0
0000
0000
0000
0ef0
0000
0000
0000
0ef0
0000
0000
0000
0000
0000
0000
0000
4500
0540
0000
0000
bc00
0cb0
0000
0000
0000
0000
0000
0000
0000
0000
0000
0000
0af5
fa00
0005
0000
0ee0
ef10
0000
0000
5f90
8f50
0000
0000
af30
3fb0
0000
0000
ec00
0cf1
0000
0000
f700
06f8
0000
0000
f100
01ff
0000
0000
b000
00af
0000
0000
a000
004f
0000
0000
f950
000c
0000
0000
beb0
0002
0000
0000
0000
0000
0000
0000
0000
9999
0000
0000
0000
baab
0000
0000
0000
0551
0000
0000
0000
9ffa
0000
0000
1000
ecbe
0001
0000
7000
f76f
0006
0000
d000
f22f
000d
0000
f400
a00a
004f
0000
fb00
b77a
00bf
0000
ff20
cddc
02ff
0000
9f90
1111
09f9
0000
2fe1
0000
1ef2
0000
0000
0000
0000
0000
0000
0000
0000
0000
0000
0000
0000
0000
0000
0000
0000
0000
0000
0000
0000
0000
f000
0fff
0000
0000
7000
0777
0000
0000
0000
0000
0000
0000
c500
19ee
0000
0000
df60
afa8
0000
0000
2520
fc00
0000
0000
7300
ffca
0000
0000
cf80
fe57
0000
0000
1ff0
ff20
0000
0000
bfd0
fed8
0000
0000
eb20
fd5d
0000
0000
0000
0000
0000
0000
0000
0000
0000
0000
0000
0000
0000
0000
0000
0000
0000
0000
5000
caac
0004
0000
0000
6996
0000
0000
0000
2552
0000
0000
0000
affc
0000
0000
2000
fdbf
0001
0000
8000
f86f
0007
0000
e000
f32f
000d
0000
f500
b00a
005f
0000
fc00
b77a
00bf
0000
ff30
cddc
02ff
0000
9f90
1111
09f9
0000
2fe1
0000
1ef2
0000
0000
0000
0000
0000
0000
0000
0000
0000
0000
0000
0000
0000
0000
0000
0000
0000
3300
0510
0000
0000
e700
0cc8
0000
0000
9000
02cf
0000
0000
0000
0000
0000
0000
c500
19de
0000
0000
df60
afa8
0000
0000
1520
fd00
0000
0000
7300
ffca
0000
0000
df80
fe68
0000
0000
1ff0
ff10
0000
0000
9fd0
ffc6
0000
0000
eb20
fd5d
0000
0000
0000
0000
0000
0000
0000
0000
0000
0000
0000
0000
0000
0000
0000
0000
0000
0000
0000
0000
0000
0000
0000
5ff9
0000
0000
0000
affe
0000
0000
4000
fd9f
0001
0000
9000
f85f
0006
0000
e000
f41f
000c
0000
f500
e00b
002f
0000
fa00
9006
007f
0000
fe10
ffff
00df
0000
ff50
8888
03ff
0000
6fa0
0000
0ff7
0000
1ff1
0000
0ff9
0000
0000
0000
00fe
0000
0000
0000
14fe
0000
0000
0000
6ff8
0000
0000
0000
0430
0000
0000
0000
0000
0000
0000
0000
0000
0000
0000
0000
0000
0000
0000
0000
0000
0000
c600
19de
0000
0000
df70
afa8
0000
0000
1520
fd00
0000
0000
7300
ffca
0000
0000
cf80
fe57
0000
0000
0ff0
ff20
0000
0000
afd0
ffd8
0000
0000
eb20
ffdd
0000
0000
0000
0fe0
0000
0000
0000
4fe0
0000
0000
0000
ff90
0004
0000
0000
3400
0000
0000
0000
5400
0000
0000
0000
7f50
0000
0000
0000
0430
0000
0000
4000
aaba
0004
0000
f900
c88c
009f
0000
9f70
0000
04ea
0000
1fd0
0000
0231
0000
0ff0
0000
0000
0000
1fd0
0000
0110
0000
7f80
0000
05d8
0000
fb10
9559
01bf
0000
7100
deed
0016
0000
0000
0000
0000
0000
0000
0000
0000
0000
0000
0000
0000
0000
0000
0000
0000
0000
0000
0220
0000
0000
0000
09f2
0000
0000
0000
01d9
0000
0000
0000
0000
0000
0000
b400
2aee
0000
0000
ef40
ef98
0001
0000
5fb0
a600
0003
0000
0fe0
0000
0000
0000
0fe0
0000
0000
0000
5fb0
a600
0003
0000
ef40
ef98
0001
0000
b400
2aee
0000
0000
0000
0000
0000
0000
0000
0000
0000
0000
0000
0000
0000
0000
0000
0000
0000
0000
1000
7ee7
0001
0000
4000
a32a
0003
0000
0000
3663
0000
0000
c400
fddf
004b
0000
ee30
4114
02ef
0000
5fa0
0000
04a5
0000
0fe0
0000
0000
0000
0ff0
0000
0000
0000
1fd0
0000
0231
0000
9f70
0000
05ea
0000
fa10
a66a
01af
0000
6100
deed
0006
0000
0000
0000
0000
0000
0000
0000
0000
0000
0000
0000
0000
0000
0000
0000
0000
0000
0000
0000
0000
0000
6000
03ef
0000
0000
f600
3e85
0000
0000
0000
0000
0000
0000
b400
2aee
0000
0000
ef40
ef98
0001
0000
5fb0
a600
0003
0000
0fe0
0000
0000
0000
0fe0
0000
0000
0000
5fb0
a600
0003
0000
ef40
ef98
0001
0000
b400
2aee
0000
0000
0000
0000
0000
0000
0000
0000
0000
0000
0000
0000
0000
0000
0000
0000
0000
0000
0000
0660
0000
0000
0000
0870
0000
0000
1000
4554
0001
0000
c400
fddf
003b
0000
ee30
5114
02ef
0000
5fa0
0000
04a6
0000
0fe0
0000
0000
0000
0ff0
0000
0000
0000
1fd0
0000
0231
0000
9f70
0000
04ea
0000
fb10
b66a
009f
0000
7100
ceed
0005
0000
0000
0000
0000
0000
0000
0000
0000
0000
0000
0000
0000
0000
0000
0000
0000
0000
0000
0045
0000
0000
0000
00bc
0000
0000
0000
0000
0000
0000
0000
0000
0000
0000
b400
2aee
0000
0000
ef40
df98
0000
0000
5fb0
9700
0002
0000
0fe0
0000
0000
0000
0fe0
0000
0000
0000
5fb0
a700
0002
0000
ef40
df98
0000
0000
b400
2aee
0000
0000
0000
0000
0000
0000
0000
0000
0000
0000
0000
0000
0000
0000
0000
0000
0000
0000
2000
4004
0001
0000
3000
ccbc
0003
0000
0000
0550
0000
0000
4000
abaa
0003
0000
f900
c88c
007f
0000
9f70
0000
05fd
0000
1fd0
0000
0363
0000
0ff0
0000
0000
0000
1fd0
0000
0110
0000
8f80
0000
05c8
0000
fb10
a77a
01bf
0000
7100
dffd
0017
0000
0000
0000
0000
0000
0000
0000
0000
0000
0000
0000
0000
0000
0000
0000
0000
0000
0000
0000
0000
0000
f500
4e75
0000
0000
6000
03ef
0000
0000
0000
0000
0000
0000
b400
2aee
0000
0000
ef40
ef98
0001
0000
5fb0
a600
0003
0000
0fe0
0000
0000
0000
0fe0
0000
0000
0000
5fb0
a600
0003
0000
ef40
ef98
0001
0000
b400
2aee
0000
0000
0000
0000
0000
0000
0000
0000
0000
0000
0000
0000
0000
0000
0000
0000
0000
0000
cb10
09e5
0000
0000
8000
006a
0000
0000
6660
1455
0000
0000
dff0
cfdd
0004
0000
1ef0
e421
003e
0000
0ef0
5000
00af
0000
0ef0
0000
00ef
0000
0ef0
0000
00ff
0000
0ef0
1000
00df
0000
0ef0
9000
007f
0000
5ff0
fa65
001a
0000
eff0
6cee
0001
0000
0000
0000
0000
0000
0000
0000
0000
0000
0000
0000
0000
0000
0000
0000
0000
0000
0000
0000
0000
0000
0000
f000
0f8e
0000
0000
f000
0d8e
0000
0000
f000
096e
0000
c500
f4df
000e
0000
ef50
fe99
000e
0000
5fc0
f600
000e
0000
1fe0
f100
000e
0000
1fe0
f100
000e
0000
5fc0
f600
000e
0000
ef50
fe99
000e
0000
c500
e4ce
000e
0000
0000
0000
0000
0000
0000
0000
0000
0000
0000
0000
0000
0000
0000
0000
0000
0000
0000
0000
0000
0000
ff00
beff
0005
0000
ff00
d977
009f
0000
ef00
1000
05fc
0000
ef00
0000
0bf4
0000
ff21
0122
0ef0
0000
fff6
07ff
0fe0
0000
ff52
0255
0df0
0000
ef00
0000
0af4
0000
ef00
1000
04fc
0000
ff00
e977
008f
0000
ff00
beff
0005
0000
0000
0000
0000
0000
0000
0000
0000
0000
0000
0000
0000
0000
0000
0000
0000
0000
0000
0000
0000
0000
0000
f000
000e
0000
0000
fff4
00ef
0000
0000
f331
002f
0000
c500
f4df
000e
0000
ef50
fe99
000e
0000
5fc0
f600
000e
0000
1fe0
f100
000e
0000
1fe0
f100
000e
0000
5fc0
f600
000e
0000
ef50
fe99
000e
0000
c500
e4ce
000e
0000
0000
0000
0000
0000
0000
0000
0000
0000
0000
0000
0000
0000
0000
0000
0000
0000
9000
0999
0000
0000
a000
0aaa
0000
0000
5660
7555
0000
0000
dff0
dddd
0000
0000
1ff0
1111
0000
0000
0ff0
0000
0000
0000
4ff0
2444
0000
0000
eff0
7eee
0000
0000
2ff0
1222
0000
0000
0ff0
0000
0000
0000
5ff0
5555
0000
0000
eff0
eeee
0000
0000
0000
0000
0000
0000
0000
0000
0000
0000
0000
0000
0000
0000
0000
0000
0000
0000
0000
0000
0000
0000
f000
0fff
0000
0000
7000
0777
0000
0000
0000
0000
0000
0000
b300
3bee
0000
0000
ef30
fe99
0003
0000
7fb0
f622
000b
0000
ffe0
ffff
000e
0000
5fe0
5555
0005
0000
5fb0
6200
0003
0000
ff30
fd89
0006
0000
b300
6cfe
0000
0000
0000
0000
0000
0000
0000
0000
0000
0000
0000
0000
0000
0000
0000
0000
0000
0000
b900
0bba
0000
0000
7000
0189
0000
0000
6660
7765
0000
0000
dff0
dddd
0000
0000
1ef0
1111
0000
0000
0ef0
0000
0000
0000
4ef0
2444
0000
0000
eff0
7eee
0000
0000
2ef0
1222
0000
0000
0ef0
0000
0000
0000
5ef0
5555
0000
0000
eff0
eeee
0000
0000
0000
0000
0000
0000
0000
0000
0000
0000
0000
0000
0000
0000
0000
0000
0000
0000
4300
2400
0000
0000
f500
4f99
0000
0000
7000
06ee
0000
0000
0000
0000
0000
0000
b300
4bee
0000
0000
ef30
fe98
0003
0000
4fb0
f400
000b
0000
fff0
ffff
000e
0000
3ff0
3333
0003
0000
4fb0
7200
0003
0000
ef30
fd89
0006
0000
b300
6cfe
0000
0000
0000
0000
0000
0000
0000
0000
0000
0000
0000
0000
0000
0000
0000
0000
0000
0000
0000
0066
0000
0000
0000
0087
0000
0000
7660
7766
0000
0000
dff0
dddd
0000
0000
1ef0
1111
0000
0000
0ef0
0000
0000
0000
4ef0
2444
0000
0000
eff0
7eee
0000
0000
2ef0
1222
0000
0000
0ef0
0000
0000
0000
5ef0
5555
0000
0000
eff0
eeee
0000
0000
0000
0000
0000
0000
0000
0000
0000
0000
0000
0000
0000
0000
0000
0000
0000
0000
0000
0045
0000
0000
0000
00bc
0000
0000
0000
0000
0000
0000
0000
0000
0000
0000
b300
3bee
0000
0000
ef30
fe98
0003
0000
6fb0
f622
000b
0000
fff0
ffff
000e
0000
5ff0
5555
0005
0000
4fb0
6200
0003
0000
ef30
fd89
0007
0000
b300
6cfe
0000
0000
0000
0000
0000
0000
0000
0000
0000
0000
0000
0000
0000
0000
0000
0000
0000
0000
0000
0000
0000
0000
fff0
ffff
0000
0000
7ff0
7777
0000
0000
0ef0
0000
0000
0000
0ef0
0000
0000
0000
2ef0
1222
0000
0000
fff0
8fff
0000
0000
5ef0
2555
0000
0000
0ef0
0000
0000
0000
0ef0
0000
0000
0000
7ff0
7777
0000
0000
fff0
ffff
0000
0000
0000
7f50
0000
0000
0000
4fd0
0000
0000
0000
ffa0
0004
0000
0000
4400
0000
0000
0000
0000
0000
0000
0000
0000
0000
0000
0000
0000
0000
0000
0000
0000
0000
0000
b300
3bee
0000
0000
ef30
fe98
0003
0000
6fb0
f622
000b
0000
fff0
ffff
000e
0000
5ff0
5555
0005
0000
4fb0
6200
0003
0000
ef30
fd89
000d
0000
b300
fffe
0001
0000
0000
6f50
0000
0000
0000
5fa0
0001
0000
0000
ff70
0009
0000
0000
4300
0001
0000
d910
09e5
0000
0000
6000
006a
0000
0000
6660
7765
0000
0000
dff0
dddd
0000
0000
1ef0
1111
0000
0000
0ef0
0000
0000
0000
4ef0
2444
0000
0000
eff0
7eee
0000
0000
2ef0
1222
0000
0000
0ef0
0000
0000
0000
5ef0
5555
0000
0000
eff0
eeee
0000
0000
0000
0000
0000
0000
0000
0000
0000
0000
0000
0000
0000
0000
0000
0000
0000
0000
0000
0000
0000
0000
f600
6f65
0000
0000
6000
05ff
0000
0000
0000
0000
0000
0000
b300
4bee
0000
0000
ef30
fe98
0003
0000
4fb0
f400
000b
0000
fff0
ffff
000e
0000
3ff0
3333
0003
0000
4fb0
7200
0003
0000
ef30
fd89
0006
0000
b300
6cfe
0000
0000
0000
0000
0000
0000
0000
0000
0000
0000
0000
0000
0000
0000
0000
0000
0000
0000
1000
8ee7
0001
0000
4000
a23a
0005
0000
0000
3662
0001
0000
b400
fddf
005c
0000
fe20
4115
05fe
0000
5fa0
0000
09c5
0000
0fe0
0000
0000
0000
0ff0
6400
0567
0000
2fd0
d800
0ffc
0000
9f70
0000
0bf4
0000
fa10
856b
03ed
0000
6100
deec
003a
0000
0000
0000
0000
0000
0000
0000
0000
0000
0000
0000
0000
0000
0000
0000
0000
0000
0000
0000
0000
0000
6000
05ff
0000
0000
f600
5f66
0000
0000
0000
0000
0000
0000
c500
f3cf
000e
0000
ef40
fd99
000e
0000
5fb0
f600
000e
0000
1fe0
f100
000e
0000
0fe0
f100
000e
0000
5fc0
f600
000e
0000
ef50
fd99
000e
0000
d600
f3cf
000e
0000
0300
f200
000d
0000
cf60
fd88
0007
0000
c600
6cef
0000
0000
0000
0000
0000
0000
3000
6117
0003
0000
2000
dddd
0003
0000
0000
1551
0000
0000
4000
aba9
0005
0000
f900
b88c
01bf
0000
9f60
0000
09f9
0000
1fd0
0000
0340
0000
0ff0
2200
0112
0000
1fd0
e900
0efd
0000
9f80
1000
0cf5
0000
fb10
877b
04fd
0000
6100
efed
003a
0000
0000
0000
0000
0000
0000
0000
0000
0000
0000
0000
0000
0000
0000
0000
0000
0000
4200
2400
0000
0000
f500
4f99
0000
0000
7000
06ee
0000
0000
0000
0000
0000
0000
c500
f3cf
000e
0000
ef40
fd99
000e
0000
5fb0
f600
000e
0000
1fe0
f100
000e
0000
0fe0
f100
000e
0000
5fc0
f500
000e
0000
ef50
fe88
000e
0000
d600
f5df
000e
0000
0300
f100
000d
0000
cf60
fd88
0007
0000
c600
6cef
0000
0000
0000
0000
0000
0000
0000
0660
0000
0000
0000
0780
0000
0000
1000
5554
0001
0000
b400
fddf
005c
0000
fe20
4115
05fe
0000
5fa0
0000
09c5
0000
0fe0
0000
0000
0000
0ff0
6500
0567
0000
2fd0
da00
0ffc
0000
9f70
0000
0bf4
0000
fa10
856b
03ed
0000
6100
deec
003a
0000
0000
0000
0000
0000
0000
0000
0000
0000
0000
0000
0000
0000
0000
0000
0000
0000
0000
0045
0000
0000
0000
00bc
0000
0000
0000
0000
0000
0000
0000
0000
0000
0000
c500
f3cf
000e
0000
ef40
fd99
000e
0000
5fb0
f600
000e
0000
1fe0
f100
000e
0000
0fe0
f100
000e
0000
5fc0
f600
000e
0000
ef60
fd99
000e
0000
d600
f3cf
000e
0000
0300
f200
000d
0000
cf60
fd88
0007
0000
c600
6cef
0000
0000
0000
0000
0000
0000
0000
0000
0000
0000
4000
cfeb
0006
0000
f800
d89e
00af
0000
df40
1001
06fc
0000
4fa0
0000
09c4
0000
0fd0
0000
0000
0000
0ef0
2100
0222
0000
1fe0
f900
0eff
0000
5fa0
5300
0df5
0000
df40
0001
09f7
0000
f800
b89e
02df
0000
4000
dfeb
0018
0000
0000
0000
0000
0000
0000
0cf1
0000
0000
0000
06f4
0000
0000
0000
01c6
0000
0000
0000
0010
0000
0000
0000
03f6
0000
0000
0000
00ff
0000
0000
0000
0099
0000
0000
4100
5034
0005
0000
fa10
f9df
000f
0000
af80
fb33
000e
0000
2fe0
f200
000e
0000
0ff0
f100
000e
0000
4fd0
f400
000e
0000
df60
fd77
000e
0000
d700
f4df
000e
0000
0300
f200
000d
0000
cf60
fd88
0007
0000
c600
6cef
0000
0000
0000
0000
0000
0000
3000
3cdc
0000
0000
9000
9919
0000
0000
0660
0000
0066
0000
0ff0
0000
00ff
0000
0ef0
0000
00fe
0000
0ef0
0000
00fe
0000
2ef0
2222
00fe
0000
fff0
ffff
00ff
0000
4ef0
4444
00fe
0000
0ef0
0000
00fe
0000
0ef0
0000
00fe
0000
0ef0
0000
00fe
0000
0000
0000
0000
0000
0000
0000
0000
0000
0000
0000
0000
0000
0000
0000
0000
0000
6ee8
0001
0000
0000
b32b
0002
0000
0000
0560
0000
0000
0000
0ff0
0000
0000
0000
0ef0
0000
0000
0000
5ef0
19db
0000
0000
bff0
bfc8
0000
0000
1ff0
ff00
0000
0000
0ef0
fe00
0000
0000
0ef0
fe00
0000
0000
0ef0
fe00
0000
0000
0ef0
fe00
0000
0000
0000
0000
0000
0000
0000
0000
0000
0000
0000
0000
0000
0000
0000
0000
0000
0000
0000
0000
0000
0000
0ef0
0000
00fe
0000
0ef0
0000
00fe
0000
fffd
ffff
0dff
0000
3ff2
3333
02ff
0000
2ef0
2222
00fe
0000
fff0
ffff
00ff
0000
5ef0
5555
00fe
0000
0ef0
0000
00fe
0000
0ef0
0000
00fe
0000
0ef0
0000
00fe
0000
0ef0
0000
00fe
0000
0000
0000
0000
0000
0000
0000
0000
0000
0000
0000
0000
0000
0000
0000
0000
0000
0000
0000
0000
0000
0ef0
0000
0000
0000
ffff
000e
0000
0000
3ff3
0002
0000
0000
5ef0
1bed
0000
0000
dff0
afc8
0000
0000
2ff0
ef10
0000
0000
0ef0
fe00
0000
0000
0ef0
fe00
0000
0000
0ef0
fe00
0000
0000
0ef0
fe00
0000
0000
0ef0
fe00
0000
0000
0000
0000
0000
0000
0000
0000
0000
0000
0000
0000
0000
0000
0000
0000
0000
0000
e8de
0006
0000
0000
a939
0001
0000
0000
0560
0000
0000
0000
0ff0
0000
0000
0000
0ef0
0000
0000
0000
0ef0
0000
0000
0000
0ef0
0000
0000
0000
0ef0
0000
0000
0000
0ef0
0000
0000
0000
0ef0
0000
0000
0000
0ef0
0000
0000
0000
0ef0
0000
0000
0000
0000
0000
0000
0000
0000
0000
0000
0000
0000
0000
0000
0000
0000
0000
0000
0000
0000
0000
0000
0000
d6dd
0007
0000
0000
de6c
0002
0000
0000
0000
0000
0000
0000
0ef0
0000
0000
0000
0ef0
0000
0000
0000
0ef0
0000
0000
0000
0ef0
0000
0000
0000
0ef0
0000
0000
0000
0ef0
0000
0000
0000
0ef0
0000
0000
0000
0ef0
0000
0000
0000
0000
0000
0000
0000
0000
0000
0000
0000
0000
0000
0000
0000
0000
0000
0000
0000
9999
0000
0000
0000
baab
0000
0000
0000
0540
0000
0000
0000
0ff0
0000
0000
0000
0fe0
0000
0000
0000
0fe0
0000
0000
0000
0fe0
0000
0000
0000
0fe0
0000
0000
0000
0fe0
0000
0000
0000
0fe0
0000
0000
0000
0fe0
0000
0000
0000
0fe0
0000
0000
0000
0000
0000
0000
0000
0000
0000
0000
0000
0000
0000
0000
0000
0000
0000
0000
0000
0000
0000
0000
0000
ffff
0000
0000
0000
7777
0000
0000
0000
0000
0000
0000
0000
0fe0
0000
0000
0000
0fe0
0000
0000
0000
0fe0
0000
0000
0000
0fe0
0000
0000
0000
0fe0
0000
0000
0000
0fe0
0000
0000
0000
0fe0
0000
0000
0000
0fe0
0000
0000
0000
0000
0000
0000
0000
0000
0000
0000
0000
0000
0000
0000
0000
0000
0000
0000
0000
caac
0004
0000
0000
6996
0000
0000
0000
0550
0000
0000
0000
0ff0
0000
0000
0000
0ef0
0000
0000
0000
0ef0
0000
0000
0000
0ef0
0000
0000
0000
0ef0
0000
0000
0000
0ef0
0000
0000
0000
0ef0
0000
0000
0000
0ef0
0000
0000
0000
0ef0
0000
0000
0000
0000
0000
0000
0000
0000
0000
0000
0000
0000
0000
0000
0000
0000
0000
0000
0000
4004
0002
0000
0000
f99f
0005
0000
0000
7ee7
0000
0000
0000
0000
0000
0000
0000
0ef0
0000
0000
0000
0ef0
0000
0000
0000
0ef0
0000
0000
0000
0ef0
0000
0000
0000
0ef0
0000
0000
0000
0ef0
0000
0000
0000
0ef0
0000
0000
0000
0ef0
0000
0000
0000
0000
0000
0000
0000
0000
0000
0000
0000
0000
0000
0000
0000
0000
0000
0000
0000
0000
0000
0000
0000
ef00
0000
0000
0000
ef00
0000
0000
0000
ef00
0000
0000
0000
ef00
0000
0000
0000
ef00
0000
0000
0000
ef00
0000
0000
0000
ef00
0000
0000
0000
ef00
0000
0000
0000
ef00
0000
0000
0000
ef00
0000
0000
0000
ff00
0000
0000
0000
6f70
0000
0000
0000
3fe0
0000
0000
0000
ffb0
0003
0000
0000
3400
0000
0000
0000
0450
0000
0000
0000
0bc0
0000
0000
0000
0000
0000
0000
0000
0000
0000
0000
0000
0ef0
0000
0000
0000
0ef0
0000
0000
0000
0ef0
0000
0000
0000
0ef0
0000
0000
0000
0ef0
0000
0000
0000
0ef0
0000
0000
0000
0ef0
0000
0000
0000
0ff0
0000
0000
0000
06f7
0000
0000
0000
03fe
0000
0000
0000
3ffb
0000
0000
0000
0340
0000
0000
0000
0660
0000
0000
0000
0780
0000
0000
0000
0550
0000
0000
0000
0ff0
0000
0000
0000
0ef0
0000
0000
0000
0ef0
0000
0000
0000
0ef0
0000
0000
0000
0ef0
0000
0000
0000
0ef0
0000
0000
0000
0ef0
0000
0000
0000
0ef0
0000
0000
0000
0ef0
0000
0000
0000
0000
0000
0000
0000
0000
0000
0000
0000
0000
0000
0000
0000
0000
0000
0000
0000
0000
0000
0000
0000
0000
0000
0000
0000
0000
0000
0000
0000
0000
0000
0000
0000
0ef0
0000
0000
0000
0ef0
0000
0000
0000
0ef0
0000
0000
0000
0ef0
0000
0000
0000
0ef0
0000
0000
0000
0ef0
0000
0000
0000
0ef0
0000
0000
0000
0ef0
0000
0000
0000
0000
0000
0000
0000
0000
0000
0000
0000
0000
0000
0000
0000
0000
0000
0000
0000
0000
0000
0000
0000
0ef0
0000
ef00
0000
0ef0
0000
ef00
0000
0ef0
0000
ef00
0000
0ef0
0000
ef00
0000
0ef0
0000
ef00
0000
0ef0
0000
ef00
0000
0ef0
0000
ef00
0000
0ef0
0dd0
ef00
0000
0ef0
1fd0
cf20
0000
0ef0
cf80
6fd8
0000
0ef0
d700
07de
0000
0000
0000
0000
0000
0000
0000
0000
0000
0000
0000
0000
0000
0000
0000
0000
0000
0450
0450
0000
0000
0bc0
0bc0
0000
0000
0000
0000
0000
0000
0000
0000
0000
0000
0ef0
0ef0
0000
0000
0ef0
0ef0
0000
0000
0ef0
0ef0
0000
0000
0ef0
0ef0
0000
0000
0ef0
0ef0
0000
0000
0ef0
0ef0
0000
0000
0ef0
0ef0
0000
0000
0ef0
0ef0
0000
0000
0000
0ef1
0000
0000
2000
0bfa
0000
0000
5000
02be
0000
0000
0000
0000
0000
0000
0000
ee71
0017
0000
0000
33b3
003b
0000
0000
6500
0000
0000
0000
ff00
0000
0000
0000
fe00
0000
0000
0000
fe00
0000
0000
0000
fe00
0000
0000
0000
fe00
0000
0000
0550
fe00
0000
0000
0ff0
ef00
0000
0000
af90
9fa6
0000
0000
d810
18de
0000
0000
0000
0000
0000
0000
0000
0000
0000
0000
0000
0000
0000
0000
0000
0000
0000
0000
0000
0000
0000
0000
4ef6
0000
0000
0000
f76f
0004
0000
0000
0000
0000
0000
0000
0ef0
0000
0000
0000
0ef0
0000
0000
0000
0ef0
0000
0000
0000
0ef0
0000
0000
0000
0ef0
0000
0000
0000
0ef0
0000
0000
0000
0ef0
0000
0000
0000
0ef0
0000
0000
0000
0ef0
0000
0000
0000
0bfa
0000
0000
0000
02be
0000
0000
0000
0000
0000
0000
0000
0000
0000
0000
0000
0ef0
c100
008f
0000
0ef0
fb00
000a
0000
0ef0
bf90
0000
0000
0ef0
1df7
0000
0000
4ef0
02ff
0000
0000
eff0
05ff
0000
0000
eff0
1ef6
0000
0000
3ff0
af90
0000
0000
0ff0
fd10
0005
0000
0ef0
f400
002e
0000
0ef0
9000
00bf
0000
0000
0000
0000
0000
0000
00dd
0000
0000
1000
008f
0000
0000
3000
002d
0000
0000
0000
0000
0000
0000
0ef0
0000
0000
0000
0ef0
0000
0000
0000
0ef0
0000
0000
0000
0ef0
bf70
0000
0000
0ef0
1bf7
0000
0000
7ef0
01cf
0000
0000
fff0
005f
0000
0000
cff0
01df
0000
0000
0ff0
0af9
0000
0000
0ef0
6fd1
0000
0000
0ef0
ef30
0002
0000
0000
0000
0000
0000
9000
002f
0000
0000
d000
000b
0000
0000
d100
0005
0000
0000
0000
0000
0000
0000
0000
0000
0000
0000
0000
0000
0000
0000
0000
0000
0000
0000
0ef0
df50
0001
0000
0ef0
2ee3
0000
0000
2ff0
03ee
0000
0000
fff0
007f
0000
0000
7ff0
00cf
0000
0000
0ef0
08f9
0000
0000
0ef0
4fe1
0000
0000
0ef0
df50
0001
0000
0000
0000
0000
0000
0000
0000
0000
0000
0000
0000
0000
0000
0000
0000
0000
0000
5400
0000
0000
0000
7f50
0000
0000
0000
0430
0000
0000
0000
0ab0
0000
0000
0000
0ff0
0000
0000
0000
0ef0
0000
0000
0000
0ef0
0000
0000
0000
0ef0
0000
0000
0000
0ef0
0000
0000
0000
0ef0
0000
0000
0000
5ef0
5555
0000
0000
fff0
ffff
0000
0000
0000
0000
0000
0000
0000
0000
0000
0000
0000
0000
0000
0000
0000
0000
0000
0000
5400
0000
0000
0000
7f50
0000
0000
0000
0430
0000
0000
0000
0ab0
0000
0000
0000
0ff0
0000
0000
0000
0ef0
0000
0000
0000
0ef0
0000
0000
0000
0ef0
0000
0000
0000
0ef0
0000
0000
0000
0ef0
0000
0000
0000
0ef0
0000
0000
0000
0ef0
0000
0000
0000
0000
0000
0000
0000
0000
0000
0000
0000
0000
0000
0000
0000
0000
0000
0000
0000
0000
0000
0000
0000
0ef0
0000
0000
0000
0ef0
0000
0000
0000
0ef0
0000
0000
0000
0ef0
0000
0000
0000
0ef0
0000
0000
0000
0ef0
0000
0000
0000
0ef0
0000
0000
0000
0ef0
0000
0000
0000
0ef0
0000
0000
0000
9ff0
9999
0000
0000
fff0
ffff
0000
0000
0000
0000
0000
0000
a000
003f
0000
0000
d000
000c
0000
0000
d100
0005
0000
0000
0000
0000
0000
0000
0ef0
0000
0000
0000
0ef0
0000
0000
0000
0ef0
0000
0000
0000
0ef0
0000
0000
0000
0ef0
0000
0000
0000
0ef0
0000
0000
0000
0ef0
0000
0000
0000
0ef0
0000
0000
0000
0ef0
0000
0000
0000
0ef0
0000
0000
0000
0ef0
0000
0000
0000
0000
0000
0000
0000
0af1
0000
0000
0000
05f4
0000
0000
0000
00c6
0000
0000
0000
0000
0000
0000
0000
0ef0
03f8
0000
0000
0ef0
01f8
0000
0000
0ef0
00b6
0000
0000
0ef0
0000
0000
0000
0ef0
0000
0000
0000
0ef0
0000
0000
0000
0ef0
0000
0000
0000
0ef0
0000
0000
0000
0ef0
0000
0000
0000
9ff0
9999
0000
0000
fff0
ffff
0000
0000
0000
0000
0000
0000
0000
0000
0000
0000
0000
0000
0000
0000
0000
0000
0000
0000
0000
0000
0000
0000
0ef0
007f
0000
0000
0ef0
005f
0000
0000
0ef0
003d
0000
0000
0ef0
0000
0000
0000
0ef0
0000
0000
0000
0ef0
0000
0000
0000
0ef0
0000
0000
0000
0ef0
0000
0000
0000
0ef0
0000
0000
0000
0ef0
0000
0000
0000
0ef0
0000
0000
0000
0000
0000
0000
0000
0000
0000
0000
0000
0000
0000
0000
0000
0000
0000
0000
0000
0000
0000
0000
0000
0ef0
0000
0000
0000
0ef0
0000
0000
0000
0ef0
0000
0000
0000
0ef0
0010
0000
0000
0ef0
00dc
0000
0000
0ef0
0022
0000
0000
0ef0
0000
0000
0000
0ef0
0000
0000
0000
0ef0
0000
0000
0000
9ff0
9999
0000
0000
fff0
ffff
0000
0000
0000
0000
0000
0000
0000
0000
0000
0000
0000
0000
0000
0000
0000
0000
0000
0000
0000
0000
0000
0000
0ef0
0000
0000
0000
0ef0
0000
0000
0000
0ef0
0000
0000
0000
0ef0
0000
0000
0000
0ef0
0011
0000
0000
0ef0
00dc
0000
0000
0ef0
00bb
0000
0000
0ef0
0000
0000
0000
0ef0
0000
0000
0000
0ef0
0000
0000
0000
0ef0
0000
0000
0000
0000
0000
0000
0000
0000
0000
0000
0000
0000
0000
0000
0000
0000
0000
0000
0000
0000
0000
0000
0000
ef00
0000
0000
0000
ef00
0000
0000
0000
ef00
0310
0000
0000
ef00
08d5
0000
0000
ff00
03cf
0000
0000
ff91
0006
0000
0000
fff8
0000
0000
0000
ef35
0000
0000
0000
ef00
0000
0000
0000
ff00
9999
0009
0000
ff00
ffff
000f
0000
0000
0000
0000
0000
0000
0000
0000
0000
0000
0000
0000
0000
0000
0000
0000
0000
0000
0000
0000
0000
0ef0
0000
0000
0000
0ef0
0000
0000
0000
1ef0
0000
0000
0000
eff0
0001
0000
0000
8ff4
0000
0000
0000
0fff
0000
0000
0000
0ef4
0000
0000
0000
0ef0
0000
0000
0000
0ef0
0000
0000
0000
0ef0
0000
0000
0000
0ef0
0000
0000
0000
0000
0000
0000
0000
0000
0000
0000
0000
0000
0000
0000
0000
0000
0000
0000
0000
0000
2510
0000
0000
0000
2dc0
0000
0000
0000
0260
0000
0000
7cc0
0000
00cb
0000
fff0
0004
00ff
0000
eff0
001d
00fe
0000
5ef0
00bf
00fe
0000
0ef0
08fa
00fe
0000
0ef0
4fd1
00fe
0000
0ef0
de30
00fe
0000
0ef0
f500
00ff
0000
0ef0
9000
00ff
0000
0000
0000
0000
0000
0000
0000
0000
0000
0000
0000
0000
0000
0000
0000
0000
0000
0000
0121
0000
0000
0000
02e8
0000
0000
0000
007e
0000
0000
0000
0000
0000
0000
7ef0
1bfd
0000
0000
dff0
afc8
0000
0000
2ff0
ef10
0000
0000
0ef0
fe00
0000
0000
0ef0
fe00
0000
0000
0ef0
fe00
0000
0000
0ef0
fe00
0000
0000
0ef0
fe00
0000
0000
0000
0000
0000
0000
0000
0000
0000
0000
0000
0000
0000
0000
0000
0000
0000
0000
0000
0000
0000
0000
8ff0
0000
00fe
0000
fff0
0003
00fe
0000
fff0
000b
00fe
0000
aef0
006f
00fe
0000
3ef0
01ef
00fe
0000
0ef0
09f9
00fe
0000
0ef0
3fe1
00fe
0000
0ef0
bf50
00fe
0000
0ef0
fb00
00ff
0000
0ef0
f200
00ff
0000
0ef0
8000
00ff
0000
0000
0000
0000
0000
0000
03f7
0000
0000
0000
00da
0000
0000
0000
006b
0000
0000
0000
0000
0000
0000
0000
0000
0000
0000
0000
0000
0000
0000
0000
0000
0000
0000
7ef0
1bfd
0000
0000
dff0
afc8
0000
0000
2ff0
ef10
0000
0000
0ef0
fe00
0000
0000
0ef0
fe00
0000
0000
0ef0
fe00
0000
0000
0ef0
fe00
0000
0000
0ef0
fe00
0000
0000
0000
0000
0000
0000
7000
002f
0000
0000
a000
000c
0000
0000
b000
0006
0000
0000
9000
9d5d
0001
0000
0000
08b7
0000
0000
3660
0000
0066
0000
dff0
0001
00ff
0000
fff0
0009
00fe
0000
bef0
005f
00fe
0000
2ef0
02ef
00fe
0000
0ef0
0bf6
00fe
0000
0ef0
6fb0
00fe
0000
0ef0
ed10
00ff
0000
0ef0
f400
00ff
0000
0ef0
9000
00ff
0000
0000
0000
0000
0000
0000
0000
0000
0000
0000
0000
0000
0000
0000
0000
0000
0000
0000
0000
0000
0000
da00
0ad2
0000
0000
a000
00ae
0000
0000
0000
0000
0000
0000
7ef0
1bfd
0000
0000
dff0
afc8
0000
0000
2ff0
ef10
0000
0000
0ef0
fe00
0000
0000
0ef0
fe00
0000
0000
0ef0
fe00
0000
0000
0ef0
fe00
0000
0000
0ef0
fe00
0000
0000
0000
0000
0000
0000
0000
0000
0000
0000
0000
0000
0000
0000
0000
0000
0000
0000
0000
0000
0000
0000
0ff0
0000
0000
0000
0f00
0000
0000
0000
0f00
0000
0000
0000
00f0
0000
0000
0000
0000
0000
0000
0000
f0f0
00ff
0000
0000
0ff0
0f00
0000
0000
00f0
0f00
0000
0000
00f0
0f00
0000
0000
00f0
0f00
0000
0000
00f0
0f00
0000
0000
00f0
0f00
0000
0000
00f0
0f00
0000
0000
0000
0000
0000
0000
0000
0000
0000
0000
0000
0000
0000
0000
8ff0
0000
00fe
0000
fff0
0003
00fe
0000
fff0
000b
00fe
0000
aef0
006f
00fe
0000
3ef0
01ef
00fe
0000
0ef0
09f9
00fe
0000
0ef0
3fe1
00fe
0000
0ef0
bf50
00fe
0000
0ef0
fb00
00ff
0000
0ef0
f300
00ff
0000
0ef0
8000
00ff
0000
0000
0000
00fe
0000
0000
9300
00df
0000
0000
f600
004d
0000
0000
0000
0000
0000
0000
0000
0000
0000
0000
0000
0000
0000
0000
0000
0000
0000
0000
0000
0000
0000
7ef0
1bfd
0000
0000
dff0
afc8
0000
0000
2ff0
ef10
0000
0000
0ef0
fe00
0000
0000
0ef0
fe00
0000
0000
0ef0
fe00
0000
0000
0ef0
fe00
0000
0000
0ef0
fe00
0000
0000
0000
fe00
0000
0000
0000
df93
0000
0000
0000
5df6
0000
0000
0000
0000
0000
0000
0000
9999
0000
0000
0000
aaaa
0000
0000
1000
3553
0001
0000
b400
fddf
004b
0000
ee30
4114
03ee
0000
5fa0
0000
0af5
0000
0fe0
0000
0ef0
0000
0ff0
0000
0ff0
0000
1fd0
0000
0df1
0000
9f70
0000
07f9
0000
fa10
a66a
01af
0000
6100
ceec
0016
0000
0000
0000
0000
0000
0000
0000
0000
0000
0000
0000
0000
0000
0000
0000
0000
0000
0000
0000
0000
0000
f000
0fff
0000
0000
7000
0777
0000
0000
0000
0000
0000
0000
b400
3bee
0000
0000
ef30
ef99
0003
0000
6fb0
f600
000a
0000
1fe0
f100
000d
0000
1fe0
f100
000d
0000
6fb0
f600
000a
0000
ef40
ee99
0003
0000
b400
3bee
0000
0000
0000
0000
0000
0000
0000
0000
0000
0000
0000
0000
0000
0000
0000
0000
0000
0000
2000
7117
0003
0000
2000
dddd
0002
0000
0000
1551
0000
0000
4000
aaaa
0004
0000
f900
c88c
009f
0000
9f70
0000
07f9
0000
1fd0
0000
0df1
0000
0ff0
0000
0ff0
0000
1fd0
0000
0df1
0000
8f80
0000
08f8
0000
fb10
a77a
01bf
0000
7100
dffd
0017
0000
0000
0000
0000
0000
0000
0000
0000
0000
0000
0000
0000
0000
0000
0000
0000
0000
4200
2400
0000
0000
f400
3f99
0000
0000
7000
06ee
0000
0000
0000
0000
0000
0000
b400
3bee
0000
0000
ef30
ef99
0003
0000
5fb0
f600
000a
0000
0fe0
f100
000d
0000
0fe0
f100
000d
0000
5fb0
f600
000a
0000
ef40
ef98
0003
0000
b400
3bee
0000
0000
0000
0000
0000
0000
0000
0000
0000
0000
0000
0000
0000
0000
0000
0000
0000
0000
0000
4054
0004
0000
3000
f79f
0006
0000
2000
3405
0000
0000
4000
9bc9
0004
0000
f900
c88c
009f
0000
9f70
0000
07f9
0000
1fd0
0000
0df1
0000
0ff0
0000
0ff0
0000
1fd0
0000
0df1
0000
7f80
0000
08f7
0000
fb10
9559
01bf
0000
7100
deed
0017
0000
0000
0000
0000
0000
0000
0000
0000
0000
0000
0000
0000
0000
0000
0000
0000
0000
2000
2202
0000
0000
f100
9f3a
0000
0000
e600
0bc2
0000
0000
0000
0000
0000
0000
b400
3bee
0000
0000
ef30
ef99
0003
0000
5fb0
f600
000a
0000
0fe0
f100
000d
0000
0fe0
f100
000d
0000
5fb0
f600
000a
0000
ef40
ef98
0003
0000
b400
3bee
0000
0000
0000
0000
0000
0000
0000
0000
0000
0000
0000
0000
0000
0000
0000
0000
0000
0000
0000
0000
0000
0000
6000
ffec
ffff
08ff
f900
f78d
777f
0477
cf50
e001
000f
0000
4fb0
e000
000f
0000
0fe0
e000
222f
0022
0ef0
e000
ffff
00ff
0fe0
e000
555f
0055
4fb0
e000
000f
0000
cf50
e000
000f
0000
f900
f78d
777f
0477
6000
ffec
ffff
08ff
0000
0000
0000
0000
0000
0000
0000
0000
0000
0000
0000
0000
0000
0000
0000
0000
0000
0000
0000
0000
0000
0000
0000
0000
0000
0000
0000
0000
0000
0000
0000
0000
b400
3bee
eeb3
003b
ef30
ff99
98ef
03fe
5fb0
f600
226f
0bf6
0fe0
f100
ffff
0eff
0fe0
f100
555f
0555
5fb0
f600
004f
0362
ef40
ff98
89ef
07fd
b400
3bee
feb3
006c
0000
0000
0000
0000
0000
0000
0000
0000
0000
0000
0000
0000
0000
0000
0000
0000
0000
0450
0000
0000
0000
05f8
0000
0000
0000
0034
0000
0000
ccc0
4abb
0000
0000
7ff0
fe87
0005
0000
0ef0
f300
000d
0000
0ef0
f100
000e
0000
2ff0
fa32
0008
0000
dff0
8ffd
0000
0000
2ff0
7fb3
0000
0000
0ef0
fd10
0004
0000
0ef0
f300
001d
0000
0000
0000
0000
0000
0000
0000
0000
0000
0000
0000
0000
0000
0000
0000
0000
0000
2000
0013
0000
0000
c000
000c
0000
0000
e300
0003
0000
0000
0000
0000
0000
0000
7df0
008e
0000
0000
dff0
0048
0000
0000
2ff0
0000
0000
0000
0ef0
0000
0000
0000
0ef0
0000
0000
0000
0ef0
0000
0000
0000
0ef0
0000
0000
0000
0ef0
0000
0000
0000
0000
0000
0000
0000
0000
0000
0000
0000
0000
0000
0000
0000
0000
0000
0000
0000
0000
0000
0000
0000
fff0
4cef
0000
0000
7ff0
fe97
0004
0000
0ef0
f500
000b
0000
0ef0
f100
000e
0000
0ef0
f200
000d
0000
2ff0
fc32
0008
0000
fff0
afff
0000
0000
5ff0
4ff5
0000
0000
0ef0
df50
0000
0000
0ef0
fb00
0007
0000
0ef0
f200
001e
0000
0000
0000
0000
0000
2000
00af
0000
0000
5000
004f
0000
0000
7000
000c
0000
0000
0000
0000
0000
0000
0000
0000
0000
0000
0000
0000
0000
0000
0000
0000
0000
0000
7df0
008e
0000
0000
dff0
0048
0000
0000
2ff0
0000
0000
0000
0ef0
0000
0000
0000
0ef0
0000
0000
0000
0ef0
0000
0000
0000
0ef0
0000
0000
0000
0ef0
0000
0000
0000
0000
0000
0000
0000
0af1
0000
0000
0000
05f4
0000
0000
0000
00c6
0000
0000
0000
e700
2db6
0000
0000
4000
009a
0000
0000
6660
1455
0000
0000
dff0
bfed
0002
0000
1ef0
f711
000a
0000
0ef0
f000
000e
0000
0ef0
f610
000b
0000
cff0
dfcc
0003
0000
9ff0
5fe9
0000
0000
0ef0
bf60
0000
0000
0ef0
fb00
0006
0000
0ef0
e200
001e
0000
0000
0000
0000
0000
0000
0000
0000
0000
0000
0000
0000
0000
0000
0000
0000
0000
0010
0011
0000
0000
4bd2
006f
0000
0000
ec10
0006
0000
0000
0000
0000
0000
0000
7df0
008e
0000
0000
dff0
0048
0000
0000
2ff0
0000
0000
0000
0ef0
0000
0000
0000
0ef0
0000
0000
0000
0ef0
0000
0000
0000
0ef0
0000
0000
0000
0ef0
0000
0000
0000
0000
0000
0000
0000
0000
0000
0000
0000
0000
0000
0000
0000
0000
0000
0000
0000
0000
0440
0000
0000
0000
06f7
0000
0000
0000
0033
0000
0000
a400
5abb
0000
0000
cf70
fd88
0009
0000
0ff0
9100
0009
0000
bfc0
0036
0000
0000
f920
8def
0001
0000
1000
fd84
000a
0000
0684
f000
000f
0000
8ff3
fa55
0009
0000
ea30
7dee
0001
0000
0000
0000
0000
0000
0000
0000
0000
0000
0000
0000
0000
0000
0000
0000
0000
0000
0000
0121
0000
0000
0000
03f9
0000
0000
2000
007f
0000
0000
0000
0000
0000
0000
e910
07df
0000
0000
bfc0
6fc8
0000
0000
1fe0
2510
0000
0000
ef80
037a
0000
0000
7300
7fea
0000
0000
0661
df20
0000
0000
afd0
afb8
0000
0000
da20
18df
0000
0000
0000
0000
0000
0000
0000
0000
0000
0000
0000
0000
0000
0000
0000
0000
0000
0000
9100
15ee
0000
0000
a500
2a51
0000
0000
3000
1366
0000
0000
fb30
cfed
0003
0000
4fc0
f611
000d
0000
2ff0
1000
0002
0000
ff80
037b
0000
0000
b600
bffd
0003
0000
0000
f952
000c
0000
08a5
f000
000f
0000
9ff3
fb66
0008
0000
e930
6cee
0000
0000
0000
0000
0000
0000
0000
0000
0000
0000
0000
0000
0000
0000
0000
0000
0000
0000
0000
0000
0000
0000
d200
00af
0000
0000
bd20
0bd2
0000
0000
0000
0000
0000
0000
e910
07df
0000
0000
bfc0
6fc8
0000
0000
1fe0
2510
0000
0000
ef80
037a
0000
0000
7300
7fea
0000
0000
0661
df20
0000
0000
afd0
afb8
0000
0000
da20
18df
0000
0000
0000
0000
0000
0000
0000
0000
0000
0000
0000
0000
0000
0000
0000
0000
0000
0000
0000
0000
0000
0000
b500
6cee
0000
0000
df60
fe98
0007
0000
2fd0
f300
000e
0000
3fe0
0000
0000
0000
ff90
026a
0000
0000
e810
9fff
0001
0000
1000
fe94
0009
0000
0232
f200
000e
0000
0df6
f200
000d
0000
dfd1
fe98
0006
0000
d910
5bff
0000
0000
0000
029a
0000
0000
0000
09a3
0000
0000
1000
04cc
0000
0000
0000
0000
0000
0000
0000
0000
0000
0000
0000
0000
0000
0000
0000
0000
0000
0000
0000
0000
0000
0000
e910
07df
0000
0000
bfc0
6fc8
0000
0000
1fe0
2510
0000
0000
ef80
037a
0000
0000
7300
7fea
0000
0000
0661
df20
0000
0000
afd0
afb8
0000
0000
da20
18df
0000
0000
2000
006e
0000
0000
1000
04f5
0000
0000
6000
01bd
0000
0000
0000
0000
0000
0000
4200
1410
0000
0000
d400
2bda
0000
0000
0000
0056
0000
0000
a500
5aba
0000
0000
cf70
fd88
0009
0000
0ff0
9100
0009
0000
bfb0
0036
0000
0000
e810
8def
0001
0000
0000
fc73
000a
0000
0794
f000
000f
0000
9ff3
fb76
0009
0000
ea30
7def
0001
0000
0000
0000
0000
0000
0000
0000
0000
0000
0000
0000
0000
0000
0000
0000
0000
0000
0000
0000
0000
0000
bd20
1bd2
0000
0000
c100
00bf
0000
0000
0000
0000
0000
0000
e910
07df
0000
0000
bfc0
6fc8
0000
0000
1fe0
2510
0000
0000
ef80
037a
0000
0000
7300
7fea
0000
0000
0661
df20
0000
0000
afd0
afb8
0000
0000
da20
18df
0000
0000
0000
0000
0000
0000
0000
0000
0000
0000
0000
0000
0000
0000
0000
0000
0000
0000
0000
0000
0000
0000
fff0
ffff
00ff
0000
7770
77ff
0077
0000
0000
00fe
0000
0000
0000
00fe
0000
0000
0000
00fe
0000
0000
0000
00fe
0000
0000
0000
00fe
0000
0000
0000
00fe
0000
0000
0000
00fe
0000
0000
0000
00ff
0000
0000
0000
00ff
0000
0000
0000
02a8
0000
0000
0000
0e82
0000
0000
0000
08da
0000
0000
0000
0000
0000
0000
0000
0000
0000
0000
0000
0000
0000
0000
0ef0
0000
0000
0000
0ef0
0000
0000
0000
ffff
000a
0000
0000
7ff7
0005
0000
0000
0ef0
0000
0000
0000
0ef0
0000
0000
0000
0ef0
0000
0000
0000
0ef0
0000
0000
0000
9fd0
0005
0000
0000
ff40
000b
0000
0000
b700
0003
0000
0000
8200
000e
0000
0000
da00
0008
0000
0000
0000
0000
0000
0000
d200
8f89
0000
0000
1000
03aa
0000
0000
7770
7655
0077
0000
ddd0
ddff
00dd
0000
1110
11fe
0011
0000
0000
00fe
0000
0000
0000
00fe
0000
0000
0000
00fe
0000
0000
0000
00fe
0000
0000
0000
00fe
0000
0000
0000
00fe
0000
0000
0000
00fe
0000
0000
0000
0000
0000
0000
0000
0000
0000
0000
0000
0000
0000
0000
0000
0000
0000
0000
0000
006d
0000
0000
0000
006f
0000
0000
0ef0
004f
0000
0000
0ef0
0000
0000
0000
ffff
000a
0000
0000
7ff7
0005
0000
0000
0ef0
0000
0000
0000
0ef0
0000
0000
0000
0ef0
0000
0000
0000
0ef0
0000
0000
0000
9fd0
0005
0000
0000
fc40
000c
0000
0000
0000
0000
0000
0000
0000
0000
0000
0000
0000
0000
0000
0000
0000
0000
0000
0000
0000
0000
0000
0000
fff0
ffff
00ff
0000
7770
77ff
0077
0000
0000
00fe
0000
0000
0000
00fe
0000
0000
2200
22ff
0001
0000
fd00
ffff
0008
0000
5400
55ff
0003
0000
0000
00fe
0000
0000
0000
00fe
0000
0000
0000
00fe
0000
0000
0000
00fe
0000
0000
0000
0000
0000
0000
0000
0000
0000
0000
0000
0000
0000
0000
0000
0000
0000
0000
0000
0000
0000
0000
0000
0000
0000
0000
0ef0
0000
0000
0000
0ef0
0000
0000
0000
ffff
0008
0000
0000
7ff7
0004
0000
0000
2ff2
0001
0000
0000
ffff
0008
0000
0000
5ff5
0003
0000
0000
0ef0
0000
0000
0000
9fd0
0004
0000
0000
fc40
0009
0000
0000
0000
0000
0000
0000
0000
0000
0000
0000
0000
0000
0000
0000
0000
0000
0000
0000
9000
d9ae
0000
0000
b000
5b85
0000
0000
0660
0000
0066
0000
0ff0
0000
00ff
0000
0ef0
0000
00ef
0000
0ef0
0000
00ef
0000
0ef0
0000
00ef
0000
0ef0
0000
00ef
0000
0ef0
0000
00ef
0000
3fd0
4000
00cf
0000
ef40
e757
004f
0000
b300
aeee
0003
0000
0000
0000
0000
0000
0000
0000
0000
0000
0000
0000
0000
0000
0000
0000
0000
0000
0000
0000
0000
0000
f600
0b8a
0000
0000
8b00
05fa
0000
0000
0000
0000
0000
0000
0ef0
fe00
0000
0000
0ef0
fe00
0000
0000
0ef0
fe00
0000
0000
0ef0
fe00
0000
0000
0ef0
fe00
0000
0000
1fe0
ff20
0000
0000
cfb0
ffc8
0000
0000
fb20
fe4d
0000
0000
0000
0000
0000
0000
0000
0000
0000
0000
0000
0000
0000
0000
0000
0000
0000
0000
9000
0999
0000
0000
b000
0bbb
0000
0000
0660
0000
0066
0000
0ff0
0000
00ff
0000
0ef0
0000
00ef
0000
0ef0
0000
00ef
0000
0ef0
0000
00ef
0000
0ef0
0000
00ef
0000
0ef0
0000
00ef
0000
3fd0
4000
00cf
0000
ef40
e757
004f
0000
b300
aeee
0003
0000
0000
0000
0000
0000
0000
0000
0000
0000
0000
0000
0000
0000
0000
0000
0000
0000
0000
0000
0000
0000
f000
0fff
0000
0000
7000
0777
0000
0000
0000
0000
0000
0000
0ff0
fe00
0000
0000
0ff0
fe00
0000
0000
0ff0
fe00
0000
0000
0ff0
fe00
0000
0000
0ff0
fe00
0000
0000
2fe0
ff20
0000
0000
cfa0
ffd8
0000
0000
ea10
fe7e
0000
0000
0000
0000
0000
0000
0000
0000
0000
0000
0000
0000
0000
0000
0000
0000
0000
0000
7000
6313
0000
0000
9000
8ece
0000
0000
0000
0464
0000
0000
0bc0
0000
00bc
0000
0ff0
0000
00ff
0000
0ef0
0000
00ef
0000
0ef0
0000
00ef
0000
0ef0
0000
00ef
0000
0ef0
0000
00ef
0000
3fe0
4000
00df
0000
ef50
e868
005f
0000
b400
beff
0004
0000
0000
0000
0000
0000
0000
0000
0000
0000
0000
0000
0000
0000
0000
0000
0000
0000
2400
0420
0000
0000
d900
09d8
0000
0000
b100
01bf
0000
0000
0000
0000
0000
0000
0ef0
fe00
0000
0000
0ef0
fe00
0000
0000
0ef0
fe00
0000
0000
0ef0
fe00
0000
0000
0ef0
fe00
0000
0000
2fe0
ff30
0000
0000
dfb0
ffd9
0000
0000
fb20
fe4d
0000
0000
0000
0000
0000
0000
0000
0000
0000
0000
0000
0000
0000
0000
0000
0000
0000
0000
1000
0166
0000
0000
b000
0bbb
0000
0000
d000
0d77
0000
0000
2000
0288
0000
0000
0bc0
0000
00bc
0000
0ff0
0000
00ff
0000
0ef0
0000
00ef
0000
0ef0
0000
00ef
0000
0ef0
0000
00ef
0000
0ff0
1000
00ef
0000
bf70
b434
007f
0000
c500
cddd
0005
0000
0000
0000
0000
0000
0000
0000
0000
0000
0000
0000
0000
0000
0000
0000
0000
0000
1000
0166
0000
0000
c000
0cee
0000
0000
d000
0dba
0000
0000
3000
01aa
0000
0000
0550
5500
0000
0000
0ff0
ff00
0000
0000
0ff0
fe00
0000
0000
0ff0
fe00
0000
0000
0ff0
fe00
0000
0000
1ff0
ff10
0000
0000
bfb0
ffc7
0000
0000
fa20
fe9e
0000
0000
0000
0000
0000
0000
0000
0000
0000
0000
0000
0000
0000
0000
0000
0000
0000
0000
1000
5215
0002
0000
c000
be4e
0002
0000
6000
1623
0000
0000
0bc0
0000
00bc
0000
0ff0
0000
00ff
0000
0ef0
0000
00ef
0000
0ef0
0000
00ef
0000
0ef0
0000
00ef
0000
0ef0
0000
00ef
0000
2fe0
2000
00df
0000
df50
d646
005f
0000
b400
beee
0004
0000
0000
0000
0000
0000
0000
0000
0000
0000
0000
0000
0000
0000
0000
0000
0000
0000
2000
1211
0000
0000
f500
1db3
0000
0000
bb00
03f4
0000
0000
0000
0000
0000
0000
0ef0
fe00
0000
0000
0ef0
fe00
0000
0000
0ef0
fe00
0000
0000
0ef0
fe00
0000
0000
0ef0
fe00
0000
0000
1fe0
ff20
0000
0000
cfb0
ffc8
0000
0000
fb20
fe4d
0000
0000
0000
0000
0000
0000
0000
0000
0000
0000
0000
0000
0000
0000
0000
0000
0000
0000
0000
0000
0000
0000
0ef0
0000
00ef
0000
0ef0
0000
00ef
0000
0ef0
0000
00ef
0000
0ef0
0000
00ef
0000
0ef0
0000
00ef
0000
0ef0
0000
00ef
0000
0ef0
0000
00ef
0000
0fe0
1000
00ff
0000
7fb0
7000
00ff
0000
fe30
fa8a
005f
0000
9200
fffe
0005
0000
0000
07d3
0000
0000
0000
03ed
0000
0000
0000
5ffa
0000
0000
0000
0440
0000
0000
0000
0000
0000
0000
0000
0000
0000
0000
0000
0000
0000
0000
0000
0000
0000
0000
0ef0
fe00
0000
0000
0ef0
fe00
0000
0000
0ef0
fe00
0000
0000
0ef0
fe00
0000
0000
0ef0
fe00
0000
0000
1fe0
ff20
0000
0000
cfb0
ffd8
0000
0000
fb20
ff5d
0000
0000
0000
6f70
0000
0000
0000
4fd0
0000
0000
0000
ffa0
0004
0000
0000
4400
0000
0000
0000
eb20
004d
0000
0000
0a70
01a7
0000
0364
6200
0004
0562
0cf6
fb00
001f
0bf7
1ee1
ee00
004f
05fb
4fb0
9f40
108f
01fe
9f60
3f80
40de
00bf
df20
0ed0
92fa
006f
fc00
09f3
c6f5
001f
f700
05fa
faf1
000c
f200
01ef
ffb0
0007
d000
00bf
ff60
0002
0000
0000
0000
0000
0000
0000
0000
0000
0000
0000
0000
0000
0000
0000
0000
0000
0000
0000
0000
0000
0000
8fd2
0000
0000
2000
e3ad
0008
0000
0000
0000
0000
0000
07f8
5fb0
fd00
0002
0bf3
9ff0
cf20
0000
0ee0
dcf4
8f60
0000
3f90
f6e8
3fa2
0000
7f50
f2bc
0dd5
0000
ae10
d06f
09fa
0000
fa00
802f
04ff
0000
f600
400d
00ef
0000
0000
0000
0000
0000
0000
0000
0000
0000
0000
0000
0000
0000
0000
0000
0000
0000
7100
16ee
0000
0000
b300
2b43
0000
0000
0265
3000
0056
0000
1df8
d100
006f
0000
7fa0
f800
0009
0000
ee20
df32
0001
0000
f500
4fba
0000
0000
a000
09ff
0000
0000
1000
01ef
0000
0000
0000
00ef
0000
0000
0000
00ef
0000
0000
0000
00ef
0000
0000
0000
0000
0000
0000
0000
0000
0000
0000
0000
0000
0000
0000
0000
0000
0000
0000
0000
0000
0000
0000
c100
00af
0000
0000
bc10
0ad2
0000
0000
0000
0000
0000
0000
07f8
fa00
0005
0000
0cf3
ee00
0000
0000
2fc0
9f50
0000
0000
7f70
3fa0
0000
0000
bf10
0ce0
0000
0000
fb00
06f5
0000
0000
f500
01ec
0000
0000
e100
009f
0000
0000
b000
003f
0000
0000
e530
000b
0000
0000
aed0
0001
0000
0000
0000
0000
0000
0000
6000
6606
0000
0000
9000
9909
0000
0000
0671
0000
0176
0000
8fb1
7000
01ef
0000
fc10
e202
003f
0000
f300
fa0b
0009
0000
6000
ef8f
0001
0000
0000
6ff9
0000
0000
0000
0ef1
0000
0000
0000
0ef0
0000
0000
0000
0ef0
0000
0000
0000
0ef0
0000
0000
0000
0000
0000
0000
0000
0000
0000
0000
0000
0000
0000
0000
0000
0000
0000
0000
0000
0540
0000
0000
0000
08f4
0000
0000
0000
0042
0000
0000
ccc0
ccbc
000d
0000
7770
fc77
000a
0000
0000
bf40
0000
0000
0000
1de3
0000
0000
1000
03ed
0000
0000
c000
005f
0000
0000
fa00
0006
0000
0000
bf70
4444
0004
0000
eff0
eeee
000e
0000
0000
0000
0000
0000
0000
0000
0000
0000
0000
0000
0000
0000
0000
0000
0000
0000
0000
0220
0000
0000
0000
05f7
0000
0000
1000
009e
0000
0000
0000
0000
0000
0000
fff0
ffff
0000
0000
7770
bfd7
0000
0000
0000
1df5
0000
0000
3000
03ee
0000
0000
d200
005f
0000
0000
fc10
0008
0000
0000
efa0
7777
0000
0000
fff0
ffff
0000
0000
0000
0000
0000
0000
0000
0000
0000
0000
0000
0000
0000
0000
0000
0000
0000
0000
0000
0066
0000
0000
0000
0087
0000
0000
7770
6766
0006
0000
ddd0
fedd
000f
0000
1110
fd21
0004
0000
0000
7fa0
0000
0000
0000
0af7
0000
0000
4000
01df
0000
0000
e200
003f
0000
0000
fc00
0005
0000
0000
cf90
5555
0005
0000
eff0
eeef
000e
0000
0000
0000
0000
0000
0000
0000
0000
0000
0000
0000
0000
0000
0000
0000
0000
0000
4000
0005
0000
0000
b000
000c
0000
0000
0000
0000
0000
0000
0000
0000
0000
0000
fff0
ffff
0000
0000
7770
bffa
0000
0000
1000
1cfd
0000
0000
9000
02df
0000
0000
f500
003e
0000
0000
fe10
0004
0000
0000
cfb0
7777
0000
0000
fff0
ffff
0000
0000
0000
0000
0000
0000
0000
0000
0000
0000
0000
0000
0000
0000
0000
0000
0000
0000
e400
5e89
0000
0000
1000
02a9
0000
0000
7770
6655
0006
0000
ddd0
fedd
000f
0000
1110
fc11
0004
0000
0000
7f90
0000
0000
0000
0af7
0000
0000
4000
01cf
0000
0000
e200
003e
0000
0000
fb00
0004
0000
0000
bf90
5555
0005
0000
eff0
eeef
000e
0000
0000
0000
0000
0000
0000
0000
0000
0000
0000
0000
0000
0000
0000
0000
0000
0000
0000
0000
0000
0000
cc10
2dc2
0000
0000
c100
01cf
0000
0000
0000
0000
0000
0000
fff0
ffff
0000
0000
7770
bfd7
0000
0000
0000
1df5
0000
0000
3000
02ef
0000
0000
e200
005f
0000
0000
fc10
0007
0000
0000
efb0
8888
0000
0000
fff0
ffff
0000
0000
0000
0000
0000
0000
0000
0000
0000
0000
0000
0000
0000
0000
0000
0000
0000
0000
7400
0006
0000
0000
ff80
000c
0000
0000
2fe0
0000
0000
0000
0ef0
0000
0000
0000
0ef0
0000
0000
0000
0ef0
0000
0000
0000
0ef0
0000
0000
0000
0ef0
0000
0000
0000
0ef0
0000
0000
0000
0ef0
0000
0000
0000
0ef0
0000
0000
0000
0ef0
0000
0000
0000
0000
0000
0000
0000
0000
0000
0000
0000
0000
0000
0000
0000
0000
0000
0000
0000
0000
0000
0000
0000
0000
0000
0000
0000
0000
0000
0000
0000
0000
0000
0000
0000
00f0
0000
0000
0000
00f0
0000
0000
0000
00f0
0000
0000
0000
00f0
0000
0000
0000
fff0
00ff
0000
0000
00f0
0000
0000
0000
00f0
0000
0000
0000
00f0
0000
0000
0000
00f0
0000
0000
0000
00f0
0000
0000
0000
0000
0000
0000
0000
0000
0000
0000
0000
0000
0000
0000
0000
0000
0000
0000
0000
0000
0000
0000
0000
0000
0000
0000
0000
0000
0000
0000
0000
0000
0000
0000
0000
0ff0
0000
0000
0000
f000
0000
0000
0000
f000
0000
0000
0000
f000
0fff
0000
0000
f000
0000
0000
0000
f000
0000
0000
0000
f000
0000
0000
0000
f000
0000
0000
0000
0000
0000
0000
0000
0000
0000
0000
0000
0000
0000
0000
0000
0000
0000
0000
0000
0000
0000
0000
0000
0000
0000
0000
0000
fff0
ffff
0000
0000
00f0
f00f
0000
0000
00f0
f00f
0000
0000
00f0
f00f
0000
0000
0000
000f
0000
0000
0000
000f
0000
0000
0000
000f
0000
0000
0000
000f
0000
0000
0000
000f
0000
0000
0000
000f
0000
0000
0000
0000
0000
0000
0000
0000
0000
0000
0000
0000
0000
0000
0000
0000
0000
0000
0000
0000
0000
0000
0000
0000
0000
0000
fff0
00ff
0000
0000
f0f0
00f0
0000
0000
f0f0
00f0
0000
0000
f0f0
00f0
0000
0000
f000
0000
0000
0000
f000
0000
0000
0000
f000
0000
0000
0000
f000
0000
0000
0000
f000
0000
0000
0000
f000
0000
0000
0000
0000
0000
0000
0000
0000
0000
0000
0000
0000
0000
0000
0000
2fb0
0000
0000
0000
0f90
0000
0000
0000
0d70
0000
0000
0000
0b50
0000
0000
0000
0000
0000
0000
0000
0000
0000
0000
0000
0000
0000
0000
0000
0000
0000
0000
0000
0000
0000
0000
0000
0000
0000
0000
0000
0000
0000
0000
0000
0000
0000
0000
0000
0000
0000
0000
0000
0000
0000
0000
0000
0000
0000
0000
0000
0000
0000
0000
0000
0000
0000
0000
0000
0000
0000
0000
0000
0000
0000
0000
0000
0000
0000
0000
0000
0000
0000
0000
0000
0000
0000
0000
0000
0000
0000
0000
0000
0000
0000
0000
0000
0000
0000
0000
0000
0000
0000
0000
0000
0000
0000
0000
0000
1200
0000
0000
0000
3e20
0000
0000
0000
0dc0
0000
0000
0000
0000
0000
0000
0000
0000
0000
0000
0000
0ef0
8000
00ff
0000
0ef0
f200
00ff
0000
0ef0
fb00
00ff
0000
0ef0
af60
00fe
0000
0ef0
3fe1
00fe
0000
0ef0
09f9
00fe
0000
3ef0
01ef
00fe
0000
bef0
005f
00fe
0000
fff0
000b
00fe
0000
fff0
0002
00fe
0000
8ff0
0000
00fe
0000
0000
0000
0000
0000
0000
0000
0000
0000
0000
0000
0000
0000
0000
0000
0000
0000
0000
0000
0000
0000
0000
0000
0000
0000
0000
0000
0000
0000
0000
0000
0000
0000
0000
0000
0000
0000
0000
0000
0000
0000
00f0
00f0
0000
0000
00f0
00ff
0000
0000
00f0
00ff
0000
0000
f0f0
00f0
0000
0000
f0f0
00f0
0000
0000
0ff0
00f0
0000
0000
0ff0
00f0
0000
0000
00f0
00f0
0000
0000
0000
0000
0000
0000
0000
0000
0000
0000
0000
0000
0000
0000
fff0
ffff
ffff
0fff
fff0
ff00
000f
0fff
0ff0
f0ff
ffff
0ff0
0ff0
f0ff
00ff
0ff0
0ff0
f0ff
ffff
0ff0
fff0
ff00
000f
0fff
fff0
ffff
ffff
0fff
fff0
ffff
ffff
0fff
0ff0
f000
00ff
0fff
fff0
f0ff
ff0f
0ff0
fff0
ff0f
00ff
0fff
fff0
fff0
ff0f
0ff0
fff0
fff0
00ff
0fff
fff0
ffff
ffff
0fff
0000
0000
0000
0000
0000
0000
0000
0000
fff0
ffff
ffff
0fff
fff0
ff00
000f
0fff
0ff0
f0ff
ffff
0ff0
0ff0
f0ff
00ff
0ff0
0ff0
f0ff
ffff
0ff0
fff0
ff00
000f
0fff
fff0
ffff
ffff
0fff
fff0
ffff
ffff
0fff
0ff0
f000
00ff
0fff
fff0
f0ff
ff0f
0ff0
fff0
ff0f
00ff
0ff0
fff0
fff0
ffff
0ff0
fff0
fff0
00ff
0fff
fff0
ffff
ffff
0fff
0000
0000
0000
0000
0000
0000
0000
0000
0000
0000
0000
0000
0000
0000
0000
0000
0000
0000
0000
0000
0000
0000
0000
0000
0000
0000
0000
0000
0000
0000
0000
0000
0000
0000
0000
0000
0000
0000
0000
0000
0000
0000
0000
0000
0000
0000
0000
0000
0000
0000
0000
0000
0cd0
0000
0000
0000
0ef0
0000
0000
0000
9f90
0000
0000
0000
0000
0000
0000
0000
0000
0000
0000
0000
0000
0000
0000
0000
0000
0000
0000
0000
0000
0000
0000
0000
eb30
03be
0000
0000
9fe2
3ff9
0000
0000
05a3
af60
0000
0000
0000
df10
0000
0000
0000
df10
0000
0000
05a4
af60
0000
0000
9ee2
3fe9
0000
0000
eb30
03be
0000
0000
0000
0000
0000
0000
0000
0000
0000
0000
0000
0000
0000
0000
0000
0000
0000
0000
0000
0000
0000
0000
0000
0000
0000
0000
0000
0000
0000
0000
0000
0000
0000
0000
b400
3bee
0000
0000
ef30
ee99
0002
0000
5fb0
7401
0002
0000
0fe0
00ce
0000
0000
0fe0
1123
0000
0000
5fb0
f800
0005
0000
ef40
df98
0001
0000
b400
2aee
0000
0000
0000
0000
0000
0000
0000
0000
0000
0000
0000
0000
0000
0000
0000
0000
0000
0000
0000
0000
0000
0000
0000
0000
0000
0000
0000
0000
0000
0000
0000
0000
0000
0000
eb30
04be
0000
0000
9ee2
3fe9
0000
0000
1472
bf50
0000
0000
d000
ef0c
0000
0000
3120
ef02
0000
0000
09f5
bf50
0000
0000
afd1
4fe8
0000
0000
ea20
04be
0000
0000
0000
0000
0000
0000
0000
0000
0000
0000
0000
0000
0000
0000
0000
0000
0000
0000
0000
0000
0000
0000
0000
0000
0000
0000
0000
0000
0000
0000
0000
0000
0000
0000
0110
0000
0000
0000
0cd0
0000
0000
0000
0bc0
0000
0000
0000
0000
0000
0000
0000
0000
0000
0000
0000
0000
0000
0000
0000
0000
0000
0000
0000
09e0
0000
0000
0000
05f1
0000
0000
0000
01f4
0000
0000
0000
00d6
0000
0000
0000
0000
0000
0000
0000
0000
0000
0000
0000
0000
fe00
0000
0000
0000
fe00
0000
0000
0000
fe00
0000
0000
0000
fe00
0000
0000
0000
fe00
0000
0000
0000
fe00
0000
0000
0000
fe00
0000
0000
0dd0
fe00
0000
0000
1fd0
df10
0000
0000
cf80
7fc8
0000
0000
d700
07de
0000
0000
0000
0000
0000
0000
0000
0000
0000
0000
0000
0000
0000
0000
0000
0000
0000
0000
0000
0000
0000
0000
fff0
ffff
ffff
0fff
fff0
ff00
000f
0fff
0ff0
f0ff
ffff
0ff0
0ff0
f0ff
00ff
0ff0
0ff0
f0ff
ffff
0ff0
fff0
ff00
000f
0fff
fff0
ffff
ffff
0fff
fff0
ffff
ffff
0fff
fff0
ff00
00ff
0fff
0ff0
f0ff
ff0f
0ff0
fff0
ff00
ff0f
0ff0
0ff0
f0ff
ff0f
0ff0
fff0
ff00
00ff
0fff
fff0
ffff
ffff
0fff
0000
0000
0000
0000
0000
0000
0000
0000
fff0
ffff
ffff
0fff
fff0
ff00
000f
0fff
0ff0
f0ff
ffff
0ff0
0ff0
f0ff
00ff
0ff0
0ff0
f0ff
ffff
0ff0
fff0
ff00
000f
0fff
fff0
ffff
ffff
0fff
fff0
ffff
ffff
0fff
fff0
ff00
0fff
0fff
0ff0
f0ff
00ff
0fff
fff0
ff00
0fff
0fff
0ff0
f0ff
0fff
0fff
fff0
ff00
00ff
0ff0
fff0
ffff
ffff
0fff
0000
0000
0000
0000
0000
0000
0000
0000
fff0
ffff
ffff
0fff
fff0
ff00
000f
0fff
0ff0
f0ff
ffff
0ff0
0ff0
f0ff
00ff
0ff0
0ff0
f0ff
ffff
0ff0
fff0
ff00
000f
0fff
fff0
ffff
ffff
0fff
fff0
ffff
ffff
0fff
fff0
ff00
000f
0ff0
0ff0
f0ff
ffff
0ff0
fff0
ff00
000f
0ff0
0ff0
f0ff
ff0f
0fff
fff0
ff00
000f
0ff0
fff0
ffff
ffff
0fff
0000
0000
0000
0000
0000
0000
0000
0000
fff0
ffff
ffff
0fff
fff0
ff00
000f
0fff
0ff0
f0ff
ffff
0ff0
0ff0
f0ff
00ff
0ff0
0ff0
f0ff
ffff
0ff0
fff0
ff00
000f
0fff
fff0
ffff
ffff
0fff
fff0
ffff
ffff
0fff
fff0
ff00
000f
0fff
0ff0
f0ff
ffff
0ff0
fff0
ff00
00ff
0ff0
0ff0
f0ff
ffff
0ff0
fff0
ff00
000f
0fff
fff0
ffff
ffff
0fff
0000
0000
0000
0000
1210
0000
0000
0000
3f60
0000
0000
0000
0c80
0000
0000
0000
0000
0000
0000
0000
0000
0000
0000
0000
0000
0000
0000
0000
0000
0000
0000
0000
0000
0000
0000
0000
0000
0000
0000
0000
0000
0000
0000
0000
0000
0000
0000
0000
0000
0000
0000
0000
0000
0000
0000
0000
0000
0000
0000
0000
0000
0000
0000
0000
0000
0000
0000
0000
0000
0440
0000
0000
0000
0bf2
0000
0000
7700
7292
0007
0000
8900
9000
0008
0000
0000
0000
0000
0000
0000
0000
0000
0000
0000
0000
0000
0000
0000
0000
0000
0000
0000
0000
0000
0000
0000
0000
0000
0000
0000
0000
0000
0000
0000
0000
0000
0000
0000
0000
0000
0000
0000
0000
0000
0000
0000
0000
0000
0000
0000
0000
0000
0000
0000
0000
0000
0000
0cd0
6ff8
0000
0000
06f0
cffd
0000
0000
3020
fcaf
0002
0000
9000
f76f
0008
0000
e000
f32f
000d
0000
f400
d00c
003f
0000
fa00
8007
009f
0000
fe10
ffff
00ef
0000
ff50
8888
05ff
0000
6fa0
0000
0af7
0000
1ff1
0000
1ff2
0000
0000
0000
0000
0000
0000
0000
0000
0000
0000
0000
0000
0000
0000
0000
0000
0000
0000
0000
0000
0000
0000
0000
0000
0000
0000
0000
0000
0000
0000
0000
0000
0000
0bb0
0000
0000
0000
0cd0
0000
0000
0000
0110
0000
0000
0000
0000
0000
0000
0000
0000
0000
0000
0000
0000
0000
0000
0000
0000
0000
0000
0000
0000
0000
0000
0000
0000
0000
0000
0000
0000
0000
0000
0000
0000
0000
0000
0000
0000
0000
0000
0000
0000
0000
0000
0000
0cd0
ffff
0fff
0000
06f0
77ff
0777
0000
0020
00ef
0000
0000
0000
00ef
0000
0000
0000
22ef
0122
0000
0000
ffff
08ff
0000
0000
55ef
0255
0000
0000
00ef
0000
0000
0000
00ef
0000
0000
0000
77ff
0777
0000
0000
ffff
0fff
0000
0000
0000
0000
0000
0000
0000
0000
0000
0000
0000
0000
0000
0000
0000
0000
0000
0000
0000
0000
0000
0cd0
00ef
e000
000f
06f0
00ef
e000
000f
0020
00ef
e000
000f
0000
00ef
e000
000f
0000
22ef
e222
000f
0000
ffff
ffff
000f
0000
55ef
e555
000f
0000
00ef
e000
000f
0000
00ef
e000
000f
0000
00ef
e000
000f
0000
00ef
e000
000f
0000
0000
0000
0000
0000
0000
0000
0000
0000
0000
0000
0000
0000
0000
0000
0000
0000
0000
0000
0000
0cd0
00ef
0000
0000
06f0
00ef
0000
0000
0020
00ef
0000
0000
0000
00ef
0000
0000
0000
00ef
0000
0000
0000
00ef
0000
0000
0000
00ef
0000
0000
0000
00ef
0000
0000
0000
00ef
0000
0000
0000
00ef
0000
0000
0000
00ef
0000
0000
0000
0000
0000
0000
0000
0000
0000
0000
0000
0000
0000
0000
0000
0000
0000
0000
0000
0000
0000
0000
fff0
ffff
ffff
0fff
fff0
ff00
000f
0fff
0ff0
f0ff
ffff
0ff0
0ff0
f0ff
00ff
0ff0
0ff0
f0ff
ffff
0ff0
fff0
ff00
000f
0fff
fff0
ffff
ffff
0fff
fff0
ffff
ffff
0fff
fff0
ff00
000f
0fff
0ff0
f0ff
ff0f
0ff0
fff0
ff00
000f
0fff
0ff0
f0ff
ff0f
0ff0
fff0
ff00
000f
0fff
fff0
ffff
ffff
0fff
0000
0000
0000
0000
0000
0000
0000
0000
0cd0
eb50
05be
0000
06e0
8df8
8fd8
0000
4020
01cf
fc10
0004
a000
004f
f400
000a
e000
000f
f000
000d
f000
000e
e000
000f
e000
000f
f000
000d
a000
004f
f400
000a
4000
01cf
fc10
0004
0000
8df8
8fd8
0000
0000
eb50
05be
0000
0000
0000
0000
0000
0000
0000
0000
0000
0000
0000
0000
0000
0000
0000
0000
0000
0000
0000
0000
0000
fff0
ffff
ffff
0fff
fff0
ff00
000f
0fff
0ff0
f0ff
ffff
0ff0
0ff0
f0ff
00ff
0ff0
0ff0
f0ff
ffff
0ff0
fff0
ff00
000f
0fff
fff0
ffff
ffff
0fff
fff0
ffff
ffff
0fff
fff0
ff00
000f
0fff
0ff0
f0ff
ff0f
0ff0
fff0
ff00
ff0f
0ff0
0ff0
f0ff
ff0f
0ff0
fff0
ff00
000f
0fff
fff0
ffff
ffff
0fff
0000
0000
0000
0000
0000
0000
0000
0000
0be0
08fb
9000
009f
05f0
2ff2
f300
001e
0020
af80
fb00
0006
0000
fd10
cf43
0000
0000
f500
4fcb
0000
0000
b000
0aff
0000
0000
2000
01ff
0000
0000
0000
00ef
0000
0000
0000
00ef
0000
0000
0000
00ef
0000
0000
0000
00ef
0000
0000
0000
0000
0000
0000
0000
0000
0000
0000
0000
0000
0000
0000
0000
0000
0000
0000
0000
0000
0000
0cc0
ec60
06ce
0000
06e0
8df9
9fd8
0000
6020
00bf
fb00
0005
c000
003f
f300
000b
e000
000f
f000
000e
f000
000f
f000
000e
c000
003f
f300
000c
5000
00bf
fb00
0005
0000
1de7
7ed1
0000
7000
2f97
79f2
0007
f000
2fff
fff2
000f
0000
0000
0000
0000
0000
0000
0000
0000
0000
0000
0000
0000
0000
0000
0000
0000
2400
0000
0000
0000
1d00
0000
0000
0000
5266
0005
0000
0000
9099
0009
0000
0000
0000
0000
0000
0000
0dc0
0000
0000
0000
0ff0
0000
0000
0000
0fe0
0000
0000
0000
0fe0
0000
0000
0000
0fe0
0000
0000
0000
6fd0
0002
0000
0000
fd50
0009
0000
0000
0000
0000
0000
0000
0000
0000
0000
0000
0000
0000
0000
0000
0000
0000
0000
0000
0000
0000
0000
0000
0000
6ff8
0000
0000
0000
cffd
0000
0000
3000
fcaf
0002
0000
9000
f86f
0008
0000
e000
f32f
000d
0000
f400
d00c
003f
0000
fa00
8007
009f
0000
fe10
ffff
00ef
0000
ff50
8888
05ff
0000
7fa0
0000
0af7
0000
1ff1
0000
1ff2
0000
0000
0000
0000
0000
0000
0000
0000
0000
0000
0000
0000
0000
0000
0000
0000
0000
0000
0000
0000
0000
fff0
7dff
0000
0000
7ff0
fd87
0008
0000
0ef0
f300
000d
0000
0ef0
f100
000d
0000
2ef0
fb42
0006
0000
fff0
8fff
0000
0000
5ef0
fc65
0007
0000
0ef0
f200
000e
0000
0ef0
f100
000e
0000
7ff0
fd87
0009
0000
fff0
8dff
0000
0000
0000
0000
0000
0000
0000
0000
0000
0000
0000
0000
0000
0000
0000
0000
0000
0000
0000
0000
0000
0000
fff0
ffff
0000
0000
7ff0
7777
0000
0000
0ef0
0000
0000
0000
0ef0
0000
0000
0000
0ef0
0000
0000
0000
0ef0
0000
0000
0000
0ef0
0000
0000
0000
0ef0
0000
0000
0000
0ef0
0000
0000
0000
0ef0
0000
0000
0000
0ef0
0000
0000
0000
0000
0000
0000
0000
0000
0000
0000
0000
0000
0000
0000
0000
0000
0000
0000
0000
0000
0000
0000
0000
0000
0cfe
0000
0000
5000
2fff
0000
0000
a000
7fbf
0000
0000
e100
df2e
0000
0000
f500
fc09
0003
0000
fb00
f704
0008
0000
ef10
f200
000d
0000
af60
c000
004f
0000
5fc0
7000
009f
0000
9ff2
a999
00ef
0000
fff7
ffff
04ff
0000
0000
0000
0000
0000
0000
0000
0000
0000
0000
0000
0000
0000
0000
0000
0000
0000
0000
0000
0000
0000
fff0
ffff
0000
0000
7ff0
7777
0000
0000
0ef0
0000
0000
0000
0ef0
0000
0000
0000
2ef0
1222
0000
0000
fff0
8fff
0000
0000
5ef0
2555
0000
0000
0ef0
0000
0000
0000
0ef0
0000
0000
0000
7ff0
7777
0000
0000
fff0
ffff
0000
0000
0000
0000
0000
0000
0000
0000
0000
0000
0000
0000
0000
0000
0000
0000
0000
0000
0000
0000
0000
0000
fff0
ffff
000f
0000
7770
fb77
000b
0000
0000
ee10
0002
0000
0000
6fb0
0000
0000
0000
0bf6
0000
0000
2000
02ee
0000
0000
b000
006f
0000
0000
f600
000b
0000
0000
ee20
0001
0000
0000
bfb0
7777
0007
0000
fff0
ffff
000f
0000
0000
0000
0000
0000
0000
0000
0000
0000
0000
0000
0000
0000
0000
0000
0000
0000
0000
0000
0000
0000
0ef0
0000
00fe
0000
0ef0
0000
00fe
0000
0ef0
0000
00fe
0000
0ef0
0000
00fe
0000
2ef0
2222
00fe
0000
fff0
ffff
00ff
0000
5ef0
5555
00fe
0000
0ef0
0000
00fe
0000
0ef0
0000
00fe
0000
0ef0
0000
00fe
0000
0ef0
0000
00fe
0000
0000
0000
0000
0000
0000
0000
0000
0000
0000
0000
0000
0000
0000
0000
0000
0000
0000
0000
0000
0000
5000
beeb
0005
0000
f800
d88d
008f
0000
cf40
1001
04fc
0000
4fa0
0000
0af4
0000
0fe0
2222
0df0
0000
0ef0
ffff
0fe0
0000
0fe0
5555
0df0
0000
4fa0
0000
0af4
0000
cf40
1001
04fc
0000
f800
d88d
008f
0000
5000
beeb
0005
0000
0000
0000
0000
0000
0000
0000
0000
0000
0000
0000
0000
0000
0000
0000
0000
0000
0000
0000
0000
0000
0ef0
0000
0000
0000
0ef0
0000
0000
0000
0ef0
0000
0000
0000
0ef0
0000
0000
0000
0ef0
0000
0000
0000
0ef0
0000
0000
0000
0ef0
0000
0000
0000
0ef0
0000
0000
0000
0ef0
0000
0000
0000
0ef0
0000
0000
0000
0ef0
0000
0000
0000
0000
0000
0000
0000
0000
0000
0000
0000
0000
0000
0000
0000
0000
0000
0000
0000
0000
0000
0000
0000
0ef0
c100
008f
0000
0ef0
fb00
000a
0000
0ef0
bf90
0000
0000
0ef0
1df7
0000
0000
4ef0
02ff
0000
0000
eff0
05ff
0000
0000
eff0
1ef6
0000
0000
3ff0
af90
0000
0000
0ff0
fd10
0005
0000
0ef0
f400
002e
0000
0ef0
9000
00bf
0000
0000
0000
0000
0000
0000
0000
0000
0000
0000
0000
0000
0000
0000
0000
0000
0000
0000
0000
0000
0000
1000
0cfe
0000
0000
5000
3fff
0000
0000
a000
8f7f
0000
0000
f100
df1d
0000
0000
f600
fc09
0004
0000
fb00
f705
0009
0000
ef10
f200
000e
0000
af60
c000
005f
0000
5fc0
7000
00af
0000
1ef2
2000
01ef
0000
0af7
0000
06fb
0000
0000
0000
0000
0000
0000
0000
0000
0000
0000
0000
0000
0000
0000
0000
0000
0000
0000
0000
0000
0000
fff0
0003
ff50
000e
fff0
0009
ffa0
000e
fff0
000e
fdf1
000e
cef0
005f
f9f6
000e
7ef0
00af
f4fc
000e
2ef0
21ff
f0ef
000e
0ef0
75fb
f08f
000e
0ef0
b9f5
f02f
000e
0ef0
edd0
f00c
000e
0ef0
ff80
f006
000e
0ef0
ef20
f001
000e
0000
0000
0000
0000
0000
0000
0000
0000
0000
0000
0000
0000
0000
0000
0000
0000
0000
0000
0000
0000
8ff0
0000
00fe
0000
fff0
0003
00fe
0000
fff0
000b
00fe
0000
aef0
006f
00fe
0000
3ef0
01ef
00fe
0000
0ef0
09f9
00fe
0000
0ef0
3fe1
00fe
0000
0ef0
bf50
00fe
0000
0ef0
fb00
00ff
0000
0ef0
f200
00ff
0000
0ef0
8000
00ff
0000
0000
0000
0000
0000
0000
0000
0000
0000
0000
0000
0000
0000
0000
0000
0000
0000
0000
0000
0000
0000
fff0
ffff
000f
0000
7770
7777
0007
0000
0000
0000
0000
0000
0000
0000
0000
0000
2200
2222
0002
0000
ff00
ffff
000f
0000
5500
5555
0005
0000
0000
0000
0000
0000
0000
0000
0000
0000
7770
7777
0007
0000
fff0
ffff
000f
0000
0000
0000
0000
0000
0000
0000
0000
0000
0000
0000
0000
0000
0000
0000
0000
0000
0000
0000
0000
0000
5000
beeb
0005
0000
f800
d88d
008f
0000
cf40
1001
04fc
0000
4fa0
0000
0af4
0000
0fe0
0000
0df0
0000
0ef0
0000
0fe0
0000
0fe0
0000
0df0
0000
4fa0
0000
0af4
0000
cf40
1001
04fc
0000
f800
d88d
008f
0000
5000
beeb
0005
0000
0000
0000
0000
0000
0000
0000
0000
0000
0000
0000
0000
0000
0000
0000
0000
0000
0000
0000
0000
0000
fff0
ffff
00ff
0000
7ff0
7777
00ff
0000
0ef0
0000
00fe
0000
0ef0
0000
00fe
0000
0ef0
0000
00fe
0000
0ef0
0000
00fe
0000
0ef0
0000
00fe
0000
0ef0
0000
00fe
0000
0ef0
0000
00fe
0000
0ef0
0000
00fe
0000
0ef0
0000
00fe
0000
0000
0000
0000
0000
0000
0000
0000
0000
0000
0000
0000
0000
0000
0000
0000
0000
0000
0000
0000
0000
fff0
4cef
0000
0000
7ff0
fe97
0004
0000
0ef0
f500
000b
0000
0ef0
f100
000e
0000
0ef0
f300
000c
0000
2ff0
fc42
0007
0000
fff0
9fff
0000
0000
5ff0
0245
0000
0000
0ef0
0000
0000
0000
0ef0
0000
0000
0000
0ef0
0000
0000
0000
0000
0000
0000
0000
0000
0000
0000
0000
0000
0000
0000
0000
0000
0000
0000
0000
0000
0000
0000
0000
fff0
ffff
ffff
0fff
fff0
ff00
000f
0fff
0ff0
f0ff
ffff
0ff0
0ff0
f0ff
00ff
0ff0
0ff0
f0ff
ffff
0ff0
fff0
ff00
000f
0fff
fff0
ffff
ffff
0fff
fff0
ffff
ffff
0fff
0ff0
f000
000f
0ff0
0ff0
f0ff
ffff
0ff0
0ff0
f000
000f
0ff0
0ff0
f0ff
ff0f
0fff
0ff0
f0ff
000f
0ff0
fff0
ffff
ffff
0fff
0000
0000
0000
0000
0000
0000
0000
0000
fff0
ffff
000f
0000
bfc0
7777
0007
0000
fd20
0005
0000
0000
e200
004f
0000
0000
3000
03fe
0000
0000
0000
08f8
0000
0000
5000
01cf
0000
0000
e300
002d
0000
0000
de20
0002
0000
0000
9fc0
7777
0007
0000
fff0
ffff
000f
0000
0000
0000
0000
0000
0000
0000
0000
0000
0000
0000
0000
0000
0000
0000
0000
0000
0000
0000
0000
0000
fff0
ffff
00ff
0000
7770
77ff
0077
0000
0000
00fe
0000
0000
0000
00fe
0000
0000
0000
00fe
0000
0000
0000
00fe
0000
0000
0000
00fe
0000
0000
0000
00fe
0000
0000
0000
00fe
0000
0000
0000
00fe
0000
0000
0000
00fe
0000
0000
0000
0000
0000
0000
0000
0000
0000
0000
0000
0000
0000
0000
0000
0000
0000
0000
0000
0000
0000
0000
08fb
9000
009f
0000
2ff2
f300
001e
0000
af80
fb00
0007
0000
fd10
df43
0000
0000
f500
4fbb
0000
0000
b000
0aff
0000
0000
2000
02ff
0000
0000
0000
00ef
0000
0000
0000
00ef
0000
0000
0000
00ef
0000
0000
0000
00ef
0000
0000
0000
0000
0000
0000
0000
0000
0000
0000
0000
0000
0000
0000
0000
0000
0000
0000
0000
7800
0000
0000
0000
ff74
0047
0000
d300
ffff
2cff
0000
fe20
ef27
df82
0001
7f90
ef00
f800
0008
1fd0
ef00
f200
000c
0ef0
ef00
f000
000e
1fd0
ef00
f200
000c
8f80
ef00
f900
0007
fc10
ff49
cfa4
0000
9100
ffff
19ff
0000
0000
ff41
0014
0000
0000
4400
0000
0000
0000
0000
0000
0000
0000
0000
0000
0000
0000
0000
0000
0000
0000
0000
0000
0000
8fc0
1000
03fe
0000
fe20
b003
008f
0000
f700
f60d
000d
0000
b000
fe8f
0003
0000
2000
8fff
0000
0000
0000
3fff
0000
0000
4000
cfff
0000
0000
e100
fd5f
0007
0000
fa00
f309
003f
0000
df60
8001
00cf
0000
3fe2
0000
08fc
0000
0000
0000
0000
0000
0000
0000
0000
0000
0000
0000
0000
0000
0000
0000
0000
0000
0000
0000
0000
0000
0ef0
ef00
f000
000e
0ef0
ef00
f000
000e
0ef0
ef00
f000
000e
0fe0
ef00
f100
000d
2fc0
ef00
f300
000b
9f70
ef00
fa00
0007
fc10
ff9d
bfda
0000
7000
ffec
06ce
0000
0000
ef00
0000
0000
0000
ef00
0000
0000
0000
ef00
0000
0000
0000
0000
0000
0000
0000
0000
0000
0000
0000
0000
0000
0000
0000
0000
0000
0000
0000
0000
0000
0000
6000
ceec
0006
0000
f900
d88d
009f
0000
bf60
0000
06fb
0000
3fc0
0000
0cf3
0000
0fe0
0000
0ef0
0000
0fe0
0000
0ef0
0000
3fc0
0000
0cf3
0000
bf50
0000
05fb
0000
e700
d11d
007e
0000
9770
f22f
0779
0000
fff0
f22f
0fff
0000
0000
0000
0000
0000
0000
0000
0000
0000
0000
0000
0000
0000
0000
0000
0000
0000
6066
0006
0000
0000
7099
0009
0000
0000
5600
0000
0000
0000
ff00
0000
0000
0000
ef00
0000
0000
0000
ef00
0000
0000
0000
ef00
0000
0000
0000
ef00
0000
0000
0000
ef00
0000
0000
0000
ef00
0000
0000
0000
ef00
0000
0000
0000
ef00
0000
0000
0000
0000
0000
0000
0000
0000
0000
0000
0000
0000
0000
0000
0000
0000
0000
0000
0000
6000
6606
0000
0000
9000
9909
0000
0000
0671
0000
0176
0000
8fb1
7000
01ef
0000
fc10
e202
003f
0000
f300
fa0b
0009
0000
6000
ef8f
0001
0000
0000
6ff9
0000
0000
0000
0ef1
0000
0000
0000
0ef0
0000
0000
0000
0ef0
0000
0000
0000
0ef0
0000
0000
0000
0000
0000
0000
0000
0000
0000
0000
0000
0000
0000
0000
0000
0000
0000
0000
0000
0121
0000
0000
0000
02f7
0000
0000
0000
00b9
0000
0000
0000
0000
0000
0000
c400
08ee
00dd
0000
ef40
8e99
009f
0000
5fb0
f400
005f
0000
1fe0
f000
001f
0000
0fe0
f000
002f
0000
4fb0
f400
006f
0000
ef40
6f98
00af
0000
c400
07ee
00ec
0000
0000
0000
0000
0000
0000
0000
0000
0000
0000
0000
0000
0000
0000
0000
0000
0000
0000
0022
0000
0000
0000
00cc
0000
0000
0000
007d
0000
0000
0000
0000
0000
0000
da20
19ef
0000
0000
afd0
bfa8
0000
0000
5fd0
0223
0000
0000
fc20
00ef
0000
0000
6fa0
0001
0000
0000
0fe0
9900
0000
0000
cfb0
afb8
0000
0000
d810
19ef
0000
0000
0000
0000
0000
0000
0000
0000
0000
0000
0000
0000
0000
0000
0000
0000
0000
0000
0000
0022
0000
0000
0000
00ad
0000
0000
0000
004e
0000
0000
0000
0000
0000
0000
7ef0
1bfd
0000
0000
dff0
afc8
0000
0000
2ff0
ef10
0000
0000
0ef0
fe00
0000
0000
0ef0
fe00
0000
0000
0ef0
fe00
0000
0000
0ef0
fe00
0000
0000
0ef0
fe00
0000
0000
0000
fe00
0000
0000
0000
fe00
0000
0000
0000
fe00
0000
0000
0000
0000
0000
0000
1210
0000
0000
0000
2f70
0000
0000
0000
0b90
0000
0000
0000
0000
0000
0000
0000
0ef0
0000
0000
0000
0ef0
0000
0000
0000
0ef0
0000
0000
0000
0ef0
0000
0000
0000
0ef0
0000
0000
0000
0ef0
0000
0000
0000
8fe0
0001
0000
0000
fd50
0004
0000
0000
0000
0000
0000
0000
0000
0000
0000
0000
0000
0000
0000
0000
0000
0000
0000
0000
1000
00cf
0000
0000
2220
225e
0000
0000
0cb0
bc01
0000
0000
0110
1100
0000
0000
0550
5500
0000
0000
0ff0
ff00
0000
0000
0ef0
fe00
0000
0000
0ef0
fe00
0000
0000
0ef0
fe00
0000
0000
0fe0
ef10
0000
0000
bf90
9fb7
0000
0000
e810
18ef
0000
0000
0000
0000
0000
0000
0000
0000
0000
0000
0000
0000
0000
0000
0000
0000
0000
0000
0000
0000
0000
0000
0000
0000
0000
0000
0000
0000
0000
0000
0000
0000
0000
0000
c400
08ee
00dd
0000
ef40
8e99
009f
0000
5fb0
f400
005f
0000
1fe0
f000
001f
0000
0fe0
f000
002f
0000
4fb0
f400
006f
0000
ef40
6f98
00af
0000
c400
07ee
00ec
0000
0000
0000
0000
0000
0000
0000
0000
0000
0000
0000
0000
0000
0000
0000
0000
0000
0000
0000
0000
0000
d700
07df
0000
0000
cf70
8fc8
0000
0000
1fd0
ef10
0000
0000
0ef0
ef00
0000
0000
0ef0
9f92
0000
0000
0ef0
0aff
0000
0000
0ef0
8fa5
0000
0000
0ef0
ef00
0000
0000
2ff0
ef10
0000
0000
dff0
9fc8
0000
0000
7ef0
09ee
0000
0000
0ef0
0000
0000
0000
0ef0
0000
0000
0000
0ef0
0000
0000
0000
0000
0000
0000
0000
0000
0000
0000
0000
0000
0000
0000
0000
0000
0000
0000
0000
0000
0000
0000
0000
02fe
df20
0000
0000
08f9
8f80
0000
0000
0ef3
2fe1
0000
0000
5fc0
0bf6
0000
0000
bf60
05fb
0000
0000
fe10
00df
0000
0000
f900
008f
0000
0000
f300
002f
0000
0000
f000
000e
0000
0000
f000
000e
0000
0000
f000
000e
0000
0000
0000
0000
0000
0000
0000
0000
0000
0000
9200
9fec
0000
0000
fc00
478c
0000
0000
fd00
0005
0000
0000
a300
17ce
0000
0000
e800
dfff
0001
0000
df80
fe67
0009
0000
3fe0
f400
000c
0000
0ff0
f100
000d
0000
3fc0
f400
000b
0000
ef50
fe99
0004
0000
c500
4bee
0000
0000
0000
0000
0000
0000
0000
0000
0000
0000
0000
0000
0000
0000
0000
0000
0000
0000
0000
0000
0000
0000
0000
0000
0000
0000
0000
0000
0000
0000
0000
0000
0000
0000
da20
19ef
0000
0000
afd0
bfa8
0000
0000
5fd0
0223
0000
0000
fc20
00ef
0000
0000
6fa0
0001
0000
0000
0fe0
9900
0000
0000
cfb0
afb8
0000
0000
d810
19ef
0000
0000
0000
0000
0000
0000
0000
0000
0000
0000
0000
0000
0000
0000
0000
0000
0000
0000
0000
0000
0000
0000
fff0
0fff
0000
0000
7770
0cfa
0000
0000
2000
02ee
0000
0000
b000
006f
0000
0000
f700
000b
0000
0000
ef20
0001
0000
0000
6fa0
0000
0000
0000
0fe0
0000
0000
0000
1fe0
0000
0000
0000
cfb0
0168
0000
0000
eb20
0cff
0000
0000
0000
0ff1
0000
0000
0000
0fe0
0000
0000
0000
0000
0000
0000
0000
0000
0000
0000
0000
0000
0000
0000
0000
0000
0000
0000
0000
0000
0000
0000
0000
0000
0000
0000
7ef0
1bfd
0000
0000
dff0
afc8
0000
0000
2ff0
ef10
0000
0000
0ef0
fe00
0000
0000
0ef0
fe00
0000
0000
0ef0
fe00
0000
0000
0ef0
fe00
0000
0000
0ef0
fe00
0000
0000
0000
fe00
0000
0000
0000
fe00
0000
0000
0000
fe00
0000
0000
0000
0000
0000
0000
0000
0000
0000
0000
a200
2aee
0000
0000
fd10
df99
0001
0000
6f80
f700
0007
0000
1fc0
f200
000b
0000
2fe0
f322
000d
0000
fff0
ffff
000e
0000
5fe0
f555
000d
0000
1fc0
f200
000b
0000
6f80
f700
0007
0000
fd10
df99
0001
0000
a200
2aee
0000
0000
0000
0000
0000
0000
0000
0000
0000
0000
0000
0000
0000
0000
0000
0000
0000
0000
0000
0000
0000
0000
0000
0000
0000
0000
0000
0000
0000
0000
0000
0000
0000
0000
0ef0
0000
0000
0000
0ef0
0000
0000
0000
0ef0
0000
0000
0000
0ef0
0000
0000
0000
0ef0
0000
0000
0000
0ef0
0000
0000
0000
8fe0
0001
0000
0000
fd50
0004
0000
0000
0000
0000
0000
0000
0000
0000
0000
0000
0000
0000
0000
0000
0000
0000
0000
0000
0000
0000
0000
0000
0000
0000
0000
0000
0000
0000
0000
0000
0000
0000
0000
0000
0ef0
df50
0001
0000
0ef0
2ee3
0000
0000
2ff0
03ee
0000
0000
fff0
007f
0000
0000
7ff0
00cf
0000
0000
0ef0
08f9
0000
0000
0ef0
4fe1
0000
0000
0ef0
df50
0001
0000
0000
0000
0000
0000
0000
0000
0000
0000
0000
0000
0000
0000
0000
0000
0000
0000
0000
0000
0000
0000
bec0
0002
0000
0000
f960
000d
0000
0000
b000
004f
0000
0000
d000
00af
0000
0000
f400
01fe
0000
0000
fa00
07f6
0000
0000
ce10
0de1
0000
0000
7f60
4f90
0000
0000
2fc0
af40
0000
0000
0cf2
fc00
0059
0000
07f8
b200
00be
0000
0000
0000
0000
0000
0000
0000
0000
0000
0000
0000
0000
0000
0000
0000
0000
0000
0000
0000
0000
0000
0000
0000
0000
0000
0000
0000
0000
0000
0000
0000
0000
0000
0ef0
fe00
0000
0000
0ef0
fe00
0000
0000
0ef0
fe00
0000
0000
0ef0
fe00
0000
0000
0ef0
fe00
0000
0000
2ff0
ff20
0000
0000
dff0
ffd8
0008
0000
8ef0
d49e
000f
0000
0ef0
0000
0000
0000
0ef0
0000
0000
0000
0ef0
0000
0000
0000
0000
0000
0000
0000
0000
0000
0000
0000
0000
0000
0000
0000
0000
0000
0000
0000
0000
0000
0000
0000
03cf
fa00
0005
0000
0cf9
ef10
0000
0000
2fc0
8f50
0000
0000
7f60
3fb0
0000
0000
de10
0cf1
0000
0000
f900
06f7
0000
0000
f400
01ff
0000
0000
d000
00af
0000
0000
0000
0000
0000
0000
0000
0000
0000
0000
0000
0000
0000
0000
0000
0000
0000
0000
0000
0000
0000
0000
ffe0
efff
0000
0000
d970
778b
0000
0000
5f70
0000
0000
0000
1fd0
0000
0000
0000
af90
0224
0000
0000
d600
3fff
0000
0000
cf50
1556
0000
0000
1fe0
0000
0000
0000
1fe0
0000
0000
0000
df90
0578
0000
0000
d810
afff
0000
0000
0000
ef10
0000
0000
0000
ef00
0000
0000
0000
0000
0000
0000
0000
0000
0000
0000
0000
0000
0000
0000
0000
0000
0000
0000
0000
0000
0000
0000
0000
0000
0000
0000
b400
3bee
0000
0000
ef30
ef99
0003
0000
5fb0
f600
000a
0000
0fe0
f100
000d
0000
0fe0
f100
000d
0000
5fb0
f600
000a
0000
ef40
ef98
0003
0000
b400
3bee
0000
0000
0000
0000
0000
0000
0000
0000
0000
0000
0000
0000
0000
0000
0000
0000
0000
0000
0000
0000
0000
0000
0000
0000
0000
0000
0000
0000
0000
0000
0000
0000
0000
0000
fff4
ffff
006f
0000
ff72
ff77
0037
0000
ef00
fe00
0000
0000
ef00
fe00
0000
0000
ef00
fe00
0000
0000
ef00
fe00
0000
0000
ef00
fd00
0019
0000
ef00
d500
004f
0000
0000
0000
0000
0000
0000
0000
0000
0000
0000
0000
0000
0000
0000
0000
0000
0000
0000
0000
0000
0000
0000
0000
0000
0000
0000
0000
0000
0000
0000
0000
0000
0000
b400
3bee
0000
0000
ef30
ff99
0003
0000
4fb0
f600
000a
0000
0fe0
f100
000d
0000
1ff0
f100
000d
0000
5ff0
f600
000b
0000
eff0
ff99
0004
0000
5ef0
4cfd
0000
0000
0ef0
0000
0000
0000
0ef0
0000
0000
0000
0ef0
0000
0000
0000
0000
0000
0000
0000
0000
0000
0000
0000
0000
0000
0000
0000
0000
0000
0000
0000
0000
0000
0000
0000
b400
19ee
0000
0000
ef40
cfb8
0000
0000
4fb0
9b00
0001
0000
0fe0
0000
0000
0000
0fe0
0000
0000
0000
4fc0
0000
0000
0000
ef50
0478
0000
0000
c500
9fff
0000
0000
0000
ef30
0000
0000
0000
fe00
0000
0000
0000
0000
0000
0000
0000
0000
0000
0000
0000
0000
0000
0000
0000
0000
0000
0000
0000
0000
0000
0000
0000
0000
0000
0000
c400
fffe
008f
0000
ef40
cfe8
0047
0000
5fb0
f600
0005
0000
0fe0
f100
000d
0000
1fe0
f100
000e
0000
5fb0
f600
000b
0000
ef30
ff98
0003
0000
b400
3bee
0000
0000
0000
0000
0000
0000
0000
0000
0000
0000
0000
0000
0000
0000
0000
0000
0000
0000
0000
0000
0000
0000
0000
0000
0000
0000
0000
0000
0000
0000
0000
0000
0000
0000
fff0
ffff
0000
0000
7770
77ff
0000
0000
0000
00ef
0000
0000
0000
00ef
0000
0000
0000
00ef
0000
0000
0000
00ef
0000
0000
0000
19fd
0000
0000
0000
4fd5
0000
0000
0000
0000
0000
0000
0000
0000
0000
0000
0000
0000
0000
0000
0000
0000
0000
0000
0000
0000
0000
0000
0000
0000
0000
0000
0000
0000
0000
0000
0000
0000
0000
0000
0ef0
fe00
0000
0000
0ef0
fe00
0000
0000
0ef0
fe00
0000
0000
0ef0
fe00
0000
0000
0ef0
fe00
0000
0000
1fe0
ef20
0000
0000
cf80
8fd8
0000
0000
d800
08df
0000
0000
0000
0000
0000
0000
0000
0000
0000
0000
0000
0000
0000
0000
0000
0000
0000
0000
0000
0000
0000
0000
0000
0000
0000
0000
0000
0000
0000
0000
0000
0000
0000
0000
b500
fc20
006d
0000
ef40
afb1
06fc
0000
4fb0
1fe0
0df2
0000
0fe0
0fe0
0fe0
0000
0fe0
0fe0
0fe0
0000
6fb0
0fe0
0bf5
0000
fe30
affa
03ef
0000
a200
dffe
0029
0000
0000
0fe0
0000
0000
0000
0fe0
0000
0000
0000
0fe0
0000
0000
0000
0000
0000
0000
0000
0000
0000
0000
0000
0000
0000
0000
0000
0000
0000
0000
0000
0000
0000
0000
4cf0
d000
001e
0000
ee80
f601
0006
0000
f500
dd07
0000
0000
c000
5f7e
0000
0000
3000
0bff
0000
0000
0000
04ff
0000
0000
2000
09ff
0000
0000
a000
3faf
0000
0000
f400
be28
0000
0000
ed00
f801
004a
0000
7f70
a100
007e
0000
0000
0000
0000
0000
0000
0000
0000
0000
0000
0000
0000
0000
0000
0870
0000
0000
0000
0fe0
0000
0000
0ef0
0fe0
1fd0
0000
0ef0
0fe0
1fd0
0000
0ef0
0fe0
1fd0
0000
0ef0
0fe0
1fd0
0000
0fe0
0fe0
0fe0
0000
4fb0
0fe0
0cf3
0000
ef40
9ff9
05fe
0000
b400
effe
004c
0000
0000
0fe0
0000
0000
0000
0fe0
0000
0000
0000
0fe0
0000
0000
0000
0000
0000
0000
0000
0000
0000
0000
0000
0000
0000
0000
0000
0000
0000
0000
0000
0000
0000
0000
f900
0009
09e2
0000
cf40
0000
4f80
0000
4fa0
3300
af30
0000
0fe0
ef00
ef10
0000
0ff0
ef00
fe00
0000
2fd0
ff30
df11
0000
df60
ebd8
7fba
0000
d700
42cf
09ee
0000
0000
0000
0000
0000
0000
0000
0000
0000
0000
0000
0000
0000
0000
0000
0000
0000
0000
0000
0000
0000
cb0c
0000
0000
0000
5404
0000
0000
0000
0000
0000
0000
0000
0ef0
0000
0000
0000
0ef0
0000
0000
0000
0ef0
0000
0000
0000
0ef0
0000
0000
0000
0ef0
0000
0000
0000
0ef0
0000
0000
0000
6fe0
0000
0000
0000
be60
0000
0000
0000
0000
0000
0000
0000
0000
0000
0000
0000
0000
0000
0000
0000
0000
0000
0000
0000
0000
0000
0000
0000
bc00
0cb0
0000
0000
4500
0540
0000
0000
0000
0000
0000
0000
0ef0
fe00
0000
0000
0ef0
fe00
0000
0000
0ef0
fe00
0000
0000
0ef0
fe00
0000
0000
0ef0
fe00
0000
0000
1fe0
ef20
0000
0000
cf80
8fd8
0000
0000
d800
08df
0000
0000
0000
0000
0000
0000
0000
0000
0000
0000
0000
0000
0000
0000
0000
0000
0000
0000
0000
0121
0000
0000
0000
03f7
0000
0000
0000
00b9
0000
0000
0000
0000
0000
0000
b400
3bee
0000
0000
ef30
ef99
0003
0000
5fb0
f600
000a
0000
0fe0
f100
000d
0000
0fe0
f100
000d
0000
5fb0
f600
000a
0000
ef40
ef98
0003
0000
b400
3bee
0000
0000
0000
0000
0000
0000
0000
0000
0000
0000
0000
0000
0000
0000
0000
0000
0000
0000
0000
0022
0000
0000
0000
009e
0000
0000
0000
003f
0000
0000
0000
0000
0000
0000
0ef0
fe00
0000
0000
0ef0
fe00
0000
0000
0ef0
fe00
0000
0000
0ef0
fe00
0000
0000
0ef0
fe00
0000
0000
1fe0
ef20
0000
0000
cf80
8fd8
0000
0000
d800
08df
0000
0000
0000
0000
0000
0000
0000
0000
0000
0000
0000
0000
0000
0000
0000
0000
0000
0000
0000
2100
0001
0000
0000
f800
0002
0000
0000
c900
0000
0000
0000
0000
0000
0000
f900
0009
09e2
0000
cf40
0000
4f80
0000
4fa0
3300
af30
0000
0fe0
ef00
ef10
0000
0ff0
ef00
fe00
0000
2fd0
ff30
df11
0000
df60
ebd8
7fba
0000
d700
42cf
09ee
0000
0000
0000
0000
0000
0000
0000
0000
0000
0000
0000
0000
0000
0000
0000
0000
0000
0000
0000
0000
0000
0ef0
c100
008f
0000
0ef0
fb00
000a
0000
0ef0
bf90
0000
0000
0ef0
1df7
0000
0000
4ef0
02ff
0000
0000
eff0
05ff
0000
0000
eff0
1ef6
0000
0000
3ff0
af90
0000
0000
0ff0
fd10
0005
0000
0ef0
f300
002e
0000
0ef0
8000
00bf
0000
0000
8000
00af
0000
0000
f400
001d
0000
0000
c300
0004
0000
0000
0000
0000
0000
0000
0000
0000
0000
7000
5dfd
0000
0000
fb00
ff8a
0002
0000
cf50
fd12
0003
0000
efb0
bfff
0000
0000
afe0
9fff
0000
0000
fff0
fc68
0007
0000
7ff0
f200
000d
0000
5fd0
f100
000e
0000
9fa0
f400
000b
0000
fe20
fe89
0004
0000
b300
4bee
0000
0000
0000
0000
0000
0000
0000
0000
0000
0000
0000
0000
0000
0000
0000
0000
0000
0000
0000
0000
0000
0000
2000
2beb
0000
0000
b000
bfaf
0000
0000
e000
ee0e
0000
0000
e000
fe0f
0000
0000
c000
fe4f
0000
0000
5000
ffdf
0004
0000
0cc0
ffe6
000d
0000
0ff0
ff10
0002
0000
2fe0
df20
0000
0000
df80
7fc8
0000
0000
d700
07df
0000
0000
0000
0000
0000
0000
0000
0000
0000
0000
0000
0000
0000
0000
0000
0000
0000
0000
0000
0000
0000
0000
0af8
a000
007f
0000
7fb3
f700
003b
0000
de10
ed00
0001
0000
f900
8f54
0000
0000
f200
2fbb
0000
0000
b000
0aff
0000
0000
4000
03ff
0000
0000
0000
00ef
0000
0000
0000
00ef
0000
0000
0000
00ef
0000
0000
0000
00ef
0000
0000
0000
0000
0000
0000
0000
0000
0000
0000
0000
0000
0000
0000
0000
0000
0000
0000
0000
0000
0000
0000
82f8
00af
fa00
0007
30b9
07fb
bf70
0003
0012
0de1
1ed0
0000
0000
4f90
08f5
0000
0000
bf20
02fb
0000
0000
fb00
00af
0000
0000
f400
003f
0000
0000
f000
000e
0000
0000
f000
000e
0000
0000
f000
000e
0000
0000
f000
000e
0000
0000
0000
0000
0000
0000
0000
0000
0000
0000
0000
0000
0000
0000
0000
0000
0000
6000
6606
0000
0000
9000
9909
0000
0000
0660
0000
0066
0000
bfb0
a000
00bf
0000
f610
f405
001a
0000
c000
fb0c
0004
0000
4000
df8f
0000
0000
0000
6ffa
0000
0000
0000
1ff2
0000
0000
0000
0ef0
0000
0000
0000
0ef0
0000
0000
0000
0ef0
0000
0000
0000
0000
0000
0000
0000
0000
0000
0000
0000
0000
0000
0000
0000
0000
0000
0000
0000
0000
0000
0000
0000
0ef0
0000
0000
0000
0ef0
0000
0000
0000
0ef0
0000
0000
b300
effe
003a
0000
ef30
9ff9
03ef
0000
6fb0
0ef0
0af6
0000
1fe0
0ef0
0df1
0000
1fe0
0ef0
0df1
0000
5fb0
0ef0
0af6
0000
ef40
9ff9
03ef
0000
b300
effe
003b
0000
0000
0ef0
0000
0000
0000
0ef0
0000
0000
0000
0ef0
0000
0000
0000
0000
0000
0000
0000
0000
0000
0000
0000
0000
0000
0000
0000
0000
0000
0000
0000
0000
0000
0000
fff0
ffff
ffff
000f
ffe0
7777
fe77
000e
3fb0
3200
f301
000c
1fe0
ff00
f108
000e
1fe0
ff00
f108
000d
4fb0
ff30
f40a
000b
ef50
ffd8
fd9f
0005
c500
37df
6dfc
0000
0000
0000
0000
0000
0000
0000
0000
0000
0000
0000
0000
0000
0000
0000
0000
0000
0000
0000
0000
0000
0000
0000
0000
0000
0000
0000
0000
0000
0000
0000
0000
0000
0ef0
df50
0001
0000
0ef0
2ee3
0000
0000
3ff0
03ee
0000
0000
fff0
007f
0000
0000
8ff0
00cf
0000
0000
0ef0
08f9
0000
0000
0ef0
4fc0
0000
0000
0ef0
df30
0001
0000
0000
df30
0001
0000
0000
2ed1
0000
0000
0000
04c2
0000
0000
0000
0000
0000
0000
0000
0000
0000
0000
0000
0000
0000
0000
0000
0000
0000
0000
0000
0000
0000
0000
ff00
00ff
0000
0000
00f0
0f00
0000
0000
00f0
0f00
0000
0000
00f0
0f00
0000
0000
00f0
0f00
0000
0000
00f0
0f00
0000
0000
00f0
0f00
0000
0000
00f0
0f00
0000
0000
00f0
0f00
0000
0000
ff00
00ff
0000
0000
f000
000f
0000
0000
ff00
00ff
0000
0000
0000
0000
0000
0000
0000
0000
0000
0000
0000
0000
0000
0000
0000
0000
0000
0000
0000
0000
0000
0000
0000
0000
0000
0000
ff00
00ff
0000
0000
00f0
0f00
0000
0000
00f0
0f00
0000
0000
00f0
0f00
0000
0000
00f0
0f00
0000
0000
00f0
0f00
0000
0000
00f0
0f00
0000
0000
ff00
00ff
0000
0000
f000
000f
0000
0000
f000
000f
0000
0000
0000
0000
0000
0000
0000
0000
0000
0000
0000
0000
0000
0000
0000
0000
0000
0000
f000
00ff
0000
0000
0f00
0f00
0000
0000
00f0
f000
0000
0000
00f0
0000
0000
0000
00f0
0000
0000
0000
00f0
0000
0000
0000
00f0
0000
0000
0000
00f0
0000
0000
0000
0f00
0000
0000
0000
f000
00ff
0000
0000
0000
0f00
0000
0000
f000
00ff
0000
0000
0000
0000
0000
0000
0000
0000
0000
0000
0000
0000
0000
0000
0000
0000
0000
0000
0000
f000
0000
0000
0000
0f00
0000
0000
f000
00ff
0000
0000
0f00
0000
0000
0000
00f0
0000
0000
0000
00f0
0000
0000
0000
00f0
0000
0000
0000
00f0
0000
0000
0000
0f00
0000
0000
0000
f000
00ff
0000
0000
0000
0f00
0000
0000
f000
00ff
0000
0000
0000
0000
0000
0000
fff0
ffff
0000
0000
7ff0
7777
0000
0000
0ef0
0000
0000
0000
0ef0
0000
0000
0000
2ef0
2222
0000
0000
fff0
ffff
0000
0000
5ef0
5555
0000
0000
0ef0
0000
0000
0000
0ef0
0000
0000
0000
0ef0
0000
0000
0000
0ef0
0000
0000
0000
0000
0000
0000
0000
0000
0000
0000
0000
0000
0000
0000
0000
0000
0000
0000
0000
0000
0000
0000
0000
0000
0000
0000
0000
0000
0000
0000
0000
0000
0000
0000
0000
fff0
4fff
0000
0000
7ff0
2777
0000
0000
0ef0
0000
0000
0000
2ef0
1222
0000
0000
fff0
4fff
0000
0000
5ef0
1555
0000
0000
0ef0
0000
0000
0000
0ef0
0000
0000
0000
0ef0
0000
0000
0000
0ef0
0000
0000
0000
0ef0
0000
0000
0000
0000
0000
0000
0000
0000
0000
0000
0000
0000
0000
0000
0000
0000
0000
0000
0000
0000
0000
0000
0000
0ff0
0000
0000
0000
0f00
0000
0000
0000
0f00
0000
0000
0000
0f00
0000
0000
0000
0f00
0000
0000
0000
ff00
0fff
0000
0000
0000
00f0
0000
0000
0000
00f0
0000
0000
0000
000f
0000
0000
0000
000f
0000
0000
0000
0000
0000
0000
0000
0000
0000
0000
0000
0000
0000
0000
0000
0000
0000
0000
0000
0000
0000
0000
0000
0000
0000
0000
0000
0000
0000
0000
0000
0000
0000
0000
0f00
0000
0000
0000
f000
0000
0000
0000
f000
0000
0000
0000
0f00
0f00
0000
0000
ff00
00ff
0000
0000
00f0
00f0
0000
0000
0000
000f
0000
0000
0000
000f
0000
0000
0000
000f
0000
0000
0000
0ff0
0000
0000
0000
0000
0000
0000
0000
0000
0000
0000
0000
0000
0000
0000
0000
0000
0000
0000
fff0
000f
0000
0000
000f
00f0
0000
0000
0000
00ff
0000
0000
f000
0f00
0000
0000
0f00
0f00
0000
0000
0000
0ff0
0000
0000
0000
0f0f
0000
0000
f000
0f00
0000
0000
0000
0f00
0000
0000
0000
00f0
0000
0000
0000
0000
0000
0000
0000
0000
0000
0000
0000
0000
0000
0000
0000
0000
0000
0000
0000
0000
0000
0000
0000
0000
0000
0000
0000
0000
0000
0000
0000
0000
0000
0000
ff00
0000
0000
0000
0000
000f
0000
0000
0000
00ff
0000
0000
f000
00f0
0000
0000
0f00
0f00
0000
0000
0000
0ff0
0000
0000
0000
0f0f
0000
0000
f000
0f00
0000
0000
0000
0f00
0000
0000
0000
00f0
0000
0000
0000
0000
0000
0000
0000
0000
0000
0000
0000
0000
0000
0000
0000
0000
0000
0000
00f0
00f0
0000
0000
f00f
0f00
0000
0000
f00f
0f00
0000
0000
f00f
0f00
0000
0000
f00f
0f00
0000
0000
f00f
0f00
0000
0000
f00f
0f00
0000
0000
f00f
0f00
0000
0000
f00f
0f00
0000
0000
0ff0
0fff
0000
0000
0000
0f00
0000
0000
f000
00ff
0000
0000
0000
0000
0000
0000
0000
0000
0000
0000
0000
0000
0000
0000
0000
0000
0000
0000
0000
0000
0000
0000
0000
0000
0000
0000
00f0
00f0
0000
0000
f00f
0f00
0000
0000
f00f
0f00
0000
0000
f00f
0f00
0000
0000
f00f
0f00
0000
0000
f00f
0f00
0000
0000
f00f
0f00
0000
0000
0ff0
0fff
0000
0000
0000
0f00
0000
0000
f000
00ff
0000
0000
0000
0000
0000
0000
0000
0000
0000
0000
0000
0000
0000
0000
0000
0000
0000
0000
0f00
0f00
0000
0000
00f0
0f00
0000
0000
00f0
0f00
0000
0000
00f0
0f00
0000
0000
00f0
0f00
0000
0000
00f0
0ff0
0000
0000
ff00
0f0f
0000
0000
0000
0f00
0000
0000
0000
0f00
0000
0000
0000
0f00
0000
0000
0000
0f00
0000
0000
0000
0f00
0000
0000
0000
0000
0000
0000
0000
0000
0000
0000
0000
0000
0000
0000
0000
0000
0000
0000
0000
0000
0000
0000
0000
0000
0000
0000
f000
0f00
0000
0000
0f00
0f00
0000
0000
0f00
0f00
0000
0000
0f00
0f00
0000
0000
0f00
0f00
0000
0000
f000
0fff
0000
0000
0000
0f00
0000
0000
0000
0f00
0000
0000
0000
0f00
0000
0000
0000
0f00
0000
0000
0000
0000
0000
0000
0000
0000
0000
0000
0000
0000
0000
0000
0000
0000
0000
0000
00f0
0000
0000
0000
00f0
0000
0000
0000
00f0
0000
0000
0000
f0f0
00ff
0000
0000
0ff0
0f00
0000
0000
00f0
f000
0000
0000
00f0
f000
0000
0000
00f0
f000
0000
0000
00f0
f000
0000
0000
00f0
f000
0000
0000
0000
0f00
0000
0000
f000
00ff
0000
0000
0000
0000
0000
0000
0000
0000
0000
0000
0000
0000
0000
0000
0000
0000
0000
0000
0000
0000
0000
0000
0000
0000
0000
0000
00f0
0000
0000
0000
00f0
0000
0000
0000
00f0
0000
0000
0000
f0f0
00ff
0000
0000
0ff0
0f00
0000
0000
00f0
f000
0000
0000
00f0
f000
0000
0000
00f0
f000
0000
0000
0000
0f00
0000
0000
f000
00ff
0000
0000
0000
0000
0000
0000
0000
0000
0000
0000
0000
0000
0000
0000
0000
0000
0000
0000
ff00
00ff
0000
0000
00f0
0f00
0000
0000
00f0
0f00
0000
0000
0000
0f00
0000
0000
0000
00f0
0000
0000
0000
000f
0000
0000
f000
0000
0000
0000
0f00
0000
0000
0000
00f0
0000
0000
0000
00f0
0000
0000
0000
00f0
ff00
0000
0000
ff00
00ff
0000
0000
0000
0000
0000
0000
0000
0000
0000
0000
0000
0000
0000
0000
0000
0000
0000
0000
0000
0000
0000
0000
0000
0000
0000
0000
ff00
00ff
0000
0000
00f0
0f00
0000
0000
00f0
0f00
0000
0000
0000
00f0
0000
0000
0000
000f
0000
0000
f000
0000
0000
0000
0f00
0000
0000
0000
00f0
0000
0000
0000
00f0
ff00
0000
0000
ff00
00ff
0000
0000
0000
0000
0000
0000
0000
0000
0000
0000
0000
0000
0000
0000
0000
0000
0000
0000
00ff
ff00
0000
0000
0f0f
f0f0
0000
0000
0f00
00f0
0000
0000
f000
000f
0000
0000
f000
000f
0000
0000
0f00
00f0
0000
0000
0f00
00f0
0000
0000
00f0
0f00
0000
0000
00f0
0f00
0000
0000
fff0
0fff
0000
0000
000f
f000
0000
0000
0000
0000
0000
0000
0000
0000
0000
0000
0000
0000
0000
0000
0000
0000
0000
0000
0000
0000
0000
0000
0000
0000
0000
0000
0000
0000
0000
0000
0f00
00f0
0000
0000
f0f0
0f0f
0000
0000
f000
000f
0000
0000
f000
000f
0000
0000
f000
000f
0000
0000
0f00
00f0
0000
0000
00f0
0f00
0000
0000
fff0
0fff
0000
0000
0000
0000
0000
0000
0000
0000
0000
0000
0000
0000
0000
0000
0000
0000
0000
0000
0000
0000
0000
0000
0000
0000
0000
0000
ff00
0fff
0000
0000
00f0
f000
0000
0000
00f0
0000
0000
0000
f0f0
00ff
0000
0000
0ff0
0f00
0000
0000
00f0
0f00
0000
0000
00f0
0f00
0000
0000
00f0
0f00
0000
0000
00f0
0f00
0000
0000
ff00
00ff
0000
0000
0000
0000
0000
0000
0000
0000
0000
0000
0000
0000
0000
0000
0000
0000
0000
0000
0000
0000
0000
0000
0000
0000
0000
0000
0000
0000
0000
0000
0000
0000
0000
0000
ff00
0fff
0000
0000
00f0
f000
0000
0000
00f0
0000
0000
0000
f0f0
00ff
0000
0000
0ff0
0f00
0000
0000
00f0
0f00
0000
0000
00f0
0f00
0000
0000
ff00
00ff
0000
0000
0000
0000
0000
0000
0000
0000
0000
0000
0000
0000
0000
0000
0000
0000
0000
0000
0000
0000
0000
0000
0000
0000
0000
0000
f000
0000
0000
0000
f000
0000
0000
0000
ffff
0fff
0000
0000
f00f
0f00
0000
0000
f000
0000
0000
0000
f000
0000
0000
0000
f000
0000
0000
0000
f000
0000
0000
0000
f000
0000
0000
0000
f000
0000
0000
0000
f000
0000
0000
0000
f000
0000
0000
0000
0000
0000
0000
0000
0000
0000
0000
0000
0000
0000
0000
0000
0000
0000
0000
0000
0000
0000
0000
0000
0000
0000
0000
0000
f000
0000
0000
0000
f000
0000
0000
0000
ffff
0fff
0000
0000
f00f
0f00
0000
0000
f000
0000
0000
0000
f000
0000
0000
0000
f000
0000
0000
0000
f000
0000
0000
0000
f000
0000
0000
0000
f000
0000
0000
0000
0000
0000
0000
0000
0000
0000
0000
0000
0000
0000
0000
0000
0000
0000
0000
0000
cfa0
3003
009f
0000
fb50
f10b
000f
0000
f000
fa0e
000f
0000
f000
ff6e
000f
0000
f000
eaef
000f
0000
f000
e1df
000f
0000
f000
c03f
048f
0000
f500
3007
0bfc
0000
0000
0000
0000
0000
0000
0000
0000
0000
0000
0000
0000
0000
0000
0000
0000
0000
0000
0000
0000
0000
0000
0000
0000
0000
0000
0000
0000
0000
0000
0000
0000
0000
b400
4bee
0000
0000
ef40
fe88
0004
0000
4fb0
f400
000b
0000
0fe0
f100
000e
0000
1ff0
f200
000d
0000
bff0
fb33
0008
0000
efc0
bfff
0001
0000
7f80
0253
0000
0000
fe10
0017
0000
0000
d400
4cff
0000
0000
0000
fe95
0001
0000
0000
7300
0002
0000
0000
0000
0000
0000
0000
0000
0000
0000
0000
0000
0000
0000
0000
0000
0000
0000
b400
2aee
0000
0000
ef40
ef98
0001
0000
5fb0
a600
0003
0000
0fe0
0000
0000
0000
0fe0
0000
0000
0000
5fb0
a600
0003
0000
ef40
ef98
0001
0000
b400
2aee
0000
0000
0000
0000
0000
0000
0000
0000
0000
0000
0000
0000
0000
0000
0000
0000
0000
0000
0000
0000
0000
0000
0bc0
0000
0000
0000
0450
0000
0000
0000
0000
0000
0000
0000
0ef0
0000
0000
0000
0ef0
0000
0000
0000
0ef0
0000
0000
0000
0ef0
0000
0000
0000
0ef0
0000
0000
0000
0ef0
0000
0000
0000
0ef0
0000
0000
0000
0ef0
0000
0000
0000
0ef0
0000
0000
0000
0bfa
0000
0000
0000
02be
0000
0000
0000
0000
0000
0000
0000
0000
0000
0000
0000
5000
beeb
0005
0000
f800
d88d
008f
0000
cf40
1001
04fc
0000
4fa0
0000
0af4
0000
3fe0
2222
0df3
0000
fff0
ffff
0fff
0000
5fe0
5555
0df5
0000
4fa0
0000
0af4
0000
cf40
1001
04fc
0000
f800
d88d
008f
0000
5000
beeb
0005
0000
0000
0000
0000
0000
0000
0000
0000
0000
0000
0000
0000
0000
0000
0000
0000
0000
0000
0000
0000
0000
0000
0000
0000
0000
0000
0000
0000
0000
0000
0000
0000
0000
c500
0fff
0000
0000
df50
0778
0000
0000
5fc0
0022
0000
0000
ffe0
00cf
0000
0000
5fe0
0045
0000
0000
3fc0
0000
0000
0000
df50
0778
0000
0000
c500
0fff
0000
0000
0000
0000
0000
0000
0000
0000
0000
0000
0000
0000
0000
0000
0000
0000
0000
0000
0000
0000
0000
0000
0000
0000
0000
0000
0000
0000
0000
0000
0000
0000
0000
0000
fff0
004c
0000
0000
8770
04fe
0000
0000
2200
0bf7
0000
0000
fc00
0dff
0000
0000
5400
0df6
0000
0000
0000
0bf5
0000
0000
8770
04fe
0000
0000
fff0
004c
0000
0000
0000
0000
0000
0000
0000
0000
0000
0000
0000
0000
0000
0000
0000
0000
0000
0000
0000
0000
0000
0000
0000
0000
0000
0000
0000
0000
0000
0000
0000
0000
0000
0000
00f0
0000
0000
0000
fff0
000f
0000
0000
00f0
00f0
0000
0000
00f0
0f00
0000
0000
00f0
0f00
0000
0000
00f0
0f00
0000
0000
00f0
0f00
0000
0000
00f0
0f00
0000
0000
00f0
00f0
0000
0000
fff0
000f
0000
0000
00f0
0000
0000
0000
00f0
0000
0000
0000
0000
0000
0000
0000
0000
0000
0000
0000
0000
0000
0000
0000
0000
0000
0000
0000
00f0
0000
0000
0000
00f0
0000
0000
0000
f0f0
00ff
0000
0000
0ff0
0f00
0000
0000
00f0
0f00
0000
0000
00f0
0f00
0000
0000
00f0
0f00
0000
0000
00f0
0f00
0000
0000
0ff0
0f00
0000
0000
f0f0
00ff
0000
0000
00f0
0000
0000
0000
00f0
0000
0000
0000
0000
0000
0000
0000
5000
beeb
0005
0000
f800
d88d
008f
0000
cf40
1001
03fd
0000
4fa0
0000
0495
0000
0fe0
0000
0000
0000
0ef0
0000
0000
0000
0fe0
0000
0000
0000
4fa0
0000
0495
0000
cf40
1001
03fd
0000
f800
d88d
008f
0000
5000
ceeb
0004
0000
0000
0000
0000
0000
0000
0000
0000
0000
0000
0000
0000
0000
0000
0000
0000
0000
0000
0000
0000
0000
fff0
0003
ff50
000e
fff0
0009
ffa0
000e
fff0
000e
fdf1
000e
cef0
005f
f9f6
000e
7ef0
00af
f4fc
000e
2ef0
21ff
f0ef
000e
0ef0
75fb
f08f
000e
0ef0
b9f5
f02f
000e
0ef0
edd0
f00c
000e
0ef0
ff80
f006
000e
0ef0
ef20
f001
000e
0000
0000
0000
0000
0000
0000
0000
0000
0000
0000
0000
0000
0000
0000
0000
0000
0000
0000
0000
0000
0000
0000
0000
0000
0000
0000
0000
0000
0000
0000
0000
0000
0000
0000
0000
0000
0000
0000
0000
0000
00f0
00f0
0000
0000
0ff0
00ff
0000
0000
0ff0
00ff
0000
0000
f0f0
00f0
0000
0000
00f0
00f0
0000
0000
00f0
00f0
0000
0000
00f0
00f0
0000
0000
00f0
ff00
0000
0000
00f0
0000
0000
0000
00f0
0000
0000
0000
0000
0000
0000
0000
0000
0000
0000
0000
0000
0000
0000
0000
0000
0000
0000
0000
b400
3bee
0000
0000
ef30
ff99
0003
0000
4fb0
f600
000a
0000
0fe0
f100
000d
0000
1ff0
f100
000d
0000
5ff0
f600
000b
0000
eff0
ff99
0004
0000
5ef0
4cfd
0000
0000
2ff2
0002
0000
0000
ffff
000d
0000
0000
5ff5
0004
0000
0000
0000
0000
0000
0000
0000
0000
0000
0000
c500
4bee
0000
0000
df90
fe98
0007
0000
1cf4
d100
003f
0000
0495
5000
009f
0000
0000
1000
00df
0000
0000
0000
00ef
0000
0000
1000
00df
0000
0495
5000
009f
0000
1cf4
d100
003f
0000
df90
fe88
0007
0000
c500
5bef
0000
0000
0000
0000
0000
0000
0000
0000
0000
0000
0000
0000
0000
0000
0000
0000
0000
0000
0000
0000
0000
0000
5000
beec
0003
0000
f900
f98d
003f
0000
cf40
3001
00df
0000
4fa0
0000
04fb
0000
0fe0
0110
0000
0000
0ef0
0cd0
0000
0000
0fe0
0ab0
0000
0000
4fb0
0000
0264
0000
cf40
2001
02fe
0000
f900
e98d
006f
0000
6000
beec
0004
0000
0000
0000
0000
0000
0000
0000
0000
0000
0000
0000
0000
0000
0000
0000
0000
0000
0000
0000
0000
0000
b300
5cee
0000
0000
ff30
fd89
0009
0000
4fd0
c100
004f
0000
0cf3
4000
00af
0000
0000
0011
00df
0000
0000
00cd
00fe
0000
0000
00ab
00ef
0000
0462
4000
00bf
0000
2ef1
c100
004f
0000
ef60
fd89
0009
0000
b400
6cee
0000
0000
0000
0000
0000
0000
0000
0000
0000
0000
0000
0000
0000
0000
0000
0000
0000
0000
5200
0001
0000
0000
e200
000c
0000
0000
1000
0005
0000
0000
ccc0
cccb
0000
0000
7ff0
7777
0000
0000
0ef0
0000
0000
0000
1ef0
0111
0000
0000
dff0
6ddd
0000
0000
5ef0
3555
0000
0000
0ef0
0000
0000
0000
4ef0
4444
0000
0000
eff0
eeee
0000
0000
0000
0000
0000
0000
0000
0000
0000
0000
0000
0000
0000
0000
0000
0000
0000
0000
6600
0660
0000
0000
7800
0870
0000
0000
6560
7667
0000
0000
dff0
dddd
0000
0000
1ef0
1111
0000
0000
0ef0
0000
0000
0000
4ef0
2444
0000
0000
eff0
7eee
0000
0000
2ef0
1222
0000
0000
0ef0
0000
0000
0000
5ef0
5555
0000
0000
eff0
eeee
0000
0000
0000
0000
0000
0000
0000
0000
0000
0000
0000
0000
0000
0000
0000
0000
0000
0000
0000
0000
0000
0000
fff0
ffff
00ff
0000
7770
77ff
0077
0000
0000
00fe
0000
0000
0000
00fe
0000
0000
0000
00fe
0012
0000
0000
f9fe
5cff
0000
0000
7efe
fe75
0005
0000
03fe
f300
000c
0000
00fe
f200
000d
0000
10fe
fc42
0008
0000
70fe
8eff
0000
0000
2000
0035
0000
0000
0000
0000
0000
0000
0000
0000
0000
0000
0000
0000
0000
0000
0251
0000
0000
0000
03eb
0000
0000
0000
0015
0000
0000
ccc0
cccb
0000
0000
7ff0
7777
0000
0000
0ef0
0000
0000
0000
0ef0
0000
0000
0000
0ef0
0000
0000
0000
0ef0
0000
0000
0000
0ef0
0000
0000
0000
0ef0
0000
0000
0000
0ef0
0000
0000
0000
0000
0000
0000
0000
0000
0000
0000
0000
0000
0000
0000
0000
0000
0000
0000
0000
0000
0000
0000
0000
5000
beec
0004
0000
f800
e98d
006f
0000
cf40
2001
02fe
0000
4fa0
0000
05c8
0000
3fe0
0222
0000
0000
fff0
0fff
0000
0000
5fe0
0555
0000
0000
4fb0
0000
0485
0000
cf40
1001
03fd
0000
f900
e98d
007f
0000
5000
beec
0004
0000
0000
0000
0000
0000
0000
0000
0000
0000
0000
0000
0000
0000
0000
0000
0000
0000
0000
0000
0000
0000
b500
6cee
0000
0000
df60
fe98
0007
0000
2fd0
f300
000e
0000
3fe0
0000
0000
0000
ff90
026a
0000
0000
e810
9fff
0001
0000
1000
fe94
0009
0000
0232
f200
000e
0000
0df6
f200
000d
0000
dfd1
fe98
0006
0000
d910
5bef
0000
0000
0000
0000
0000
0000
0000
0000
0000
0000
0000
0000
0000
0000
0000
0000
0000
0000
0000
0000
0000
0000
0ef0
0000
0000
0000
0ef0
0000
0000
0000
0ef0
0000
0000
0000
0ef0
0000
0000
0000
0ef0
0000
0000
0000
0ef0
0000
0000
0000
0ef0
0000
0000
0000
0ef0
0000
0000
0000
0ef0
0000
0000
0000
0ef0
0000
0000
0000
0ef0
0000
0000
0000
0000
0000
0000
0000
0000
0000
0000
0000
0000
0000
0000
0000
0000
0000
0000
0000
6066
0006
0000
0000
7099
0009
0000
0000
5600
0000
0000
0000
ff00
0000
0000
0000
ef00
0000
0000
0000
ef00
0000
0000
0000
ef00
0000
0000
0000
ef00
0000
0000
0000
ef00
0000
0000
0000
ef00
0000
0000
0000
ef00
0000
0000
0000
ef00
0000
0000
0000
0000
0000
0000
0000
0000
0000
0000
0000
0000
0000
0000
0000
0000
0000
0000
0000
0000
0000
0000
0000
0000
fe00
0000
0000
0000
fe00
0000
0000
0000
fe00
0000
0000
0000
fe00
0000
0000
0000
fe00
0000
0000
0000
fe00
0000
0000
0000
fe00
0000
0000
0dd0
fe00
0000
0000
1fd0
df10
0000
0000
cf80
7fc8
0000
0000
d700
07de
0000
0000
0000
0000
0000
0000
0000
0000
0000
0000
0000
0000
0000
0000
0000
0000
0000
0000
0000
0000
0000
0000
f200
ffff
00ef
0000
f300
777c
00ef
0000
f400
0009
00ef
0000
f600
0008
22ff
0001
f700
0006
ffff
07ef
f800
0005
55ff
7fd7
f900
0004
00ef
df20
fb00
0002
00ef
ff00
ee00
0000
00ef
cf40
9fb4
0000
77ff
5fe9
19e7
0000
ffff
05ce
0000
0000
0000
0000
0000
0000
0000
0000
0000
0000
0000
0000
0000
0000
0000
0000
0000
0000
0000
0000
0ef0
0000
00fe
0000
0ef0
0000
00fe
0000
0ef0
0000
00fe
0000
0ef0
0000
00fe
0000
8ff0
8888
88ff
0157
fff0
ffff
ffff
2dff
0ef0
0000
00fe
bf81
0ef0
0000
00fe
ef00
0ef0
0000
00fe
df20
0ef0
0000
77fe
6fe8
0ef0
0000
fffe
06ce
0000
0000
0000
0000
0000
0000
0000
0000
0000
0000
0000
0000
0000
0000
0000
0000
0000
0000
0000
0000
fff8
ffff
006f
0000
7774
77ff
0037
0000
0000
00ef
0000
0000
0000
00ef
0000
0000
0000
00ef
0012
0000
0000
fbff
1aff
0000
0000
6aff
afc6
0000
0000
00ef
ef20
0000
0000
00ef
fe00
0000
0000
00ef
fe00
0000
0000
00ef
fe00
0000
0000
0000
0000
0000
0000
0000
0000
0000
0000
0000
0000
0000
0000
0000
0000
0000
0000
0540
0000
0000
0000
07f4
0000
0000
0000
0054
0000
0000
0bc0
9000
006d
0000
0ff0
f800
001b
0000
0ef0
cf60
0001
0000
0ef0
1df4
0000
0000
dff0
03fe
0000
0000
5ef0
1af8
0000
0000
0ef0
af80
0000
0000
0ef0
f900
0009
0000
0ef0
a000
008f
0000
0000
0000
0000
0000
0000
0000
0000
0000
0000
0000
0000
0000
0000
0000
0000
0000
2000
0005
0000
0000
3000
00ae
0000
0000
0000
0053
0000
0000
0bc0
7000
00cc
0000
0ff0
f400
00ff
0000
0ef0
ed10
00ff
0000
0ef0
5fb0
00fe
0000
0ef0
0af8
00fe
0000
4ef0
01cf
00fe
0000
def0
003e
00fe
0000
fff0
0005
00fe
0000
9ff0
0000
00fe
0000
0000
0000
0000
0000
0000
0000
0000
0000
0000
0000
0000
0000
0000
0000
0000
0000
c500
5c9a
0000
0000
6000
06aa
0000
0000
0463
3000
0046
0000
1ef3
d000
006f
0000
7f80
f500
000c
0000
ee10
fc01
0005
0000
f700
cf37
0000
0000
e100
5fad
0000
0000
7000
0cff
0000
0000
0000
04fe
0000
0000
9700
00bf
0000
0000
ff00
002a
0000
0000
0000
0000
0000
0000
0000
0000
0000
0000
0000
0000
0000
0000
0000
0000
0000
0000
0000
0000
0000
0000
0ef0
d000
001f
0000
0ef0
d000
001f
0000
0ef0
d000
001f
0000
0ef0
d000
001f
0000
0ef0
d000
001f
0000
0ef0
d000
001f
0000
0ef0
d000
001f
0000
0ef0
d000
001f
0000
0ef0
d000
001f
0000
9ff0
e999
001f
0000
fff0
ffff
001f
0000
0000
00fe
0000
0000
0000
00fe
0000
0000
0000
0087
0000
0000
0000
0000
0000
0000
0000
0000
0000
0000
0000
6ff8
0000
0000
0000
cffd
0000
0000
3000
fcaf
0002
0000
9000
f86f
0008
0000
e000
f32f
000d
0000
f400
d00c
003f
0000
fa00
8007
009f
0000
fe10
ffff
00ef
0000
ff50
8888
05ff
0000
7fa0
0000
0af7
0000
1ff1
0000
1ff2
0000
0000
0000
0000
0000
0000
0000
0000
0000
0000
0000
0000
0000
0000
0000
0000
0000
0000
0000
0000
0000
fff0
efff
0000
0000
7ff0
7777
0000
0000
0ef0
0000
0000
0000
0ef0
0000
0000
0000
2ef0
0022
0000
0000
fff0
9fff
0001
0000
5ef0
fc65
0009
0000
0ef0
f100
000d
0000
0ef0
f200
000d
0000
7ff0
fd87
0007
0000
fff0
7dff
0000
0000
0000
0000
0000
0000
0000
0000
0000
0000
0000
0000
0000
0000
0000
0000
0000
0000
0000
0000
0000
0000
fff0
7dff
0000
0000
7ff0
fd87
0008
0000
0ef0
f300
000d
0000
0ef0
f100
000d
0000
2ef0
fb42
0006
0000
fff0
8fff
0000
0000
5ef0
fc65
0007
0000
0ef0
f200
000e
0000
0ef0
f100
000e
0000
7ff0
fd87
0009
0000
fff0
8dff
0000
0000
0000
0000
0000
0000
0000
0000
0000
0000
0000
0000
0000
0000
0000
0000
0000
0000
0000
0000
0000
0000
fff0
ffff
0000
0000
7ff0
7777
0000
0000
0ef0
0000
0000
0000
0ef0
0000
0000
0000
0ef0
0000
0000
0000
0ef0
0000
0000
0000
0ef0
0000
0000
0000
0ef0
0000
0000
0000
0ef0
0000
0000
0000
0ef0
0000
0000
0000
0ef0
0000
0000
0000
0000
0000
0000
0000
0000
0000
0000
0000
0000
0000
0000
0000
0000
0000
0000
0000
0000
0000
0000
0000
2000
ffff
0fff
0000
3000
77cf
0ff7
0000
5000
008f
0fe0
0000
6000
007f
0fe0
0000
7000
006f
0fe0
0000
8000
004f
0fe0
0000
a000
002f
0fe0
0000
e000
000e
0fe0
0000
f400
000a
0fe0
0000
fd70
777a
7ff7
0007
fff0
ffff
ffff
000e
0ef0
0000
f000
000e
0ef0
0000
f000
000e
0780
0000
8000
0007
0000
0000
0000
0000
0000
0000
0000
0000
fff0
ffff
0000
0000
7ff0
7777
0000
0000
0ef0
0000
0000
0000
0ef0
0000
0000
0000
2ef0
1222
0000
0000
fff0
8fff
0000
0000
5ef0
2555
0000
0000
0ef0
0000
0000
0000
0ef0
0000
0000
0000
7ff0
7777
0000
0000
fff0
ffff
0000
0000
0000
0000
0000
0000
0000
0000
0000
0000
0000
0000
0000
0000
0000
0000
0000
0000
0000
0000
0000
0000
7fd0
f000
000e
0cf8
ef40
f001
100e
03fe
fa00
f008
800e
00af
f200
f01e
e10e
002e
8000
f08f
f80e
0007
1000
ffff
ffff
0001
9000
f9bf
fb9f
0008
f300
f01e
e10e
003f
fc00
f006
700e
00cf
cf70
f000
000e
06fd
3fe2
f000
000e
1ef4
0000
0000
0000
0000
0000
0000
0000
0000
0000
0000
0000
0000
0000
0000
0000
0000
0000
0000
0000
0000
e920
06cf
0000
0000
bfd1
6fd8
0000
0000
0bf6
df30
0000
0000
0111
df10
0000
0000
2000
7fa3
0000
0000
c000
07ff
0000
0000
4000
7fc6
0000
0000
0000
df10
0000
0000
08e6
ef20
0000
0000
afe2
7fd8
0000
0000
ea20
06cf
0000
0000
0000
0000
0000
0000
0000
0000
0000
0000
0000
0000
0000
0000
0000
0000
0000
0000
0000
0000
0000
0000
0ef0
8000
00ff
0000
0ef0
f200
00ff
0000
0ef0
fb00
00ff
0000
0ef0
af60
00fe
0000
0ef0
3fe1
00fe
0000
0ef0
09f9
00fe
0000
3ef0
01ef
00fe
0000
bef0
005f
00fe
0000
fff0
000b
00fe
0000
fff0
0002
00fe
0000
8ff0
0000
00fe
0000
0000
0000
0000
0000
0000
0000
0000
0000
0000
0000
0000
0000
0000
0000
0000
0000
a000
7b9b
0000
0000
2000
08b9
0000
0000
0660
3000
0066
0000
0ff0
d100
00ff
0000
0ef0
f900
00ff
0000
0ef0
bf50
00fe
0000
0ef0
2fe2
00fe
0000
0ef0
06fb
00fe
0000
6ef0
00bf
00fe
0000
eff0
001d
00fe
0000
fff0
0004
00fe
0000
9ff0
0000
00fe
0000
0000
0000
0000
0000
0000
0000
0000
0000
0000
0000
0000
0000
0000
0000
0000
0000
0000
0000
0000
0000
0ef0
c000
008f
0000
0ef0
f700
000c
0000
0ef0
ef20
0002
0000
0ef0
6fc0
0000
0000
2ef0
0af7
0000
0000
fff0
02ff
0000
0000
5ef0
0af9
0000
0000
0ef0
6fc0
0000
0000
0ef0
fe20
0003
0000
0ef0
f600
001d
0000
0ef0
a000
00af
0000
0000
0000
0000
0000
0000
0000
0000
0000
0000
0000
0000
0000
0000
0000
0000
0000
0000
0000
0000
0000
f300
ffff
00ef
0000
f400
777c
00ef
0000
f500
0008
00ef
0000
f700
0007
00ef
0000
f800
0005
00ef
0000
f900
0004
00ef
0000
fa00
0003
00ef
0000
fc00
0001
00ef
0000
de10
0000
00ef
0000
8fb4
0000
00ef
0000
09e7
0000
00ef
0000
0000
0000
0000
0000
0000
0000
0000
0000
0000
0000
0000
0000
0000
0000
0000
0000
0000
0000
0000
0000
fff0
0003
ff50
000e
fff0
0009
ffa0
000e
fff0
000e
fdf1
000e
cef0
005f
f9f6
000e
7ef0
00af
f4fc
000e
2ef0
21ff
f0ef
000e
0ef0
75fb
f08f
000e
0ef0
b9f5
f02f
000e
0ef0
edd0
f00c
000e
0ef0
ff80
f006
000e
0ef0
ef20
f001
000e
0000
0000
0000
0000
0000
0000
0000
0000
0000
0000
0000
0000
0000
0000
0000
0000
0000
0000
0000
0000
0ef0
0000
00fe
0000
0ef0
0000
00fe
0000
0ef0
0000
00fe
0000
0ef0
0000
00fe
0000
2ef0
2222
00fe
0000
fff0
ffff
00ff
0000
5ef0
5555
00fe
0000
0ef0
0000
00fe
0000
0ef0
0000
00fe
0000
0ef0
0000
00fe
0000
0ef0
0000
00fe
0000
0000
0000
0000
0000
0000
0000
0000
0000
0000
0000
0000
0000
0000
0000
0000
0000
0000
0000
0000
0000
5000
beeb
0005
0000
f800
d88d
008f
0000
cf40
1001
04fc
0000
4fa0
0000
0af4
0000
0fe0
0000
0df0
0000
0ef0
0000
0fe0
0000
0fe0
0000
0df0
0000
4fa0
0000
0af4
0000
cf40
1001
04fc
0000
f800
d88d
008f
0000
5000
beeb
0005
0000
0000
0000
0000
0000
0000
0000
0000
0000
0000
0000
0000
0000
0000
0000
0000
0000
0000
0000
0000
0000
fff0
ffff
00ff
0000
7ff0
7777
00ff
0000
0ef0
0000
00fe
0000
0ef0
0000
00fe
0000
0ef0
0000
00fe
0000
0ef0
0000
00fe
0000
0ef0
0000
00fe
0000
0ef0
0000
00fe
0000
0ef0
0000
00fe
0000
0ef0
0000
00fe
0000
0ef0
0000
00fe
0000
0000
0000
0000
0000
0000
0000
0000
0000
0000
0000
0000
0000
0000
0000
0000
0000
0000
0000
0000
0000
fff0
4cef
0000
0000
7ff0
fe97
0004
0000
0ef0
f500
000b
0000
0ef0
f100
000e
0000
0ef0
f300
000c
0000
2ff0
fc42
0007
0000
fff0
9fff
0000
0000
5ff0
0245
0000
0000
0ef0
0000
0000
0000
0ef0
0000
0000
0000
0ef0
0000
0000
0000
0000
0000
0000
0000
0000
0000
0000
0000
0000
0000
0000
0000
0000
0000
0000
0000
0000
0000
0000
0000
5000
beeb
0005
0000
f800
d88d
008f
0000
cf40
1001
03fd
0000
4fa0
0000
0495
0000
0fe0
0000
0000
0000
0ef0
0000
0000
0000
0fe0
0000
0000
0000
4fa0
0000
0495
0000
cf40
1001
03fd
0000
f800
d88d
008f
0000
5000
ceeb
0004
0000
0000
0000
0000
0000
0000
0000
0000
0000
0000
0000
0000
0000
0000
0000
0000
0000
0000
0000
0000
0000
fff0
ffff
00ff
0000
7770
77ff
0077
0000
0000
00fe
0000
0000
0000
00fe
0000
0000
0000
00fe
0000
0000
0000
00fe
0000
0000
0000
00fe
0000
0000
0000
00fe
0000
0000
0000
00fe
0000
0000
0000
00fe
0000
0000
0000
00fe
0000
0000
0000
0000
0000
0000
0000
0000
0000
0000
0000
0000
0000
0000
0000
0000
0000
0000
0000
0000
0000
0000
0df5
9000
008f
0000
5fd0
e100
002f
0000
bf60
f600
000b
0000
fe00
fb03
0004
0000
f700
df28
0000
0000
e100
6f7d
0000
0000
8000
1eef
0000
0000
1000
08ff
0000
0000
0000
02fd
0000
0000
ca00
009f
0000
0000
ef00
001a
0000
0000
0000
0000
0000
0000
0000
0000
0000
0000
0000
0000
0000
0000
0000
0000
0000
0000
0000
0320
0000
0000
0000
0fe0
0000
0000
3000
7ff7
0003
0000
f900
ffff
009f
0000
cf60
3fe3
07fc
0000
3fc0
0fe0
0df2
0000
0fe0
0fe0
0fe0
0000
0fe0
0fe0
0fe0
0000
4fb0
0fe0
0cf3
0000
ef40
5ff6
05fd
0000
e500
ffff
006e
0000
0000
3ff3
0000
0000
0000
0cc0
0000
0000
0000
0000
0000
0000
0000
0000
0000
0000
0000
0000
0000
0000
0000
0000
0000
0000
8fc0
1000
03fe
0000
fe20
b003
008f
0000
f700
f60d
000d
0000
b000
fe8f
0003
0000
2000
8fff
0000
0000
0000
3fff
0000
0000
4000
cfff
0000
0000
e100
fd5f
0007
0000
fa00
f309
003f
0000
df60
8001
00cf
0000
3fe2
0000
08fc
0000
0000
0000
0000
0000
0000
0000
0000
0000
0000
0000
0000
0000
0000
0000
0000
0000
0000
0000
0000
0000
0ef0
0000
00ef
0000
0ef0
0000
00ef
0000
0ef0
0000
00ef
0000
0ef0
0000
00ef
0000
0ef0
0000
00ef
0000
0ef0
0000
00ef
0000
0ef0
0000
00ef
0000
0ef0
0000
00ef
0000
0ef0
0000
00ef
0000
9ff0
9999
08ff
0000
fff0
ffff
0eff
0000
0000
0000
0ef0
0000
0000
0000
0ef0
0000
0000
0000
0780
0000
0000
0000
0000
0000
0000
0000
0000
0000
0ef0
e000
000f
0000
0ef0
e000
000f
0000
0ef0
e000
000f
0000
0ef0
e000
000f
0000
1fe0
e000
000f
0000
bf90
f833
000f
0000
fc10
fdff
000f
0000
3000
e034
000f
0000
0000
e000
000f
0000
0000
e000
000f
0000
0000
e000
000f
0000
0000
0000
0000
0000
0000
0000
0000
0000
0000
0000
0000
0000
0000
0000
0000
0000
0000
0000
0000
0000
0ef0
fe00
d000
001f
0ef0
fe00
d000
001f
0ef0
fe00
d000
001f
0ef0
fe00
d000
001f
0ef0
fe00
d000
001f
0ef0
fe00
d000
001f
0ef0
fe00
d000
001f
0ef0
fe00
d000
001f
0ef0
fe00
d000
001f
9ff0
ff99
e999
001f
fff0
ffff
ffff
001f
0000
0000
0000
0000
0000
0000
0000
0000
0000
0000
0000
0000
0000
0000
0000
0000
0000
0000
0000
0000
0ef0
fe00
e000
000f
0ef0
fe00
e000
000f
0ef0
fe00
e000
000f
0ef0
fe00
e000
000f
0ef0
fe00
e000
000f
0ef0
fe00
e000
000f
0ef0
fe00
e000
000f
0ef0
fe00
e000
000f
0ef0
fe00
e000
000f
9ff0
ff99
f999
089f
fff0
ffff
ffff
0eff
0000
0000
0000
0ef0
0000
0000
0000
0ef0
0000
0000
0000
0780
0000
0000
0000
0000
0000
0000
0000
0000
fff0
00ef
0000
0000
7770
00ef
0000
0000
0000
00ef
0000
0000
0000
22ff
0001
0000
0000
ffff
06df
0000
0000
55ff
6fd7
0000
0000
00ef
df20
0000
0000
00ef
ff00
0000
0000
00ef
cf40
0000
0000
77ff
5fe8
0000
0000
ffff
05ce
0000
0000
0000
0000
0000
0000
0000
0000
0000
0000
0000
0000
0000
0000
0000
0000
0000
0000
0000
0000
0000
0ef0
0000
fe00
0000
0ef0
0000
fe00
0000
0ef0
0000
fe00
0000
0ef0
0000
fe00
0000
8ff0
1578
fe00
0000
fff0
dfff
fe02
0000
0ef0
f810
fe0b
0000
0ef0
f000
fe0e
0000
0ef0
f200
fe0d
0000
7ff0
fe87
fe06
0000
fff0
6cef
fe00
0000
0000
0000
0000
0000
0000
0000
0000
0000
0000
0000
0000
0000
0000
0000
0000
0000
0000
0000
0000
0000
0ef0
0000
0000
0000
0ef0
0000
0000
0000
0ef0
0000
0000
0000
0ef0
0000
0000
0000
8ff0
1578
0000
0000
fff0
dfff
0002
0000
0ef0
f810
000b
0000
0ef0
f000
000e
0000
0ef0
f200
000d
0000
7ff0
fe87
0006
0000
fff0
6cef
0000
0000
0000
0000
0000
0000
0000
0000
0000
0000
0000
0000
0000
0000
0000
0000
0000
0000
0000
0000
0000
0000
b400
5bee
0000
0000
ef60
fd89
0007
0000
2ef2
c100
003f
0000
07c5
5000
009f
0000
0000
3222
00df
0000
0000
ffff
00ef
0000
0000
6555
00df
0000
0583
5000
00af
0000
1df2
c100
004f
0000
df70
fd88
0008
0000
b400
5bee
0000
0000
0000
0000
0000
0000
0000
0000
0000
0000
0000
0000
0000
0000
0000
0000
0000
0000
0000
0000
0000
0000
0ef0
5000
beeb
0005
0ef0
f800
e88d
007f
0ef0
cf40
1001
03fd
0ef0
4fa0
0000
09f5
2ff0
0ff2
0000
0df1
fff0
0eff
0000
0ef0
5ff0
0ff5
0000
0df1
0ef0
4fb0
0000
09f5
0ef0
cf40
1001
03fd
0ef0
f800
e88d
007f
0ef0
5000
beec
0005
0000
0000
0000
0000
0000
0000
0000
0000
0000
0000
0000
0000
0000
0000
0000
0000
0000
0000
0000
0000
c500
fffe
000e
0000
ef50
f779
000e
0000
4fc0
f000
000e
0000
0ff0
f000
000e
0000
1fe0
f000
000e
0000
bf90
f223
000e
0000
fb10
ffff
000e
0000
f500
f55f
000e
0000
fd10
f004
000e
0000
af80
f000
000e
0000
1ef2
f000
000e
0000
0000
0000
0000
0000
0000
0000
0000
0000
0000
0000
0000
0000
0000
0000
0000
0000
0000
0000
0000
0000
0000
0000
0000
0000
0000
0000
0000
0000
0000
0000
0000
0000
c600
19de
0000
0000
df70
afa8
0000
0000
1520
fd00
0000
0000
7300
ffca
0000
0000
cf80
fe57
0000
0000
0ff0
ff20
0000
0000
afd0
fed8
0000
0000
eb20
fd5d
0000
0000
0000
0000
0000
0000
0000
0000
0000
0000
0000
0000
0000
0000
0000
0000
0000
0000
0000
0000
0000
0000
0000
f500
0006
0000
8100
effd
0001
0000
fd10
158b
0000
0000
4f80
0000
0000
0000
3cc0
7efc
0000
0000
cce0
fd55
0006
0000
2ff0
f300
000c
0000
0fe0
f100
000e
0000
4fb0
f500
000b
0000
ef30
fe98
0003
0000
b300
3bee
0000
0000
0000
0000
0000
0000
0000
0000
0000
0000
0000
0000
0000
0000
0000
0000
0000
0000
0000
0000
0000
0000
0000
0000
0000
0000
0000
0000
0000
0000
0000
0000
0000
0000
fff0
2aef
0000
0000
7ff0
cfa7
0000
0000
2ef0
bf52
0000
0000
fff0
1bff
0000
0000
5ef0
9f85
0000
0000
0ef0
ef00
0000
0000
7ff0
cfa7
0000
0000
fff0
2bef
0000
0000
0000
0000
0000
0000
0000
0000
0000
0000
0000
0000
0000
0000
0000
0000
0000
0000
0000
0000
0000
0000
0000
0000
0000
0000
0000
0000
0000
0000
0000
0000
0000
0000
fff0
08ff
0000
0000
7ff0
0477
0000
0000
0ef0
0000
0000
0000
0ef0
0000
0000
0000
0ef0
0000
0000
0000
0ef0
0000
0000
0000
0ef0
0000
0000
0000
0ef0
0000
0000
0000
0000
0000
0000
0000
0000
0000
0000
0000
0000
0000
0000
0000
0000
0000
0000
0000
0000
0000
0000
0000
0000
0000
0000
0000
0000
0000
0000
0000
0000
0000
0000
0000
f100
ffff
000e
0000
f200
f77c
000e
0000
f300
f008
000e
0000
f500
f006
000e
0000
f700
f004
000e
0000
fb00
f001
000e
0000
df80
f777
007f
0000
fff0
ffff
00ff
0000
0ef0
0000
00fe
0000
0ef0
0000
00fe
0000
0780
0000
0087
0000
0000
0000
0000
0000
0000
0000
0000
0000
0000
0000
0000
0000
0000
0000
0000
0000
0000
0000
0000
0000
b300
3bee
0000
0000
ef30
fe98
0003
0000
6fb0
f622
000b
0000
fff0
ffff
000e
0000
5ff0
5555
0005
0000
4fb0
6200
0003
0000
ef30
fd89
0007
0000
b300
6cfe
0000
0000
0000
0000
0000
0000
0000
0000
0000
0000
0000
0000
0000
0000
0000
0000
0000
0000
0000
0000
0000
0000
0000
0000
0000
0000
0000
0000
0000
0000
0000
0000
0000
0000
09f9
0ef0
8fa0
0000
6fa0
0ef0
0af7
0000
fc10
5ef5
00bf
0000
f300
ffff
002f
0000
fa00
9ef8
00af
0000
cf50
0ef0
05fd
0000
3fe1
0ef0
1ef4
0000
08fa
0ef0
af90
0000
0000
0000
0000
0000
0000
0000
0000
0000
0000
0000
0000
0000
0000
0000
0000
0000
0000
0000
0000
0000
0000
0000
0000
0000
0000
0000
0000
0000
0000
0000
0000
0000
fc60
02ae
0000
0000
8df5
0cfa
0000
0000
2121
0bf6
0000
0000
f100
01bf
0000
0000
5000
09f9
0000
0000
0363
0df1
0000
0000
8df4
0afb
0000
0000
fd50
019e
0000
0000
0000
0000
0000
0000
0000
0000
0000
0000
0000
0000
0000
0000
0000
0000
0000
0000
0000
0000
0000
0000
0000
0000
0000
0000
0000
0000
0000
0000
0000
0000
0000
0000
0ef0
fe10
0000
0000
0ef0
ffa0
0000
0000
0ef0
fff5
0000
0000
1ef0
fe9e
0000
0000
aef0
fe1e
0000
0000
fff0
fe05
0000
0000
aff0
fe00
0000
0000
1ef0
fe00
0000
0000
0000
0000
0000
0000
0000
0000
0000
0000
0000
0000
0000
0000
0000
0000
0000
0000
2400
0420
0000
0000
d900
09d8
0000
0000
b100
01bf
0000
0000
0000
0000
0000
0000
0ef0
fe10
0000
0000
0ef0
ffa0
0000
0000
0ef0
fff5
0000
0000
1ef0
fe9e
0000
0000
aef0
fe1e
0000
0000
fff0
fe05
0000
0000
aff0
fe00
0000
0000
1ef0
fe00
0000
0000
0000
0000
0000
0000
0000
0000
0000
0000
0000
0000
0000
0000
0000
0000
0000
0000
0000
0000
0000
0000
0000
0000
0000
0000
0000
0000
0000
0000
0000
0000
0000
0000
0ef0
ef30
0002
0000
0ef0
6fc0
0000
0000
0ef0
0bf7
0000
0000
4ef0
01ef
0000
0000
fff0
009f
0000
0000
5ef0
05fd
0000
0000
0ef0
3ee3
0000
0000
0ef0
ef40
0002
0000
0000
0000
0000
0000
0000
0000
0000
0000
0000
0000
0000
0000
0000
0000
0000
0000
0000
0000
0000
0000
0000
0000
0000
0000
0000
0000
0000
0000
0000
0000
0000
0000
ff00
ffff
0000
0000
ff00
ff77
0000
0000
ef00
fe00
0000
0000
ef00
fe00
0000
0000
ef00
fe00
0000
0000
cf30
fe00
0000
0000
7fc4
fe00
0000
0000
1ae8
fe00
0000
0000
0000
0000
0000
0000
0000
0000
0000
0000
0000
0000
0000
0000
0000
0000
0000
0000
0000
0000
0000
0000
0000
0000
0000
0000
0000
0000
0000
0000
0000
0000
0000
0000
fff0
3002
0fff
0000
fff0
9008
0fee
0000
def0
e00d
0fec
0000
9ef0
f54f
0fe7
0000
3ef0
f98f
0fe2
0000
0ef0
bdcc
0fe0
0000
0ef0
5ff6
0fe0
0000
0ef0
0ef1
0fe0
0000
0000
0000
0000
0000
0000
0000
0000
0000
0000
0000
0000
0000
0000
0000
0000
0000
0000
0000
0000
0000
0000
0000
0000
0000
0000
0000
0000
0000
0000
0000
0000
0000
0ef0
fe00
0000
0000
0ef0
fe00
0000
0000
0ef0
fe00
0000
0000
fff0
ffff
0000
0000
8ff0
ff88
0000
0000
0ef0
fe00
0000
0000
0ef0
fe00
0000
0000
0ef0
fe00
0000
0000
0000
0000
0000
0000
0000
0000
0000
0000
0000
0000
0000
0000
0000
0000
0000
0000
0000
0000
0000
0000
0000
0000
0000
0000
0000
0000
0000
0000
0000
0000
0000
0000
b400
3bee
0000
0000
ef30
ef99
0003
0000
5fb0
f600
000a
0000
0fe0
f100
000d
0000
0fe0
f100
000d
0000
5fb0
f600
000a
0000
ef40
ef98
0003
0000
b400
3bee
0000
0000
0000
0000
0000
0000
0000
0000
0000
0000
0000
0000
0000
0000
0000
0000
0000
0000
0000
0000
0000
0000
0000
0000
0000
0000
0000
0000
0000
0000
0000
0000
0000
0000
fff0
ffff
0000
0000
7ff0
ff77
0000
0000
0ef0
fe00
0000
0000
0ef0
fe00
0000
0000
0ef0
fe00
0000
0000
0ef0
fe00
0000
0000
0ef0
fe00
0000
0000
0ef0
fe00
0000
0000
0000
0000
0000
0000
0000
0000
0000
0000
0000
0000
0000
0000
0000
0000
0000
0000
0000
0000
0000
0000
0000
0000
0000
0000
0000
0000
0000
0000
0000
0000
0000
0000
4df0
4cfd
0000
0000
eef0
fe99
0004
0000
5ff0
f600
000b
0000
1ff0
f100
000d
0000
1ff0
f100
000d
0000
5ff0
f600
000b
0000
eff0
ff99
0004
0000
5ef0
4ced
0000
0000
0ef0
0000
0000
0000
0ef0
0000
0000
0000
0ef0
0000
0000
0000
0000
0000
0000
0000
0000
0000
0000
0000
0000
0000
0000
0000
0000
0000
0000
0000
0000
0000
0000
0000
b400
2aee
0000
0000
ef40
ef98
0001
0000
5fb0
a600
0003
0000
0fe0
0000
0000
0000
0fe0
0000
0000
0000
5fb0
a600
0003
0000
ef40
ef98
0001
0000
b400
2aee
0000
0000
0000
0000
0000
0000
0000
0000
0000
0000
0000
0000
0000
0000
0000
0000
0000
0000
0000
0000
0000
0000
0000
0000
0000
0000
0000
0000
0000
0000
0000
0000
0000
0000
fff0
ffff
0000
0000
7770
77ff
0000
0000
0000
00ef
0000
0000
0000
00ef
0000
0000
0000
00ef
0000
0000
0000
00ef
0000
0000
0000
00ef
0000
0000
0000
00ef
0000
0000
0000
0000
0000
0000
0000
0000
0000
0000
0000
0000
0000
0000
0000
0000
0000
0000
0000
0000
0000
0000
0000
0000
0000
0000
0000
0000
0000
0000
0000
0000
0000
0000
07f8
fa00
0005
0000
0df2
ee10
0000
0000
3fb0
9f60
0000
0000
8f50
3fb0
0000
0000
de10
0cf1
0000
0000
f900
06f8
0000
0000
f300
01ef
0000
0000
c000
009f
0000
0000
c000
003f
0000
0000
fa60
000b
0000
0000
aed0
0001
0000
0000
0000
0000
0000
0000
0000
0000
0000
0000
0000
0ef0
0000
0000
0000
0ef0
0000
0000
0000
0ef0
0000
0000
b300
effe
003b
0000
ff30
9ff9
03ef
0000
6fb0
0ef0
0af7
0000
1fe0
0ef0
0df1
0000
1fe0
0ef0
0df1
0000
6fb0
0ef0
0af7
0000
ef30
9ff9
03ef
0000
b300
effe
003b
0000
0000
0ef0
0000
0000
0000
0ef0
0000
0000
0000
0ef0
0000
0000
0000
0000
0000
0000
0000
0000
0000
0000
0000
0000
0000
0000
0000
0000
0000
0000
0000
0000
0000
0000
6fa0
fc00
0004
0000
ee20
9f71
0000
0000
f600
1de9
0000
0000
e000
04ff
0000
0000
f000
05ff
0000
0000
f800
1ee7
0000
0000
cf30
af50
0000
0000
3fc0
fb00
0005
0000
0000
0000
0000
0000
0000
0000
0000
0000
0000
0000
0000
0000
0000
0000
0000
0000
0000
0000
0000
0000
0000
0000
0000
0000
0000
0000
0000
0000
0000
0000
0000
0000
0ef0
fe00
0000
0000
0ef0
fe00
0000
0000
0ef0
fe00
0000
0000
0ef0
fe00
0000
0000
0ef0
fe00
0000
0000
0ef0
fe00
0000
0000
8ff0
ff88
0008
0000
fff0
ffff
000f
0000
0000
e000
000f
0000
0000
e000
000f
0000
0000
7000
0008
0000
0000
0000
0000
0000
0000
0000
0000
0000
0000
0000
0000
0000
0000
0000
0000
0000
0000
0000
0000
0000
0ef0
ef00
0000
0000
0ef0
ef00
0000
0000
0ef0
ef00
0000
0000
5fd0
ef10
0000
0000
ff50
efff
0000
0000
6200
ef77
0000
0000
0000
ef00
0000
0000
0000
ef00
0000
0000
0000
0000
0000
0000
0000
0000
0000
0000
0000
0000
0000
0000
0000
0000
0000
0000
0000
0000
0000
0000
0000
0000
0000
0000
0000
0000
0000
0000
0000
0000
0000
0000
0ef0
0fe0
1fd0
0000
0ef0
0fe0
1fd0
0000
0ef0
0fe0
1fd0
0000
0ef0
0fe0
1fd0
0000
0ef0
0fe0
1fd0
0000
0ef0
0fe0
1fd0
0000
8ff0
8ff8
1fe8
0000
fff0
ffff
1fff
0000
0000
0000
0000
0000
0000
0000
0000
0000
0000
0000
0000
0000
0000
0000
0000
0000
0000
0000
0000
0000
0000
0000
0000
0000
0000
0000
0000
0000
0000
0000
0000
0000
0ef0
0fe0
ef00
0000
0ef0
0fe0
ef00
0000
0ef0
0fe0
ef00
0000
0ef0
0fe0
ef00
0000
0ef0
0fe0
ef00
0000
0ef0
0fe0
ef00
0000
8ff0
8ff8
ff88
0007
fff0
ffff
ffff
000e
0000
0000
f000
000e
0000
0000
f000
000e
0000
0000
8000
0007
0000
0000
0000
0000
0000
0000
0000
0000
0000
0000
0000
0000
0000
0000
0000
0000
0000
0000
0000
0000
efff
0000
0000
0000
ef77
0000
0000
0000
ff00
0122
0000
0000
ff00
cfff
0002
0000
ff00
f955
000c
0000
ef00
f000
000e
0000
ff00
fb77
000b
0000
ff00
9eff
0001
0000
0000
0000
0000
0000
0000
0000
0000
0000
0000
0000
0000
0000
0000
0000
0000
0000
0000
0000
0000
0000
0000
0000
0000
0000
0000
0000
0000
0000
0000
0000
0000
0000
0ef0
0000
0ef0
0000
0ef0
0000
0ef0
0000
8ff0
0268
0ef0
0000
fff0
5fff
0ef0
0000
0ef0
df50
0ef0
0000
0ef0
ef00
0ef0
0000
7ff0
afb7
0ef0
0000
fff0
19ef
0ef0
0000
0000
0000
0000
0000
0000
0000
0000
0000
0000
0000
0000
0000
0000
0000
0000
0000
0000
0000
0000
0000
0000
0000
0000
0000
0000
0000
0000
0000
0000
0000
0000
0000
0ef0
0000
0000
0000
0ef0
0000
0000
0000
8ff0
0268
0000
0000
fff0
5fff
0000
0000
0ef0
df50
0000
0000
0ef0
ef00
0000
0000
7ff0
afb7
0000
0000
fff0
19ef
0000
0000
0000
0000
0000
0000
0000
0000
0000
0000
0000
0000
0000
0000
0000
0000
0000
0000
0000
0000
0000
0000
0000
0000
0000
0000
0000
0000
0000
0000
0000
0000
0000
0000
eb40
03be
0000
0000
8df3
3ff9
0000
0000
2252
af82
0000
0000
e000
dfff
0000
0000
5000
df65
0000
0000
05d5
af60
0000
0000
9ee2
3fe9
0000
0000
eb30
03be
0000
0000
0000
0000
0000
0000
0000
0000
0000
0000
0000
0000
0000
0000
0000
0000
0000
0000
0000
0000
0000
0000
0000
0000
0000
0000
0000
0000
0000
0000
0000
0000
0000
0000
0ef0
eb30
03be
0000
0ef0
aff3
3fe8
0000
2ff0
09fd
bf50
0000
fff0
05ff
ef10
0000
5ff0
05ff
ef00
0000
0ef0
09fb
bf50
0000
0ef0
aff4
3fe8
0000
0ef0
eb30
03be
0000
0000
0000
0000
0000
0000
0000
0000
0000
0000
0000
0000
0000
0000
0000
0000
0000
0000
0000
0000
0000
0000
0000
0000
0000
0000
0000
0000
0000
0000
0000
0000
0000
d910
ffff
0000
0000
bfa0
ff78
0000
0000
0fe0
fe00
0000
0000
6fc0
ff22
0000
0000
ff40
ffff
0000
0000
fb00
ff5a
0000
0000
bf60
fe00
0000
0000
2fe1
fe00
0000
0000
0000
0000
0000
0000
0000
0000
0000
0000
0000
0000
0000
0000
0000
0000
0000
0000
2100
0002
0000
0000
c000
001e
0000
0000
2000
007e
0000
0000
0000
0000
0000
0000
b300
3bee
0000
0000
ef30
fe98
0003
0000
6fb0
f622
000b
0000
fff0
ffff
000e
0000
5ff0
5555
0005
0000
4fb0
6200
0003
0000
ef30
fd89
0007
0000
b300
6cfe
0000
0000
0000
0000
0000
0000
0000
0000
0000
0000
0000
0000
0000
0000
0000
0000
0000
0000
0000
0000
0000
0000
cb00
0cb0
0000
0000
5400
0540
0000
0000
0000
0000
0000
0000
b300
3bee
0000
0000
ef30
fe98
0003
0000
6fb0
f622
000b
0000
fff0
ffff
000e
0000
5ff0
5555
0005
0000
4fb0
6200
0003
0000
ef40
fd89
0006
0000
b300
4cfe
0000
0000
0000
0000
0000
0000
0000
0000
0000
0000
0000
0000
0000
0000
0000
0000
0000
0000
0000
0000
0000
0000
0ef0
0000
0000
0000
ffff
000e
0000
0000
3ff3
0002
0000
0000
5ef0
1bed
0000
0000
dff0
afc8
0000
0000
2ff0
ef10
0000
0000
0ef0
fe00
0000
0000
0ef0
fe00
0000
0000
0ef0
fe00
0000
0000
0ef0
fe00
0000
0000
0ef0
fe00
0000
0000
0000
fe00
0000
0000
0000
df83
0000
0000
0000
5df6
0000
0000
0000
0000
0000
0000
0000
0022
0000
0000
4000
007f
0000
0000
b000
000b
0000
0000
0000
0000
0000
0000
fff0
08ff
0000
0000
7ff0
0477
0000
0000
0ef0
0000
0000
0000
0ef0
0000
0000
0000
0ef0
0000
0000
0000
0ef0
0000
0000
0000
0ef0
0000
0000
0000
0ef0
0000
0000
0000
0000
0000
0000
0000
0000
0000
0000
0000
0000
0000
0000
0000
0000
0000
0000
0000
0000
0000
0000
0000
0000
0000
0000
0000
0000
0000
0000
0000
0000
0000
0000
0000
b300
4bee
0000
0000
ef30
fd89
0004
0000
8fb0
5222
0002
0000
ffe0
00ff
0000
0000
5fe0
0055
0000
0000
5fb0
d400
0005
0000
ef40
ee99
0002
0000
b300
3bee
0000
0000
0000
0000
0000
0000
0000
0000
0000
0000
0000
0000
0000
0000
0000
0000
0000
0000
0000
0000
0000
0000
0000
0000
0000
0000
0000
0000
0000
0000
0000
0000
0000
0000
e910
07df
0000
0000
bfc0
6fc8
0000
0000
1fe0
2510
0000
0000
ef80
037a
0000
0000
7300
7fea
0000
0000
0661
df20
0000
0000
afd0
afb8
0000
0000
da20
18df
0000
0000
0000
0000
0000
0000
0000
0000
0000
0000
0000
0000
0000
0000
0000
0000
0000
0000
0010
0000
0000
0000
0cd0
0000
0000
0000
0220
0000
0000
0000
0000
0000
0000
0000
0ef0
0000
0000
0000
0ef0
0000
0000
0000
0ef0
0000
0000
0000
0ef0
0000
0000
0000
0ef0
0000
0000
0000
0ef0
0000
0000
0000
0ef0
0000
0000
0000
0ef0
0000
0000
0000
0000
0000
0000
0000
0000
0000
0000
0000
0000
0000
0000
0000
0000
0000
0000
0000
0000
0000
0000
0000
cb0c
0000
0000
0000
5404
0000
0000
0000
0000
0000
0000
0000
0ef0
0000
0000
0000
0ef0
0000
0000
0000
0ef0
0000
0000
0000
0ef0
0000
0000
0000
0ef0
0000
0000
0000
0ef0
0000
0000
0000
0ef0
0000
0000
0000
0ef0
0000
0000
0000
0000
0000
0000
0000
0000
0000
0000
0000
0000
0000
0000
0000
0000
0000
0000
0000
0010
0000
0000
0000
0cd0
0000
0000
0000
0220
0000
0000
0000
0000
0000
0000
0000
0ef0
0000
0000
0000
0ef0
0000
0000
0000
0ef0
0000
0000
0000
0ef0
0000
0000
0000
0ef0
0000
0000
0000
0ef0
0000
0000
0000
0ef0
0000
0000
0000
0ef0
0000
0000
0000
0ef0
0000
0000
0000
0bfa
0000
0000
0000
02be
0000
0000
0000
0000
0000
0000
0000
0000
0000
0000
0000
0000
0000
0000
0000
0000
0000
0000
0000
0000
0000
0000
0000
ff00
ffff
0004
0000
ff00
ff87
0004
0000
ef00
ff20
678c
0001
ef00
ff20
ffff
004e
ef10
ff20
6004
00cf
cf30
ff20
1004
00df
7fc4
ff20
c879
008f
1ae8
ff20
dfff
0007
0000
0000
0000
0000
0000
0000
0000
0000
0000
0000
0000
0000
0000
0000
0000
0000
0000
0000
0000
0000
0000
0000
0000
0000
0000
0000
0000
0000
0000
0000
0000
0000
0ef0
fe00
0000
0000
0ef0
fe00
0000
0000
0ef0
fe00
0000
0000
fff0
ffff
aeff
0001
8ff0
ff88
fb88
000b
0ef0
fe00
f000
000e
0ef0
fe00
fa77
000b
0ef0
fe00
aeff
0001
0000
0000
0000
0000
0000
0000
0000
0000
0000
0000
0000
0000
0000
0000
0000
0000
0000
0000
0000
0000
0ef0
0000
0000
0000
ffff
000e
0000
0000
3ff3
0002
0000
0000
5ef0
1bed
0000
0000
dff0
afc8
0000
0000
2ff0
ef10
0000
0000
0ef0
fe00
0000
0000
0ef0
fe00
0000
0000
0ef0
fe00
0000
0000
0ef0
fe00
0000
0000
0ef0
fe00
0000
0000
0000
0000
0000
0000
0000
0000
0000
0000
0000
0000
0000
0000
0000
0000
0000
0000
0000
0121
0000
0000
0000
01eb
0000
0000
3000
004f
0000
0000
0000
0000
0000
0000
0ef0
ef30
0002
0000
0ef0
6fc0
0000
0000
0ef0
0bf7
0000
0000
4ef0
01ef
0000
0000
fff0
009f
0000
0000
5ef0
05fd
0000
0000
0ef0
3ee3
0000
0000
0ef0
ef40
0002
0000
0000
0000
0000
0000
0000
0000
0000
0000
0000
0000
0000
0000
0000
0000
0000
0000
2100
0001
0000
0000
f200
0008
0000
0000
7000
000e
0000
0000
0000
0000
0000
0000
0ef0
fe10
0000
0000
0ef0
ffa0
0000
0000
0ef0
fff5
0000
0000
1ef0
fe9e
0000
0000
aef0
fe1e
0000
0000
fff0
fe05
0000
0000
aff0
fe00
0000
0000
1ef0
fe00
0000
0000
0000
0000
0000
0000
0000
0000
0000
0000
0000
0000
0000
0000
0000
0000
0000
0000
1500
0510
0000
0000
cc00
0cc8
0000
0000
c200
02cf
0000
0000
0000
0000
0000
0000
07f8
f800
0008
0000
0df2
fd00
0002
0000
3fb0
bf40
0000
0000
8f60
5f90
0000
0000
ee10
0ee1
0000
0000
f900
08f7
0000
0000
f300
02ff
0000
0000
c000
00bf
0000
0000
b000
005f
0000
0000
fa70
000c
0000
0000
bee0
0002
0000
0000
0000
0000
0000
0000
0000
0000
0000
0000
0000
0000
0000
0000
0000
0000
0000
0000
0000
0000
0000
0000
0ef0
f000
000e
0000
0ef0
f000
000e
0000
0ef0
f000
000e
0000
0ef0
f000
000e
0000
0ef0
f000
000e
0000
0ef0
f000
000e
0000
8ff0
f888
000e
0000
fff0
ffff
000e
0000
0000
00ef
0000
0000
0000
00ef
0000
0000
0000
0078
0000
0000
0000
0000
0000
0000
0000
0000
0000
0000
0ef0
fe00
d000
001f
0ef0
fe00
d000
001f
0ef0
fe00
d000
001f
0ef0
fe00
d000
001f
0ef0
fe00
d000
001f
0ef0
fe00
d000
001f
0ef0
fe00
d000
001f
0ef0
fe00
d000
001f
1fd0
ff20
f102
000e
cf70
ffc8
fc8d
0008
d700
66cf
7dfc
0000
0000
0000
0000
0000
0000
0000
0000
0000
0000
0000
0000
0000
0000
0000
0000
0000
0000
0000
0000
0000
0000
0000
0000
0000
0000
0000
0000
0000
0000
0000
0000
0000
0ef0
0fe0
ef00
0000
0ef0
0fe0
ef00
0000
0ef0
0fe0
ef00
0000
0ef0
0fe0
ef00
0000
0ef0
0fe0
ef00
0000
0fe0
1ff0
df10
0000
afa0
cffa
9fc8
0000
e910
a3ae
19ee
0000
0000
0000
0000
0000
0000
0000
0000
0000
0000
0000
0000
0000
0000
0000
0000
0000
0000
0000
0000
0000
ef00
0000
0000
0000
ff11
0011
0000
0000
fff9
08ff
0000
0000
ff42
0366
0000
0000
ff00
efff
0007
0000
ff00
d755
007f
0000
ef00
2000
00df
0000
ef00
0000
00ff
0000
ef00
3000
00cf
0000
ff00
e877
005f
0000
ff00
ceff
0005
0000
0000
0000
0000
0000
0000
0000
0000
0000
0000
0000
0000
0000
0000
0000
0000
0000
0000
0000
0000
0000
ef00
0000
0000
0000
ef00
0000
0000
0000
cd00
0000
0000
0000
fffa
07ff
0000
0000
ff75
0477
0000
0000
ff00
0122
0000
0000
ff00
cfff
0002
0000
ff00
f955
000c
0000
ef00
f000
000e
0000
ff00
fb77
000b
0000
ff00
9eff
0001
0000
0000
0000
0000
0000
0000
0000
0000
0000
0000
0000
0000
0000
0000
0000
0000
0000
0000
0000
0000
0000
0ef0
5000
beec
0005
0ef0
f900
e98d
008f
0ef0
cf40
1001
02fd
0ef0
4fb0
0000
0253
0ef0
0fe0
0000
0000
fff0
ffff
00ff
0000
8ff0
8ff8
0088
0000
0ef0
4fb0
0000
0035
0ef0
bf50
5000
009f
0ef0
fa00
fa8c
002d
0ef0
7000
9dfd
0002
0000
0000
0000
0000
0000
0000
0000
0000
0000
0000
0000
0000
0000
0000
0000
0000
0000
0000
0000
0000
0000
0000
0000
0000
0000
0000
0000
0000
0000
0000
0000
0000
0ef0
eb30
04be
0000
0ef0
9ee3
3fe9
0000
0ef0
06fb
3840
0000
fff0
ffff
000a
0000
3ff0
35ff
0102
0000
0ef0
06fa
6f80
0000
0ef0
9ff3
1ef9
0000
0ef0
eb30
02be
0000
0000
0000
0000
0000
0000
0000
0000
0000
0000
0000
0000
0000
0000
0000
0000
0000
0000
0000
0000
0000
0000
7ff9
0000
0000
0000
dffe
0000
0000
5000
fcaf
0003
0000
a000
f86f
0008
0000
e100
f32f
000d
0000
f500
e11c
004f
0000
fb00
ffff
009f
0000
ff10
6ff5
00ef
0000
bf60
0ef0
05fc
0000
6fb0
0ef0
0af7
0000
1ff1
0ef0
1ff2
0000
0000
0000
0000
0000
0000
0000
0000
0000
0000
0000
0000
0000
0000
0000
0000
0000
0000
0000
0000
0000
0000
0000
0000
0000
0000
0000
0000
0000
0000
0000
0000
0000
8000
02ff
0000
0000
e000
06ff
0000
0000
f500
0bfe
0000
0000
fb00
1fd5
0000
0000
ff20
6ffa
0000
0000
ef80
bfff
0000
0000
1fe0
fdef
0001
0000
09f5
f9ef
0005
0000
0000
0000
0000
0000
0000
0000
0000
0000
0000
0000
0000
0000
0000
0000
0000
0000
0000
0000
0000
0000
0ef0
8000
08ff
0000
0ef0
d000
0dff
0000
0ef0
f300
4fbb
0000
0ef0
f800
9f77
0000
0ef0
fd00
ef23
0000
1ff0
ef41
fd11
0005
fff0
ffff
ffff
000b
4ff0
6ff4
f5ff
001f
0ef0
0df4
c0fe
006f
0ef0
08f9
60fe
00bf
0ef0
03fe
10fe
01ff
0000
0000
0000
0000
0000
0000
0000
0000
0000
0000
0000
0000
0000
0000
0000
0000
0000
0000
0000
0000
0000
0000
0000
0000
0000
0000
0000
0000
0000
0000
0000
0000
0ef0
f800
002f
0000
0ef0
fd00
006f
0000
0ef0
ef40
00bf
0000
0ff0
6fa0
01fd
0000
fff0
afff
06ff
0000
3ff0
fef9
0bff
0000
0ef0
f2fb
1fde
0000
2ef0
f0af
5f9e
0000
0000
0000
0000
0000
0000
0000
0000
0000
0000
0000
0000
0000
0000
0000
0000
0000
0000
0000
0000
0000
fd10
ffff
1eff
0000
f300
777f
06fb
0000
7000
006f
00dc
0000
0000
62ec
004f
0000
0000
fef4
000d
0000
f910
ffff
09ef
0000
cf80
ff56
8fc6
0000
1fd0
ef00
df10
0000
0ef0
ef00
fe00
0000
0ef0
ef00
fe00
0000
0ef0
ef00
fe00
0000
0000
0000
0000
0000
0000
0000
0000
0000
0000
0000
0000
0000
0000
0000
0000
0000
0000
0000
0000
0000
0000
0000
0000
0000
0000
0000
0000
0000
0000
0000
0000
0000
fd10
ffff
01ef
0000
f500
f77f
005f
0000
b000
f34f
000b
0000
2000
feef
0002
0000
fa20
ffff
01af
0000
afb0
6ff6
0afb
0000
0fe0
0ef0
0df1
0000
0ef0
0ef0
0ef0
0000
0000
0000
0000
0000
0000
0000
0000
0000
0000
0000
0000
0000
0000
0000
0000
0000
0000
0000
0000
0000
0ef0
fc00
ffff
1eff
0ef0
f300
777f
06fb
0ef0
7000
006f
00dc
0ef0
0000
62eb
004f
2ff0
2222
fef6
000d
fff0
ffff
ffff
19ff
5ff0
ffc5
ff6b
8fc6
0ef0
2fc0
ef00
df10
0ef0
0fe0
ef00
fe00
0ef0
0fe0
ef00
fe00
0ef0
0fe0
ef00
fe00
0000
0000
0000
0000
0000
0000
0000
0000
0000
0000
0000
0000
0000
0000
0000
0000
0000
0000
0000
0000
0000
0000
0000
0000
0000
0000
0000
0000
0000
0000
0000
0000
0ef0
fd10
ffff
006f
0ef0
f400
f97f
000f
0ef0
a000
f84f
0005
5ff0
7555
ffdf
0001
fff0
ffff
ffff
004e
2ff0
9f92
7ff4
00cf
0ef0
0ee0
0ef0
00ef
0ef0
0ef0
0ef0
00fe
0000
0000
0000
0000
0000
0000
0000
0000
0000
0000
0000
0000
0000
0000
0000
0000
9400
5924
0000
0000
5000
1aab
0000
0000
6720
0299
0000
0000
dd30
4ced
0000
0000
1100
df51
0000
0000
0000
df10
0000
0000
6200
4dc7
0000
0000
d500
18fd
0000
0000
1000
af72
0000
0000
0000
ef00
0000
0000
5300
9fb6
0000
0000
ee90
18de
0000
0000
2fe0
0000
0000
0000
8fb0
0000
0000
0000
ba10
0000
0000
0000
0000
0000
0000
0000
0000
0000
0000
0000
9d10
05f7
0000
0000
d200
004e
0000
0000
0000
0000
0000
0000
ff70
03be
0000
0000
7740
0df9
0000
0000
8400
0ef9
0000
0000
fe00
0cff
0000
0000
f900
0dff
0000
0000
0000
0ff2
0000
0000
7400
0bfa
0000
0000
ff80
02bf
0000
0000
2fe0
0000
0000
0000
9fd0
0000
0000
0000
fc20
0000
0000
0000
0000
0000
0000
0000
0000
0000
0000
0000
0ef0
ef00
f000
000e
0ef0
ef00
f000
000e
0ef0
ef00
f000
000e
0fe0
ef00
f100
000d
2fc0
ef00
f300
000b
9f70
ef00
fa00
0007
fc10
ff9d
bfda
0000
7000
ffec
06ce
0000
0000
ef00
0000
0000
0000
ef00
0000
0000
0000
ef00
0000
0000
0000
0000
0000
0000
0000
0000
0000
0000
0000
0000
0000
0000
0000
0000
0000
0000
0000
0000
0000
0000
0000
0000
0000
0000
0000
0870
0000
0000
0000
0fe0
0000
0000
0ef0
0fe0
1fd0
0000
0ef0
0fe0
1fd0
0000
0ef0
0fe0
1fd0
0000
0ef0
0fe0
1fd0
0000
0fe0
0fe0
0fe0
0000
4fb0
0fe0
0cf3
0000
ef40
9ff9
05fe
0000
b400
effe
004c
0000
0000
0fe0
0000
0000
0000
0fe0
0000
0000
0000
0fe0
0000
0000
0000
0000
0000
0000
0000
0000
0000
0000
5000
beeb
0005
0000
f800
d88d
008f
0000
cf40
1001
04fc
0000
4fa0
0000
0af4
0000
3fe0
2222
0df3
0000
fff0
ffff
0fff
0000
5fe0
5555
0df5
0000
4fa0
0000
0af4
0000
cf40
1001
04fc
0000
f800
d88d
008f
0000
5000
beeb
0005
0000
0000
0000
0000
0000
0000
0000
0000
0000
0000
0000
0000
0000
0000
0000
0000
0000
0000
0000
0000
0000
0000
0000
0000
0000
0000
0000
0000
0000
0000
0000
0000
0000
b400
3bee
0000
0000
ef30
ef99
0003
0000
6fb0
f600
000a
0000
efe0
f76e
000d
0000
9fe0
fff9
000d
0000
5fb0
f930
000a
0000
ef40
ef98
0003
0000
b400
3bee
0000
0000
0000
0000
0000
0000
0000
0000
0000
0000
0000
0000
0000
0000
0000
0000
0000
0000
0000
0000
0000
0000
0ef3
0000
0fc2
0000
4fd0
0000
0afb
0000
9f80
3000
00df
0000
ef20
8000
007f
0000
fc00
d004
002f
0000
f700
f309
000c
0000
f200
f80e
0007
0000
b000
fd4f
0002
0000
6000
bfcf
0000
0000
1000
6fff
0000
0000
0000
1ffa
0000
0000
0000
0000
0000
0000
0000
0000
0000
0000
0000
0000
0000
0000
0000
0000
0000
0000
0000
0000
0000
0000
0000
0000
0000
0000
0000
0000
0000
0000
0000
0000
0000
0000
09f6
e600
000f
0000
0ef1
df10
0007
0000
4fa0
7f60
0000
0000
9f50
1fb0
0000
0000
de00
0bf1
0000
0000
f900
05f9
0000
0000
f300
01ef
0000
0000
d000
00af
0000
0000
0000
0000
0000
0000
0000
0000
0000
0000
0000
0000
0000
0000
0000
0000
0000
0000
5300
0530
0000
0000
e300
6f5b
0000
0000
2000
4506
0000
0000
0bc2
0000
0c92
0000
5fd0
0000
09fc
0000
bf50
4000
00bf
0000
fe00
b002
004f
0000
f700
f208
000d
0000
f100
f90e
0006
0000
9000
ee7f
0001
0000
2000
8fef
0000
0000
0000
2ffb
0000
0000
0000
0000
0000
0000
0000
0000
0000
0000
0000
0000
0000
0000
0000
0000
0000
0000
0220
0012
0000
0000
1eb0
00cd
0000
0000
9d10
02f5
0000
0000
0000
0000
0000
0000
09f6
e600
000f
0000
0ef1
df10
0007
0000
4fa0
7f60
0000
0000
9f50
1fb0
0000
0000
de00
0bf1
0000
0000
f900
05f9
0000
0000
f300
01ef
0000
0000
d000
00af
0000
0000
0000
0000
0000
0000
0000
0000
0000
0000
0000
0000
0000
0000
0000
0000
0000
0000
0000
0000
0000
0000
5000
beeb
0005
0000
f800
d88d
008f
0000
cf40
1001
04fc
0000
4fa0
0000
0af4
04fc
0fe0
0000
0df0
09f6
0ef0
0000
0fe0
0ee1
0fe0
0000
0df0
4f90
4fa0
0000
0af4
9f30
cf40
1001
04fc
dc00
f800
d88d
008f
f600
5000
beeb
0005
f100
0000
0000
0000
f100
0000
0000
0000
fc90
0000
0000
0000
8ee3
0000
0000
0000
0000
0000
0000
0000
0000
0000
0000
0000
0000
0000
0000
0000
0000
0000
0000
0000
0000
b400
3bee
cf30
5000
ef30
ef99
fc03
b002
5fb0
f600
f60a
f108
0fe0
f100
f10d
f70d
0fe0
f100
a00d
fc3f
5fb0
f600
400a
af9f
ef40
ef98
0003
4ffd
b400
3bee
0000
0df7
0000
0000
0000
08f8
0000
0000
a400
01ee
0000
0000
f900
004c
0000
0000
0000
0000
0000
0000
0000
0000
0000
0000
0000
0000
0000
0000
0000
0000
0000
000f
0000
0000
ff00
0fff
0000
0000
00f0
f00f
0000
0000
00f0
f000
0000
0000
00f0
f000
0000
0000
00f0
f000
0000
0000
00f0
f000
0000
0000
00f0
f000
0000
0000
00f0
f000
0000
0000
00f0
f00f
0000
0000
ff00
0fff
0000
0000
0000
000f
0000
0000
0000
0000
0000
0000
0000
0000
0000
0000
0000
0000
0000
0000
0000
0000
0000
0000
0000
0000
0000
0000
0000
0000
0000
0000
0000
000f
0000
0000
ff00
0fff
0000
0000
00f0
f00f
0000
0000
00f0
f000
0000
0000
00f0
f000
0000
0000
00f0
f000
0000
0000
00f0
f000
0000
0000
00f0
f00f
0000
0000
ff00
0fff
0000
0000
0000
000f
0000
0000
0000
0000
0000
0000
ff00
00ff
0000
0000
00f0
ff00
0000
0000
f000
000f
0000
0000
0000
00f0
0000
0000
0000
000f
0000
0000
0000
0000
0000
0000
ff00
0ff0
0000
0000
00f0
f000
0000
0000
00f0
f000
0000
0000
00f0
f00f
0000
0000
00f0
f00f
0000
0000
00f0
f00f
0000
0000
00f0
f00f
0000
0000
ff00
0ff0
0000
0000
0000
0000
0000
0000
0000
0000
0000
0000
0000
0000
0000
0000
0000
0000
0000
0000
0000
0000
0000
0000
ff00
00ff
0000
0000
00f0
ff00
0000
0000
f000
000f
0000
0000
0000
00f0
0000
0000
0000
000f
0000
0000
0000
0000
0000
0000
ff00
0ff0
0000
0000
00f0
f000
0000
0000
00f0
f00f
0000
0000
00f0
f00f
0000
0000
ff00
0ff0
0000
0000
0000
0000
0000
0000
0000
0000
0000
0000
0000
0000
0000
0000
fff0
ffff
0000
0000
0000
000f
0000
0000
0000
0000
0000
0000
00f0
f00f
0000
0000
00f0
f00f
0000
0000
00f0
f00f
0000
0000
00f0
f00f
0000
0000
00f0
f00f
0000
0000
00f0
f00f
0000
0000
00f0
f00f
0000
0000
00f0
f00f
0000
0000
f0f0
0f0f
0000
0000
0f00
00f0
0000
0000
0000
0000
0000
0000
0000
0000
0000
0000
0000
0000
0000
0000
0000
0000
0000
0000
0000
0000
0000
0000
0000
0000
0000
0000
fff0
ffff
0000
0000
0000
000f
0000
0000
0000
0000
0000
0000
00f0
f00f
0000
0000
00f0
f00f
0000
0000
00f0
f00f
0000
0000
00f0
f00f
0000
0000
00f0
f00f
0000
0000
f0f0
0f0f
0000
0000
0f00
00f0
0000
0000
0000
0000
0000
0000
0000
0000
0000
0000
0000
0000
0000
0000
7000
adec
0002
0000
fb00
fa8c
002e
0000
bf60
7000
00af
0000
3fc0
1000
0077
0000
0fe0
0000
0000
0000
0ef0
0000
0000
0000
1fd0
0000
0000
0000
7f90
3000
00ff
0000
fe20
d537
00ff
0000
d300
7fff
00fe
0000
0000
0253
00fe
0000
0000
0000
0000
0000
0000
0000
0000
0000
0000
0000
0000
0000
0000
0000
0000
0000
0000
0000
0000
0000
0000
0000
0000
0000
0000
0000
0000
0000
0000
0000
0000
0000
b300
3bee
0000
0000
ef30
ef99
0001
0000
5fb0
c600
0005
0000
1fe0
0000
0000
0000
1fe0
0000
0000
0000
5fb0
0000
0000
0000
ef40
007f
0000
0000
b400
00ff
0000
0000
0000
00fe
0000
0000
0000
00fe
0000
0000
0000
0087
0000
0000
0000
0000
0000
0000
0000
0000
0000
0000
0000
0000
0000
0000
0000
7000
0002
0000
2000
c700
0000
0000
b000
3e6d
0000
0000
0000
3ef5
0000
0000
0000
e7e4
0008
0000
06a0
107d
0003
0000
ec40
000d
0000
0000
f200
02ae
0000
0000
aa00
0781
0000
0000
2e40
0000
0000
0000
0000
0000
0000
0000
0000
0000
0000
0000
0000
0000
0000
0000
0000
0000
0000
0000
0000
0000
0000
0000
0000
0000
0000
0000
0000
0000
0000
0000
0000
0000
0000
0000
0000
0000
0000
0000
0000
0000
0000
0000
0000
0000
0000
0000
0000
0000
0000
0000
0000
0000
0000
0000
0000
0000
0000
0000
0000
0000
0000
0000
0000
0000
0000
0000
0000
0000
0000
0000
0000
0000
0000
0000
0000
0000
0000
0000
0000
0000
0000
0000
0000
0000
0000
0000
0000
0000
0000
0000
0000
0000
0000
0000
0000
0000
0000
0000
0000
0000
0000
0000
0000
0000
0000
0000
0000
0000
0000
0000
0000
0000
0000
0000
0000
0000
0000
0000
0000
0000
0000
0000
0000
0000
0000
0000
0000
0000
0000
0000
0000
0000
0000
0000
0000
0000
0000
0000
0000
0000
0000
0000
0000
0000
0000
0000
0000
0000
0000
0000
0000
0000
0000
0000
0000
0000
0000
0000
0000
0000
0000
0000
0000
0000
0000
0000
0000
0000
0000
0000
0000
0000
0000
0000
0000
0000
0000
0000
0000
0000
0000
0000
0000
0000
0000
0000
0000
0000
0000
0000
0000
0000
0000
0000
0000
0000
0000
0000
0000
0000
0000
0000
0000
0000
0000
0000
0000
0000
0000
0000
0000
0000
0000
0000
0000
0000
0000
0000
0000
0000
0000
0000
0000
0000
0000
0000
0000
0000
0000
0000
0000
0000
0000
0000
0000
0000
0000
0000
0000
0000
0000
0000
0000
0000
0000
0000
0000
0000
0000
0000
0000
0000
0000
0000
0000
0000
0000
0000
0000
0000
0000
0000
0000
0000
0000
0000
0000
0000
0000
0000
0000
0000
0000
0000
0000
0000
0000
0000
0000
0000
0000
0000
0000
0000
0000
0000
0000
0000
0000
0000
0000
0000
0000
0000
0000
0000
0000
0000
0000
0000
0000
0000
0000
0000
0000
0000
0000
0000
0000
0000
0000
0000
0000
0000
0000
0000
0000
0000
0000
0000
0000
0000
0000
0000
0000
0000
0000
0000
0000
0000
0000
0000
0000
0000
0000
0000
0000
0000
0000
0000
0000
0000
0000
0000
0000
0000
0000
0000
0000
0000
0001
0000
0000
0000
003e
0000
0000
0000
0065
0000
0000
0000
0000
0000
0000
0000
0020
0000
0000
0000
0a9c
0000
0000
0000
0101
0000
0000
0000
0001
0000
0000
0000
003e
0000
0000
0000
0046
0000
0000
0000
0000
0000
0000
0000
0000
0000
0000
0000
0000
0000
0000
0000
0000
0000
0000
0000
0000
0000
0000
0000
0000
0000
0000
0000
0002
0000
0000
0000
001b
0000
0000
0000
0000
0000
0000
0000
0000
0000
0000
0000
0004
0000
0000
0000
0aea
0000
0000
0000
0200
0000
0000
0000
0000
0000
0000
0000
0000
0000
0000
0000
0003
0000
0000
0000
0007
0000
0000
0000
0000
0000
0000
0000
0000
0000
0000
0000
a000
7b9b
0000
0000
2000
08b9
0000
0000
0660
3000
0066
0000
0ff0
d100
00ff
0000
0ef0
f900
00ff
0000
0ef0
9f50
00fe
0000
0ef0
1ee2
00fe
0000
0ef0
05fb
00fe
0000
6ef0
00af
00fe
0000
eff0
001d
00fe
0000
fff0
0004
05ff
0000
9ff0
0000
0cff
0000
0000
0000
08f5
0000
0000
0000
04f9
0000
0000
0000
0076
0000
0000
0000
0000
0000
2400
0420
0000
0000
d900
09d8
0000
0000
b100
01bf
0000
0000
0000
0000
0000
0000
0ef0
fe10
0000
0000
0ef0
ffa0
0000
0000
0ef0
fff5
0000
0000
1ef0
fe9e
0000
0000
aef0
fe1e
0000
0000
fff0
fe05
0000
0000
aff0
ff00
0038
0000
1ef0
ff00
001f
0000
0000
f100
000c
0000
0000
f500
0007
0000
0000
8400
0002
0000
0000
0000
0000
0000
0000
0000
0000
0000
ef00
0000
0000
0000
ff11
0011
0000
0000
fff9
08ff
0000
0000
ff42
0366
0000
0000
ff00
efff
0007
0000
ff00
d755
007f
0000
ef00
2000
00df
0000
ef00
0000
00ff
0000
ef00
3000
00cf
0000
ff00
e877
005f
0000
ff00
ceff
0005
0000
0000
0000
0000
0000
0000
0000
0000
0000
0000
0000
0000
0000
0000
0000
0000
0000
0000
0000
0000
0000
0000
0000
0000
0000
2200
0000
0000
0000
ef00
0000
0000
0000
fffa
07ff
0000
0000
ff75
0477
0000
0000
ff00
0122
0000
0000
ff00
cfff
0002
0000
ff00
f955
000c
0000
ef00
f000
000e
0000
ff00
fb77
000b
0000
ff00
9eff
0001
0000
0000
0000
0000
0000
0000
0000
0000
0000
0000
0000
0000
0000
0000
0000
0000
0000
0000
0000
0000
0000
fff0
5cef
0000
0000
7ff0
fe97
0004
0000
0ef0
f500
000b
0000
0ef0
f100
000e
0000
0ef0
f4c2
000c
0000
2ff0
ffe2
0007
0000
fff0
efff
0000
0000
5ff0
e745
0000
0000
0ef0
2000
0000
0000
0ef0
0000
0000
0000
0ef0
0000
0000
0000
0000
0000
0000
0000
0000
0000
0000
0000
0000
0000
0000
0000
0000
0000
0000
0000
0000
0000
0000
0000
0000
0000
0000
0000
0000
0000
0000
0000
0000
0000
0000
0000
4df0
4cfd
0000
0000
eef0
fe99
0004
0000
5ff0
f600
000b
0000
1ff0
f100
000d
0000
1ff0
f100
000d
0000
5ff0
fbc0
000b
0000
eff0
ffd9
0004
0000
5ef0
ffed
0003
0000
0ef0
5000
0001
0000
0ef0
0000
0000
0000
0ef0
0000
0000
0000
0000
0000
0000
0000
0000
8700
0000
0000
2220
fe22
0000
0000
fff0
ffff
0000
0000
4ef0
aa44
0000
0000
0ef0
0000
0000
0000
0ef0
0000
0000
0000
0ef0
0000
0000
0000
0ef0
0000
0000
0000
0ef0
0000
0000
0000
0ef0
0000
0000
0000
0ef0
0000
0000
0000
0ef0
0000
0000
0000
0000
0000
0000
0000
0000
0000
0000
0000
0000
0000
0000
0000
0000
0000
0000
0000
0000
0000
0000
0000
0000
0000
0000
0000
0000
0220
0000
0000
0000
0ef0
0000
0000
fff0
0eff
0000
0000
7ff0
0777
0000
0000
0ef0
0000
0000
0000
0ef0
0000
0000
0000
0ef0
0000
0000
0000
0ef0
0000
0000
0000
0ef0
0000
0000
0000
0ef0
0000
0000
0000
0000
0000
0000
0000
0000
0000
0000
0000
0000
0000
0000
0000
0000
0000
0000
0000
0000
0000
0000
0000
fff0
ffff
0000
0000
7ff0
7777
0000
0000
0ef0
0000
0000
0000
0ef0
0000
0000
0000
2ff2
0022
0000
0000
ffff
00cf
0000
0000
5ff5
0045
0000
0000
0ef0
0000
0000
0000
0ef0
0000
0000
0000
0ef0
0000
0000
0000
0ef0
0000
0000
0000
0000
0000
0000
0000
0000
0000
0000
0000
0000
0000
0000
0000
0000
0000
0000
0000
0000
0000
0000
0000
0000
0000
0000
0000
0000
0000
0000
0000
0000
0000
0000
0000
fff0
08ff
0000
0000
7ff0
0477
0000
0000
2ff2
0002
0000
0000
ffff
002f
0000
0000
5ff5
0015
0000
0000
0ef0
0000
0000
0000
0ef0
0000
0000
0000
0ef0
0000
0000
0000
0000
0000
0000
0000
0000
0000
0000
0000
0000
0000
0000
0000
0000
0000
0000
0000
0000
0000
0000
0000
fff0
dfff
0000
0000
7ff0
6777
0000
0000
0ef0
0000
0000
0000
0ef0
0000
0000
0000
0ef0
0021
0000
0000
bff0
7eff
0000
0000
cff0
fc66
0007
0000
1ff0
f200
000e
0000
0ff0
f100
000e
0000
0ef0
fa32
0009
0000
0ef0
affc
0001
0000
0000
0244
0000
0000
0000
0000
0000
0000
0000
0000
0000
0000
0000
0000
0000
0000
0000
0000
0000
0000
0000
0000
0000
0000
0000
0000
0000
0000
0000
0000
0000
0000
fff0
07ff
0000
0000
7ff0
0377
0000
0000
0ef0
0000
0000
0000
0ef0
0011
0000
0000
9ef0
1aff
0000
0000
aff0
8fb6
0000
0000
0ff0
df10
0000
0000
0ef0
df20
0000
0000
1000
8fa3
0000
0000
6000
09ff
0000
0000
2000
0014
0000
0000
0000
0000
0000
0000
0000
0000
0000
0000
7fd0
f000
000e
0cf8
ef40
f001
100e
03fe
fa00
f008
800e
009f
f200
f01e
f20e
001e
8000
f08f
f90e
0007
1000
ffff
ffff
0001
9000
f9bf
fb9f
0008
f300
f01e
e10e
003f
fc00
f006
700e
00cf
cf70
f000
000e
7dfd
3fe2
f000
000e
fff5
0000
0000
0000
fe00
0000
0000
0000
fe00
0000
0000
0000
8700
0000
0000
0000
0000
0000
0000
0000
0000
0000
0000
0000
0000
0000
0000
0000
0000
0000
0000
0000
0000
09f9
0ef0
cf70
0001
6fa0
0ef0
1df5
0000
fc10
5ef5
02df
0000
f300
ffff
005f
0000
fa00
8ef8
00cf
0000
cf50
0ef0
08fb
0000
3fe1
0ef0
cfe2
0007
08fa
0ef0
ff60
000f
0000
0000
f000
000e
0000
0000
f000
000e
0000
0000
8000
0007
0000
0000
0000
0000
0000
0000
0000
0000
e920
06cf
0000
0000
bfd1
6fd8
0000
0000
0bf6
df30
0000
0000
0111
df10
0000
0000
2000
7fa3
0000
0000
c000
07ff
0000
0000
4000
7f86
0000
0000
0000
d600
0000
0000
08e6
e700
0000
0000
bfe2
7fa8
0000
0000
ea20
06cf
0000
0000
0000
016e
0000
0000
0000
08e4
0000
0000
5000
04cc
0000
0000
0000
0000
0000
0000
0000
0000
0000
0000
0000
0000
0000
0000
0000
0000
0000
0000
0000
0000
0000
0000
fc60
02ae
0000
0000
8df5
0cfa
0000
0000
2121
0bf6
0000
0000
f100
01bf
0000
0000
5000
09f9
0000
0000
0363
0df1
0000
0000
8df4
0afb
0000
0000
fd50
019f
0000
0000
c000
0017
0000
0000
3000
008c
0000
0000
c200
005d
0000
0000
0000
0000
0000
0000
0000
0000
0000
0000
0ef0
9000
00bf
0000
0ef0
f500
002e
0000
0ef0
fe10
0005
0000
0ef0
9fb0
0000
0000
2ef0
0cf7
0000
0000
fff0
04ff
0000
0000
5ef0
0cf9
0000
0000
0ef0
9fb0
0000
0000
0ef0
fd10
0005
0000
0ef0
f300
07af
0000
0ef0
7000
0fff
0000
0000
0000
0ef0
0000
0000
0000
0ef0
0000
0000
0000
0780
0000
0000
0000
0000
0000
0000
0000
0000
0000
0000
0000
0000
0000
0000
0000
0000
0000
0000
0000
0000
0000
0ef0
ef40
0002
0000
0ef0
5fd0
0000
0000
0ef0
0af8
0000
0000
4ef0
01ef
0000
0000
fff0
008f
0000
0000
5ef0
04fd
0000
0000
0ef0
afe3
0007
0000
0ef0
ff50
000f
0000
0000
f000
000e
0000
0000
f000
000e
0000
0000
8000
0007
0000
0000
0000
0000
0000
0000
0000
0000
0000
0ef0
a000
009f
0000
0ef0
f200
002f
0000
0ef0
f800
0009
0000
3ef0
fe1f
0002
0000
3ef0
8f7f
0000
0000
fff0
2fff
0000
0000
eff0
8fdf
0000
0000
3ef0
ff2f
0002
0000
1ef0
f905
000a
0000
0ef0
e100
004f
0000
0ef0
7000
00cf
0000
0000
0000
0000
0000
0000
0000
0000
0000
0000
0000
0000
0000
0000
0000
0000
0000
0000
0000
0000
0000
0000
0000
0000
0000
0000
0000
0000
0000
0000
0000
0000
0000
0ef0
f200
002e
0000
0ef0
fa00
0007
0000
2ef0
df3f
0000
0000
aff0
4fcf
0000
0000
fff0
3fff
0000
0000
2ef0
cf4f
0000
0000
1ef0
fa06
0007
0000
0ef0
f200
002e
0000
0000
0000
0000
0000
0000
0000
0000
0000
0000
0000
0000
0000
0000
0000
0000
0000
0000
0000
0000
0000
0000
0000
0000
0000
0000
0000
0000
0000
0000
0000
0000
0000
0f00
ff00
0000
0000
fff0
00f0
0000
0000
0f00
00f0
0000
0000
0f00
000f
0000
0000
0f00
000f
0000
0000
ff00
0000
0000
0000
0f00
000f
0000
0000
0f00
00f0
0000
0000
0f00
0f00
0000
0000
0f00
f000
0000
0000
0000
0000
0000
0000
0000
0000
0000
0000
0000
0000
0000
0000
0000
0000
0000
0000
0000
0000
0000
0000
0000
0000
0000
0000
0000
0000
0000
0000
0000
0000
0000
0000
0f00
ff00
0000
0000
fff0
00f0
0000
0000
0f00
000f
0000
0000
ff00
0000
0000
0000
0f00
000f
0000
0000
0f00
00f0
0000
0000
0f00
0f00
0000
0000
0f00
f000
0000
0000
0000
0000
0000
0000
0000
0000
0000
0000
0000
0000
0000
0000
fff0
00ef
fc00
0008
7770
00ef
cf70
0000
0000
00ef
2ef3
0000
0000
00ef
06fc
0000
0000
82ef
00af
0000
0000
ffff
002f
0000
0000
a5ef
00af
0000
0000
00ef
06fc
0000
0000
00ef
3fe2
0000
0000
00ef
df60
0001
0000
00ef
fa00
000a
0000
0000
0000
0000
0000
0000
0000
0000
0000
0000
0000
0000
0000
0000
0000
0000
0000
0000
0000
0000
0000
0000
0000
0000
0000
0000
0000
0000
0000
0000
0000
0000
efff
f300
002e
0000
ef77
fc00
0006
0000
ef00
bf70
0000
0000
ef00
2ef4
0000
0000
ff00
09ff
0000
0000
ef00
5fd5
0000
0000
ef00
ee30
0003
0000
ef00
f400
002e
0000
0000
0000
0000
0000
0000
0000
0000
0000
0000
0000
0000
0000
0000
0000
0000
0000
0000
0000
0000
0000
0ef0
0000
00fe
0000
0ef0
0000
00fe
0000
0ef0
0000
00fe
0000
0ef0
0000
00fe
0000
2ef0
2222
00fe
0000
fff0
ffff
00ff
0000
5ef0
5555
00fe
0000
0ef0
0000
00fe
0000
0ef0
0000
00fe
0000
0ef0
0000
08ff
0000
0ef0
0000
0fff
0000
0000
0000
0fe0
0000
0000
0000
0fe0
0000
0000
0000
0870
0000
0000
0000
0000
0000
0000
0000
0000
0000
0000
0000
0000
0000
0000
0000
0000
0000
0000
0000
0000
0000
0ef0
fe00
0000
0000
0ef0
fe00
0000
0000
0ef0
fe00
0000
0000
fff0
ffff
0000
0000
8ff0
ff88
0000
0000
0ef0
fe00
0000
0000
0ef0
ff00
0007
0000
0ef0
ff00
000f
0000
0000
e000
000f
0000
0000
e000
000f
0000
0000
7000
0008
0000
0000
0000
0000
0000
0000
0000
0000
0000
0ef0
0000
ffff
08ff
0ef0
0000
77fe
0477
0ef0
0000
00fe
0000
0ef0
0000
00fe
0000
2ef0
2222
00fe
0000
fff0
ffff
00ff
0000
5ef0
5555
00fe
0000
0ef0
0000
00fe
0000
0ef0
0000
00fe
0000
0ef0
0000
00fe
0000
0ef0
0000
00fe
0000
0000
0000
0000
0000
0000
0000
0000
0000
0000
0000
0000
0000
0000
0000
0000
0000
0000
0000
0000
0000
0000
0000
0000
0000
0000
0000
0000
0000
0000
0000
0000
0000
0ef0
fe00
08ff
0000
0ef0
fe00
0477
0000
0ef0
fe00
0000
0000
fff0
ffff
0000
0000
8ff0
ff88
0000
0000
0ef0
fe00
0000
0000
0ef0
fe00
0000
0000
0ef0
fe00
0000
0000
0000
0000
0000
0000
0000
0000
0000
0000
0000
0000
0000
0000
0000
0000
0000
0000
0000
0000
0000
0000
fff0
ffff
00ff
0000
7ff0
7777
00ff
0000
0ef0
0000
00fe
0000
0ef0
0000
00fe
0000
0ef0
0000
10fe
0001
0ef0
0000
fbfe
07ef
0ef0
0000
6cfe
7fd6
0ef0
0000
01fe
ef20
0ef0
0000
00fe
ef10
0ef0
0000
20fe
9fa3
0ef0
0000
c0fe
1aff
0000
0000
4000
0014
0000
0000
0000
0000
0000
0000
0000
0000
0000
0000
0000
0000
0000
0000
0000
0000
0000
0000
0000
0000
0000
0000
0000
0000
0000
0000
0000
0000
fff0
ffff
0000
0000
7ff0
ff77
0000
0000
0ef0
fe00
0012
0000
0ef0
fe00
6dff
0000
0ef0
fe00
fd75
0006
0ef0
fe00
f300
000d
0ef0
fe00
f000
000e
0ef0
fe00
f300
000c
0000
0000
fd30
0005
0000
0000
5c10
0000
0000
0000
0000
0000
0000
0000
0000
0000
0000
0000
0000
0000
6000
00bc
0000
0000
f900
006d
0110
0000
cf50
5000
dffd
0006
4fb0
f400
d66e
006f
0fe0
fb00
3004
00df
0ef0
fe00
0001
00ff
0fd0
fd00
2002
00df
4fa0
f700
a00a
008f
df40
d001
fbbf
001c
f700
a89e
ffff
0598
4000
dfda
eddc
08ef
0000
0000
0000
0000
0000
0000
0000
0000
0000
0000
0000
0000
0000
0000
0000
0000
0000
0000
0000
0000
0000
0000
0000
0000
0000
0000
0000
0000
0000
0000
0000
0000
b300
100e
0001
0000
ef30
fb19
01bf
0000
5fb0
9f90
0af9
0000
1fe0
1fd0
0ef0
0000
0fe0
2fd0
0ef1
0000
6fb0
af80
08fa
0000
ff30
ff8a
78ff
0000
a300
fefe
aeef
0000
0000
0000
0000
0000
0000
0000
0000
0000
0000
0000
0000
0000
0000
0000
0000
0000
0000
0000
0000
0000
4000
ceeb
0006
0000
f800
c89e
00bf
0000
df40
0001
07fa
0000
5fa0
0000
0792
0000
1fd0
0000
0000
0000
0ef0
0000
0000
0000
0fe0
0000
0000
0000
4fa0
0000
0792
0000
cf40
0001
07fa
0000
f800
c89e
00bf
0000
5000
cffb
0006
0000
0000
3b70
0000
0000
0000
e820
0000
0000
0000
8ca0
0000
0000
0000
0000
0000
0000
0000
0000
0000
0000
0000
0000
0000
0000
0000
0000
0000
0000
0000
0000
0000
0000
c400
19ee
0000
0000
ef40
cfa8
0000
0000
5fb0
9800
0001
0000
0fe0
0000
0000
0000
0fe0
0000
0000
0000
5fb0
a900
0001
0000
ef40
cfa8
0000
0000
c400
19ff
0000
0000
0000
018a
0000
0000
0000
07a3
0000
0000
1000
03dc
0000
0000
0000
0000
0000
0000
0000
0000
0000
0000
fff0
ffff
00ff
0000
7770
77ff
0077
0000
0000
00fe
0000
0000
0000
00fe
0000
0000
0000
00fe
0000
0000
0000
00fe
0000
0000
0000
00fe
0000
0000
0000
00fe
0000
0000
0000
00fe
0000
0000
0000
07ff
0000
0000
0000
0fff
0000
0000
0000
0fe0
0000
0000
0000
0fe0
0000
0000
0000
0870
0000
0000
0000
0000
0000
0000
0000
0000
0000
0000
0000
0000
0000
0000
0000
0000
0000
0000
0000
0000
0000
0000
fff0
ffff
0000
0000
7770
77ff
0000
0000
0000
00ef
0000
0000
0000
00ef
0000
0000
0000
00ef
0000
0000
0000
00ef
0000
0000
0000
07ff
0000
0000
0000
0eff
0000
0000
0000
0ef0
0000
0000
0000
0ef0
0000
0000
0000
0780
0000
0000
0000
0000
0000
0000
0000
0000
0000
0000
08fb
9000
009f
0000
2ff2
f300
001e
0000
af80
fb00
0007
0000
fd10
df43
0000
0000
f500
4fbb
0000
0000
b000
0aff
0000
0000
2000
02ff
0000
0000
0000
00ef
0000
0000
0000
00ef
0000
0000
0000
00ef
0000
0000
0000
00ef
0000
0000
0000
0000
0000
0000
0000
0000
0000
0000
0000
0000
0000
0000
0000
0000
0000
0000
0000
0000
0000
0000
0000
0000
0000
0000
0000
0000
0000
0000
0000
0000
0000
0000
01fe
ef20
0000
0000
06fa
9f70
0000
0000
0bf5
4fc0
0000
0000
2fe0
0df2
0000
0000
7fa0
08f7
0000
0000
bf40
03fc
0000
0000
fe00
00df
0000
0000
f900
008f
0000
0000
f400
003f
0000
0000
f000
000f
0000
0000
f000
000e
0000
0000
0000
0000
0000
0000
0000
0000
0000
0000
08fb
9000
00af
0000
1ef3
f200
002e
0000
9f90
fa00
0008
0000
fe10
df32
0001
0000
f700
5fa9
0000
0000
d000
0cff
0000
0000
4000
03ff
0000
0000
1100
11ff
0000
0000
ff20
ffff
0001
0000
4410
44ff
0000
0000
0000
00ef
0000
0000
0000
0000
0000
0000
0000
0000
0000
0000
0000
0000
0000
0000
0000
0000
0000
0000
0000
0000
0000
0000
0000
0000
0000
0000
0000
0000
0000
0000
0000
0000
0000
0000
01fe
ef20
0000
0000
06f9
8f70
0000
0000
0bf3
2fc0
0000
0000
1fd0
0cf2
0000
0000
6f70
06f7
0000
0000
bf20
01eb
0000
0000
fb00
00af
0000
0000
f500
004f
0000
0000
ff90
08ff
0000
0000
f320
023f
0000
0000
f000
000e
0000
0000
0000
0000
0000
0000
0000
0000
0000
0000
7fc0
6000
00bf
0000
fe20
e102
002f
0000
f700
fa0b
0007
0000
b000
cf7f
0000
0000
2000
3fff
0000
0000
0000
0fff
0000
0000
4000
6fff
0000
0000
e100
ef4f
0002
0000
fa00
f808
000b
0000
cf60
d000
07ef
0000
3fe2
4000
0fff
0000
0000
0000
0ef0
0000
0000
0000
0ef0
0000
0000
0000
0780
0000
0000
0000
0000
0000
0000
0000
0000
0000
0000
0000
0000
0000
0000
0000
0000
0000
0000
0000
0000
0000
0df3
bf50
0000
0000
7f80
2ee1
0000
0000
ed10
06f9
0000
0000
f400
00ef
0000
0000
f600
00ef
0000
0000
de10
08f7
0000
0000
5fa0
bfd0
0007
0000
0af5
ff40
000f
0000
0000
f000
000e
0000
0000
f000
000e
0000
0000
8000
0007
0000
0000
0000
0000
0000
0000
0000
0000
0000
fff8
ffff
f03f
000e
7774
77ff
f027
000e
0000
00ef
f000
000e
0000
00ef
f000
000e
0000
00ef
f000
000e
0000
00ef
f000
000e
0000
00ef
f000
000e
0000
00ef
f000
000e
0000
00ef
f000
000e
0000
99ff
f999
008f
0000
ffff
ffff
00ef
0000
0000
0000
00ef
0000
0000
0000
00ef
0000
0000
0000
0078
0000
0000
0000
0000
0000
0000
0000
0000
0000
0000
0000
0000
0000
0000
0000
0000
0000
0000
0000
0000
fffb
e08f
000f
0000
ff75
e047
000f
0000
ef00
e000
000f
0000
ef00
e000
000f
0000
ef00
e000
000f
0000
ef00
e000
000f
0000
ff00
f888
008f
0000
ff00
ffff
00ff
0000
0000
0000
00fe
0000
0000
0000
00fe
0000
0000
0000
0087
0000
0000
0000
0000
0000
0000
0000
0000
0000
0ef0
e000
000f
0000
0ef0
e000
000f
0000
0ef0
e000
000f
0000
0ef0
e000
000f
0000
1fe0
e000
000f
0000
bf90
f634
000f
0000
fb10
feff
000f
0000
2000
e134
000f
0000
0000
e000
000f
0000
0000
e000
078f
0000
0000
e000
0eff
0000
0000
0000
0ef0
0000
0000
0000
0ef0
0000
0000
0000
0780
0000
0000
0000
0000
0000
0000
0000
0000
0000
0000
0000
0000
0000
0000
0000
0000
0000
0000
0000
0000
0000
0ef0
ef00
0000
0000
0ef0
ef00
0000
0000
0ef0
ef00
0000
0000
5fd0
ef20
0000
0000
ff50
efff
0000
0000
6200
ef67
0000
0000
0000
ff00
0007
0000
0000
ff00
000f
0000
0000
e000
000f
0000
0000
e000
000f
0000
0000
7000
0008
0000
0000
0000
0000
0000
0000
0000
0000
0000
0ef0
e000
000f
0000
0ef0
e000
000f
0000
0ef0
e000
000f
0000
0ff0
e051
000f
0000
3fd0
f0f3
000f
0000
ef70
fefc
000f
0000
d700
f9ff
000f
0000
0000
e0f3
000f
0000
0000
e0b2
000f
0000
0000
e000
000f
0000
0000
e000
000f
0000
0000
0000
0000
0000
0000
0000
0000
0000
0000
0000
0000
0000
0000
0000
0000
0000
0000
0000
0000
0000
0000
0000
0000
0000
0000
0000
0000
0000
0000
0000
0000
0000
0ef0
ef00
0000
0000
0ef0
ef00
0000
0000
2ef0
ef0a
0000
0000
7fd0
ef1f
0000
0000
ff50
efff
0000
0000
8200
ef7f
0000
0000
3000
ef0f
0000
0000
1000
ef04
0000
0000
0000
0000
0000
0000
0000
0000
0000
0000
0000
0000
0000
0000
0000
0000
0000
0000
0000
0000
0000
0000
0ef0
0000
0000
0000
0ef0
0000
0000
0000
0ef0
0000
0000
0000
0ef0
0020
0000
0000
bff0
9fff
0001
0000
bff0
fc66
0008
0000
0ff0
f200
000d
0000
0ef0
e000
000f
0000
0ef0
e000
000f
0000
0ef0
e000
000f
0000
0ef0
e000
000f
0000
0000
0000
0000
0000
0000
0000
0000
0000
0000
0000
0000
0000
0000
0000
0000
0000
0000
0000
0000
0000
0ef0
0000
0000
0000
0ef0
0000
0000
0000
0ef0
0000
0000
0000
5ef0
1bed
0000
0000
cff0
afc8
0000
0000
2ff0
ef10
0000
0000
0ef0
fe00
0000
0000
0ef0
fe00
0000
0000
0ef0
fe00
0000
0000
0ef0
fe00
0000
0000
0ef0
fe00
0000
0000
0000
0000
0000
0000
0000
0000
0000
0000
0000
0000
0000
0000
0000
0000
0000
0000
0000
0000
0000
0000
0000
eb40
07ce
0000
0000
9ef7
bfc8
0000
3000
02df
fa00
0006
abc0
005f
f300
000c
ffe0
223f
f222
000e
ff80
ffff
ffff
000f
f300
556f
5555
0005
9000
005f
7200
0006
3000
02df
fa00
0009
0000
9ef7
cfc8
0001
0000
eb40
17ce
0000
0000
0000
0000
0000
0000
0000
0000
0000
0000
0000
0000
0000
0000
0000
0000
0000
0000
0000
0000
0000
0000
0000
0000
0000
0000
0000
0000
0000
0000
0000
0000
0000
0000
ec50
006d
0000
0440
8df4
05fd
0000
5fd0
25fc
0cf4
0000
fe50
ffff
0fff
0000
4100
55ff
0555
0000
0000
03fc
0361
0000
0000
8df5
08fc
0000
0000
fc50
007e
0000
0000
0000
0000
0000
0000
0000
0000
0000
0000
0000
0000
0000
0000
0000
0000
0000
0000
0000
0000
0000
0000
eb40
07ce
0000
0000
9ef7
bfc8
0000
3000
01df
fa00
0006
abc0
005f
f300
000c
ffe0
223f
f222
000e
ff80
ffff
ffff
000f
f300
557f
5555
0005
9000
006f
8200
0006
3000
03ef
fb10
0009
0000
cff7
cfeb
0001
0000
fb40
17cf
0000
0000
e000
000f
0000
0000
e000
000f
0000
0000
0000
0000
0000
0000
0000
0000
0000
0000
0000
0000
0000
0000
0000
0000
0000
0000
0000
0000
0000
0000
0000
0000
0000
0000
ec50
006d
0000
0440
8ef4
05fa
0000
5fd0
25fc
0dc2
0000
fe50
ffff
0fff
0000
4100
55ff
0555
0000
0000
04fc
0450
0000
0000
9ef5
09f9
0000
0000
fc50
008f
0000
0000
b000
0007
0000
0000
3000
006b
0000
0000
c100
003d
0000
0000
0000
0000
0000
0000
0000
0000
0000
0ef0
0000
0000
0000
0ef0
0000
0000
0000
0ef0
0000
0000
0000
0ef0
0000
0000
0000
0ef0
0000
0000
0000
0ef0
0000
0000
0000
0ef0
0000
0000
0000
0ef0
0000
0000
0000
0ef0
0000
0000
0000
0ef0
0000
0000
0000
0ef0
0000
0000
0000
0000
0000
0000
0000
0000
0000
0000
0000
0000
0000
0000
0000
0000
0000
0000
0000
0000
ac40
04ca
0000
0000
9600
0069
0000
2660
5000
0005
0662
bfb0
f000
000f
0bfa
fd00
f005
400e
01df
f400
f00d
d00e
004f
8000
f28f
f82e
0008
3000
ffff
ffff
0004
d100
f46f
f64f
001d
f900
f008
800e
00af
cf60
f000
000e
06fc
3fe2
f000
000e
2ef3
0000
0000
0000
0000
0000
0000
0000
0000
0000
0000
0000
0000
0000
0000
0000
0000
2000
4004
0002
0000
5000
f99f
0005
0000
0000
7ee7
0000
0000
0000
0000
0000
0000
07fa
0ef0
bf70
0000
3fd1
0ef0
1ef3
0000
cf40
1ef0
04fd
0000
f800
bffa
008f
0000
f600
ffff
006f
0000
ee30
3ef3
03ef
0000
5fd1
0ef0
1df6
0000
08fa
0ef0
af80
0000
0000
0000
0000
0000
0000
0000
0000
0000
0000
0000
0000
0000
0000
0000
0000
0000
0000
0000
0000
0000
0ef0
c000
008f
0000
0ef0
f900
000b
0000
0ef0
df60
0001
0000
0ef0
3ff3
0000
0000
7ef0
06ff
0000
0000
fff0
aeff
0002
0000
6ef0
f959
002e
0000
0ef0
7000
009f
0000
0ef0
1000
00df
0000
0ef0
1000
00df
0000
0ef0
5000
00bf
0000
0000
d510
005f
0000
0000
ef30
0007
0000
0000
1410
0000
0000
0000
0000
0000
0000
0000
0000
0000
0000
0000
0000
0000
0000
0000
0000
0000
0000
0000
0000
0000
0000
0ef0
fd10
0007
0000
0ef0
bfa0
0000
0000
0ef0
1df5
0000
0000
5ff0
03ff
0000
0000
fff0
4bff
0000
0000
9ff0
fe8a
0005
0000
0ef0
f300
000d
0000
0ef0
f300
000d
0000
0000
fd50
0006
0000
0000
5c60
0000
0000
0000
0000
0000
0000
0000
0000
0000
0000
0000
0000
0000
0000
f300
ffff
00ef
0000
f400
777c
00ef
0000
f500
0008
00ef
0000
f700
0007
00ef
0000
f800
0005
00ef
0000
f900
0004
00ef
0000
fa00
0003
00ef
0000
fc00
0001
00ef
0000
de10
0000
00ef
0000
8fb4
0000
27ff
0000
09e7
0000
1fff
0000
0000
0000
0bf1
0000
0000
0000
06f5
0000
0000
0000
0184
0000
0000
0000
0000
0000
0000
0000
0000
0000
0000
0000
0000
0000
0000
0000
0000
0000
0000
0000
0000
0000
ff00
ffff
0000
0000
ff00
ff77
0000
0000
ef00
fe00
0000
0000
ef00
fe00
0000
0000
ef00
fe00
0000
0000
cf30
fe00
0000
0000
7fc4
ff00
0027
0000
1ae8
ff00
002f
0000
0000
f100
000c
0000
0000
f500
0007
0000
0000
8400
0002
0000
0000
0000
0000
0000
0000
0000
0000
0000
0ef0
0000
00fe
0000
0ef0
0000
00fe
0000
0ef0
0000
00fe
0000
0ef0
0000
00fe
0000
2ef0
2222
00fe
0000
fff0
ffff
00ff
0000
5ef0
5555
00fe
0000
0ef0
0000
00fe
0000
0ef0
0000
00fe
0000
0ef0
0000
00fe
0000
0ef0
0000
00ff
0000
0000
0000
00fe
0000
0000
9400
00df
0000
0000
f700
005d
0000
0000
0000
0000
0000
0000
0000
0000
0000
0000
0000
0000
0000
0000
0000
0000
0000
0000
0000
0000
0000
0ef0
fe00
0000
0000
0ef0
fe00
0000
0000
0ef0
fe00
0000
0000
fff0
ffff
0000
0000
8ff0
ff88
0000
0000
0ef0
fe00
0000
0000
0ef0
fe00
0000
0000
0ef0
fe00
0000
0000
0000
fe00
0000
0000
0000
df83
0000
0000
0000
5df6
0000
0000
0000
0000
0000
0000
0000
0000
0000
0000
0ef0
0000
00fe
0000
0ef0
0000
00fe
0000
0ef0
0000
00fe
0000
0ef0
0000
00fe
0000
2ef0
2222
00fe
0000
fff0
ffff
00ff
0000
5ef0
5555
00fe
0000
0ef0
0000
00fe
0000
0ef0
0000
00fe
0000
0ef0
0000
38ff
0000
0ef0
0000
2fff
0000
0000
0000
0cf1
0000
0000
0000
08f4
0000
0000
0000
0284
0000
0000
0000
0000
0000
0000
0000
0000
0000
0000
0000
0000
0000
0000
0000
0000
0000
0000
0000
0000
0000
0ef0
fe00
0000
0000
0ef0
fe00
0000
0000
0ef0
fe00
0000
0000
fff0
ffff
0000
0000
8ff0
ff88
0000
0000
0ef0
fe00
0000
0000
0ef0
ff00
0027
0000
0ef0
ff00
002f
0000
0000
f100
000c
0000
0000
f500
0007
0000
0000
8400
0002
0000
0000
0000
0000
0000
0000
0000
0000
0000
0ef0
e000
000f
0000
0ef0
e000
000f
0000
0ef0
e000
000f
0000
0ef0
e000
000f
0000
1fe0
e000
000f
0000
bf90
f634
000f
0000
fb10
feff
000f
0000
2000
e134
000f
0000
0000
e000
000f
0000
0000
e000
078f
0000
0000
e000
0eff
0000
0000
0000
0ef0
0000
0000
0000
0ef0
0000
0000
0000
0780
0000
0000
0000
0000
0000
0000
0000
0000
0000
0000
0000
0000
0000
0000
0000
0000
0000
0000
0000
0000
0000
0ef0
ef00
0000
0000
0ef0
ef00
0000
0000
0ef0
ef00
0000
0000
5fd0
ef20
0000
0000
ff50
efff
0000
0000
6200
ef67
0000
0000
0000
ff00
0007
0000
0000
ff00
000f
0000
0000
e000
000f
0000
0000
e000
000f
0000
0000
7000
0008
0000
0000
0000
0000
0000
0000
0000
0000
0000
fff0
0003
ff50
000e
fff0
0009
ffa0
000e
fff0
000e
fdf1
000e
cef0
005f
f9f6
000e
7ef0
00af
f4fc
000e
2ef0
21ff
f0ef
000e
0ef0
76fb
f08f
000e
0ef0
baf5
f02f
000e
0ef0
edd0
f00c
000e
0ef0
ff80
f006
027f
0ef0
ef20
f001
01ff
0000
0000
3000
00bf
0000
0000
7000
006f
0000
0000
5000
0018
0000
0000
0000
0000
0000
0000
0000
0000
0000
0000
0000
0000
0000
0000
0000
0000
0000
0000
0000
0000
fff0
3002
0fff
0000
fff0
9008
0fee
0000
def0
e00d
0fec
0000
9ef0
f54f
0fe7
0000
3ef0
f98f
0fe2
0000
0ef0
bdcc
0fe0
0000
0ef0
5ff6
7ff0
0002
0ef0
0ef1
fff0
0002
0000
0000
cf20
0000
0000
0000
8f70
0000
0000
0000
2850
0000
0000
0000
0000
0000
0000
0000
0000
0000
0ef0
0000
0000
0000
0ef0
0000
0000
0000
0ef0
0000
0000
0000
0ef0
0000
0000
0000
0ef0
0000
0000
0000
0ef0
0000
0000
0000
0ef0
0000
0000
0000
0ef0
0000
0000
0000
0ef0
0000
0000
0000
0ef0
0000
0000
0000
0ef0
0000
0000
0000
0000
0000
0000
0000
0000
0000
0000
0000
0000
0000
0000
0000
0000
0000
0000
0000
5000
caac
0004
0000
0000
6996
0000
0000
0000
2552
0000
0000
0000
affc
0000
0000
2000
fdbf
0001
0000
8000
f86f
0007
0000
e000
f32f
000d
0000
f500
b00a
005f
0000
fc00
b77a
00bf
0000
ff30
cddc
02ff
0000
9f90
1111
09f9
0000
2fe1
0000
1ef2
0000
0000
0000
0000
0000
0000
0000
0000
0000
0000
0000
0000
0000
0000
0000
0000
0000
3300
0510
0000
0000
e700
0cc8
0000
0000
9000
02cf
0000
0000
0000
0000
0000
0000
c500
19de
0000
0000
df60
afa8
0000
0000
1520
fd00
0000
0000
7300
ffca
0000
0000
df80
fe68
0000
0000
1ff0
ff10
0000
0000
9fd0
ffc6
0000
0000
eb20
fd5d
0000
0000
0000
0000
0000
0000
0000
0000
0000
0000
0000
0000
0000
0000
0000
0000
0000
0000
6000
6606
0000
0000
9000
9708
0000
0000
0000
0464
0000
0000
1000
2fff
0000
0000
6000
9f9f
0000
0000
c000
fd1f
0002
0000
f200
f70c
0009
0000
f800
d005
001e
0000
fd00
d778
008f
0000
ff40
cddd
01ef
0000
8fa0
1111
07fa
0000
1ff1
0000
1ef2
0000
0000
0000
0000
0000
0000
0000
0000
0000
0000
0000
0000
0000
0000
0000
0000
0000
0000
0000
0000
0000
cb00
0cb0
0000
0000
5400
0440
0000
0000
0000
0000
0000
0000
c600
19de
0000
0000
df70
afa8
0000
0000
1520
fd00
0000
0000
7300
ffca
0000
0000
cf80
fe57
0000
0000
0ff0
ff20
0000
0000
afd0
fed8
0000
0000
eb20
fd5d
0000
0000
0000
0000
0000
0000
0000
0000
0000
0000
0000
0000
0000
0000
0000
0000
0000
0000
0000
0000
0000
0000
0000
fff4
ffff
00ff
0000
f5fb
999f
0099
2000
f0cf
000e
0000
9000
f06f
000e
0000
e100
f01e
222e
0012
f700
f008
ffff
008f
fe00
f224
555e
0025
ff60
ffff
000f
0000
9fc0
f555
000e
0000
0df4
f000
777f
0077
06fb
f000
ffff
00ff
0000
0000
0000
0000
0000
0000
0000
0000
0000
0000
0000
0000
0000
0000
0000
0000
0000
0000
0000
0000
0000
0000
0000
0000
0000
0000
0000
0000
0000
0000
0000
0000
c600
3aee
aee9
0002
df70
fe98
e99f
000c
1200
f922
822a
005f
fa10
ffff
ffff
007f
afc0
fb56
5559
0025
0ff0
f900
3008
0027
bfc0
ffb8
e8af
002e
ea20
15ce
bfd9
0003
0000
0000
0000
0000
0000
0000
0000
0000
0000
0000
0000
0000
0000
0000
0000
0000
b900
0bba
0000
0000
7000
0189
0000
0000
6660
7765
0000
0000
dff0
dddd
0000
0000
1ef0
1111
0000
0000
0ef0
0000
0000
0000
4ef0
2444
0000
0000
eff0
7eee
0000
0000
2ef0
1222
0000
0000
0ef0
0000
0000
0000
5ef0
5555
0000
0000
eff0
eeee
0000
0000
0000
0000
0000
0000
0000
0000
0000
0000
0000
0000
0000
0000
0000
0000
0000
0000
4300
2400
0000
0000
f500
4f99
0000
0000
7000
06ee
0000
0000
0000
0000
0000
0000
b300
4bee
0000
0000
ef30
fe98
0003
0000
4fb0
f400
000b
0000
fff0
ffff
000e
0000
3ff0
3333
0003
0000
4fb0
7200
0003
0000
ef30
fd89
0006
0000
b300
6cfe
0000
0000
0000
0000
0000
0000
0000
0000
0000
0000
0000
0000
0000
0000
0000
0000
0000
0000
0000
0000
0000
0000
7000
befd
0004
0000
fc10
e98c
007f
0000
bf90
2000
03fd
0000
2870
0000
09f6
0000
2220
2222
0cf4
0000
fff0
ffff
0eff
0000
5fe0
5555
0df6
0000
2fc0
0000
0af6
0000
af70
2000
03fd
0000
fb00
e98c
007f
0000
7000
befd
0004
0000
0000
0000
0000
0000
0000
0000
0000
0000
0000
0000
0000
0000
0000
0000
0000
0000
0000
0000
0000
0000
0000
0000
0000
0000
0000
0000
0000
0000
0000
0000
0000
0000
c700
3aee
0000
0000
cf90
efa8
0003
0000
2320
f722
000a
0000
fff0
ffff
000d
0000
6fe0
f555
000d
0000
4fa0
f500
000a
0000
ee30
ee98
0003
0000
b300
3bee
0000
0000
0000
0000
0000
0000
0000
0000
0000
0000
0000
0000
0000
0000
0000
0000
0000
0000
6000
6606
0000
0000
8000
8708
0000
0000
1000
3574
0000
0000
d700
fedf
003b
0000
cf70
5213
02df
0000
2970
0000
09f6
0000
4440
4444
0df5
0000
eff0
eeee
0efe
0000
2fe0
2222
0cf4
0000
6fa0
0000
06fa
0000
fd20
b669
009f
0000
8200
ceed
0005
0000
0000
0000
0000
0000
0000
0000
0000
0000
0000
0000
0000
0000
0000
0000
0000
0000
0000
0000
0000
0000
cb00
0cb0
0000
0000
5400
0540
0000
0000
0000
0000
0000
0000
c700
3aee
0000
0000
cf90
efa8
0003
0000
2320
f722
000a
0000
fff0
ffff
000d
0000
6fe0
f555
000d
0000
4fa0
f500
000a
0000
ee30
ee98
0003
0000
b300
3bee
0000
0000
0000
0000
0000
0000
0000
0000
0000
0000
0000
0000
0000
0000
0000
0000
0000
0000
0000
0660
0066
0000
0000
0990
0097
0000
0672
6000
0005
0276
6fe2
f000
500f
02ef
ef30
f002
d10e
003f
f800
f00a
f70e
0008
b000
f25f
ce3e
0000
8000
ffff
8fff
0000
f300
f45d
fd4f
0004
fd10
f004
f40e
001d
9fa0
f000
900e
00af
1df6
f000
100e
06fd
0000
0000
0000
0000
0000
0000
0000
0000
0000
0000
0000
0000
0000
0000
0000
0000
0000
0000
0000
0000
0000
b0cc
000c
0000
0000
4045
0004
0000
0000
0000
0000
0000
5fd1
ef00
df30
0001
fe20
ef04
2ed0
0000
e300
ef4e
03e8
0000
8000
ffff
008f
0000
e100
ef7f
01eb
0000
fb00
ef0a
0af3
0000
df60
ef01
5fa0
0000
4fe2
ef00
ef20
0001
0000
0000
0000
0000
0000
0000
0000
0000
0000
0000
0000
0000
0000
0000
0000
0000
6600
0660
0000
0000
7900
0970
0000
0000
4200
0047
0000
0000
fe80
4cfd
0000
0000
3ff5
df41
0000
0000
0232
ff00
0000
0000
3000
6eb5
0000
0000
9000
4bee
0000
0000
1000
f942
0008
0000
0584
f000
000e
0000
9ff3
fc76
0007
0000
ea30
5cee
0000
0000
0000
0000
0000
0000
0000
0000
0000
0000
0000
0000
0000
0000
0000
0000
0000
0000
0000
0000
0000
0000
0cc0
00cb
0000
0000
0540
0054
0000
0000
0000
0000
0000
0000
fc60
02ae
0000
0000
8cf5
0cfa
0000
0000
2121
0bf6
0000
0000
f300
01bf
0000
0000
5100
09fa
0000
0000
0263
0df1
0000
0000
8df4
0afb
0000
0000
fd50
019e
0000
0000
0000
0000
0000
0000
0000
0000
0000
0000
0000
0000
0000
0000
0000
0000
0000
0000
0000
0000
0000
0000
fff0
ffff
0000
0000
7770
bfe7
0000
0000
0000
0bf9
0000
0000
6000
00bf
0000
0000
f100
016f
0000
0000
b100
3efc
0000
0000
0000
bf60
0000
0000
0000
ef00
0000
0000
08f6
df30
0000
0000
afe1
6fd8
0000
0000
ea20
05cf
0000
0000
0000
0000
0000
0000
0000
0000
0000
0000
0000
0000
0000
0000
0000
0000
0000
0000
0000
0000
0000
0000
0000
0000
0000
0000
0000
0000
0000
0000
0000
0000
0000
0000
fff0
ffff
0000
0000
7770
bfe7
0000
0000
0000
0bf9
0000
0000
6000
00bf
0000
0000
f100
016f
0000
0000
b100
3efc
0000
0000
0000
bf60
0000
0000
0000
ef00
0000
0000
08f6
df30
0000
0000
afe1
6fd8
0000
0000
ea20
05cf
0000
0000
0000
0000
0000
0000
9000
0999
0000
0000
b000
0cbb
0000
0000
0660
4000
0066
0000
0ff0
e200
00ff
0000
0ef0
fb00
00ff
0000
0ef0
af60
00fe
0000
0ef0
2ef2
00fe
0000
0ef0
05fc
00fe
0000
7ef0
009f
00fe
0000
eff0
001c
00fe
0000
eff0
0002
00fe
0000
5ff0
0000
00fe
0000
0000
0000
0000
0000
0000
0000
0000
0000
0000
0000
0000
0000
0000
0000
0000
0000
0000
0000
0000
0000
f000
0fff
0000
0000
7000
0777
0000
0000
0000
0000
0000
0000
0ff0
fb00
0000
0000
0ff0
ff70
0000
0000
0ff0
fff3
0000
0000
0ff0
feac
0000
0000
8ff0
fe2e
0000
0000
fff0
fe07
0000
0000
dff0
fe00
0000
0000
4ff0
fe00
0000
0000
0000
0000
0000
0000
0000
0000
0000
0000
0000
0000
0000
0000
0000
0000
0000
0000
6000
6606
0000
0000
9000
9909
0000
0000
0660
1000
0066
0000
0ff0
c000
00ff
0000
0ff0
f700
00ff
0000
0ff0
bf40
00fe
0000
0ff0
2fd1
00fe
0000
0ff0
07fa
00fe
0000
5ff0
00bf
00fe
0000
dff0
002e
00fe
0000
fff0
0005
00fe
0000
9ff0
0000
00fe
0000
0000
0000
0000
0000
0000
0000
0000
0000
0000
0000
0000
0000
0000
0000
0000
0000
0000
0000
0000
0000
bc00
0cb0
0000
0000
4500
0540
0000
0000
0000
0000
0000
0000
0ef0
fe10
0000
0000
0ef0
ffa0
0000
0000
0ef0
fff5
0000
0000
1ef0
fe9e
0000
0000
aef0
fe1e
0000
0000
fff0
fe05
0000
0000
aff0
fe00
0000
0000
1ef0
fe00
0000
0000
0000
0000
0000
0000
0000
0000
0000
0000
0000
0000
0000
0000
0000
0000
0000
0000
6000
6006
0006
0000
8000
8008
0008
0000
0000
3663
0000
0000
c400
fddf
004c
0000
ee30
4114
03ee
0000
5fa0
0000
0af5
0000
0fe0
0000
0ef0
0000
0ff0
0000
0ff0
0000
1fd0
0000
0df1
0000
9f70
0000
07f9
0000
fa10
a66a
01af
0000
6100
ceec
0016
0000
0000
0000
0000
0000
0000
0000
0000
0000
0000
0000
0000
0000
0000
0000
0000
0000
0000
0000
0000
0000
cb00
cb00
0000
0000
5400
5400
0000
0000
0000
0000
0000
0000
b400
3bee
0000
0000
ef30
ef99
0003
0000
5fb0
f600
000a
0000
0fe0
f100
000d
0000
0fe0
f100
000d
0000
5fb0
f600
000a
0000
ef40
ef98
0003
0000
b400
3bee
0000
0000
0000
0000
0000
0000
0000
0000
0000
0000
0000
0000
0000
0000
0000
0000
0000
0000
0000
0000
0000
0000
5000
beeb
0005
0000
f800
d88d
008f
0000
cf40
1001
04fc
0000
4fa0
0000
0af4
0000
3fe0
2222
0df3
0000
fff0
ffff
0fff
0000
5fe0
5555
0df5
0000
4fa0
0000
0af4
0000
cf40
1001
04fc
0000
f800
d88d
008f
0000
5000
beeb
0005
0000
0000
0000
0000
0000
0000
0000
0000
0000
0000
0000
0000
0000
0000
0000
0000
0000
0000
0000
0000
0000
0000
0000
0000
0000
0000
0000
0000
0000
0000
0000
0000
0000
b400
3bee
0000
0000
ef30
ef99
0003
0000
6fb0
f600
000a
0000
efe0
f76e
000d
0000
9fe0
fff9
000d
0000
5fb0
f930
000a
0000
ef40
ef98
0003
0000
b400
3bee
0000
0000
0000
0000
0000
0000
0000
0000
0000
0000
0000
0000
0000
0000
0000
0000
0000
0000
6000
6006
0006
0000
8000
8008
0008
0000
0000
3663
0000
0000
c400
fddf
004c
0000
ee30
4114
03ee
0000
4fa0
0000
0af4
0000
5fe0
4444
0ef5
0000
dff0
eeee
0ffd
0000
3fd0
2222
0df3
0000
9f70
0000
07f9
0000
fa10
a66a
01af
0000
6100
ceec
0016
0000
0000
0000
0000
0000
0000
0000
0000
0000
0000
0000
0000
0000
0000
0000
0000
0000
0000
0000
0000
0000
cb00
cb00
0000
0000
5400
5400
0000
0000
0000
0000
0000
0000
b400
3bee
0000
0000
ef30
ef99
0003
0000
6fb0
f600
000a
0000
ffe0
f66e
000e
0000
8ff0
fff9
000d
0000
5fb0
f920
000a
0000
ef40
ef98
0003
0000
b400
3bee
0000
0000
0000
0000
0000
0000
0000
0000
0000
0000
0000
0000
0000
0000
0000
0000
0000
0000
6000
6606
0000
0000
9000
8707
0000
0000
1000
3564
0000
0000
d700
fddf
003b
0000
bf70
5213
02df
0000
2cb0
0000
09f5
0000
0000
4443
0df5
0000
0000
eee8
0efe
0000
0330
2221
0cf4
0000
4db0
0000
06f9
0000
ee40
b668
009f
0000
9200
ceed
0005
0000
0000
0000
0000
0000
0000
0000
0000
0000
0000
0000
0000
0000
0000
0000
0000
0000
0000
0000
0000
0000
bc00
0cb0
0000
0000
4500
0540
0000
0000
0000
0000
0000
0000
c600
3aee
0000
0000
bf80
ef98
0003
0000
1540
f822
000a
0000
6000
ffff
000d
0000
2000
f655
000d
0000
1d90
f600
000a
0000
df60
ef98
0003
0000
c500
3aee
0000
0000
0000
0000
0000
0000
0000
0000
0000
0000
0000
0000
0000
0000
0000
0000
0000
0000
9000
0999
0000
0000
c000
0bbb
0000
0000
0563
5000
0036
0000
2ff3
f100
003f
0000
9f80
f700
0009
0000
fe10
fd01
0002
0000
f700
af47
0000
0000
d000
3fad
0000
0000
6000
0bff
0000
0000
0000
03fe
0000
0000
9700
00af
0000
0000
ff00
001a
0000
0000
0000
0000
0000
0000
0000
0000
0000
0000
0000
0000
0000
0000
0000
0000
0000
0000
0000
0000
0000
0000
ff00
00ff
0000
0000
7700
0077
0000
0000
0000
0000
0000
0000
02fd
df20
0000
0000
07f7
7f80
0000
0000
0cf2
1fd0
0000
0000
2fb0
0af3
0000
0000
7f50
05f8
0000
0000
be00
00ec
0000
0000
f900
008f
0000
0000
f300
002f
0000
0000
f200
000c
0000
0000
fc91
0005
0000
0000
7df4
0000
0000
0000
0000
0000
0000
0000
6600
0660
0000
0000
9900
0990
0000
0000
0066
6000
0006
0000
0afa
f800
000b
0000
2fe1
fe10
0002
0000
9f80
af60
0000
0000
ee10
2fc1
0000
0000
f600
0af8
0000
0000
d100
03ff
0000
0000
6000
00bf
0000
0000
c840
003f
0000
0000
ef80
0005
0000
0000
0000
0000
0000
0000
0000
0000
0000
0000
0000
0000
0000
0000
0000
0000
0000
0000
0000
0000
0000
0000
bc00
0cb0
0000
0000
4500
0540
0000
0000
0000
0000
0000
0000
0af5
fa00
0005
0000
0ee0
ef10
0000
0000
5f90
8f50
0000
0000
af30
3fb0
0000
0000
ec00
0cf1
0000
0000
f700
06f8
0000
0000
f100
01ff
0000
0000
b000
00af
0000
0000
a000
004f
0000
0000
f950
000c
0000
0000
beb0
0002
0000
0000
0000
0000
0000
0000
3000
5405
0000
0000
f200
7f6a
0000
0000
6100
0541
0000
0000
0ac4
8000
007c
0000
6fd1
f200
002f
0000
df30
f801
0008
0000
fa00
ee16
0001
0000
e100
7f6d
0000
0000
7000
1eef
0000
0000
0000
06fd
0000
0000
7600
00ce
0000
0000
ff00
002b
0000
0000
0000
0000
0000
0000
0000
0000
0000
0000
0000
0000
0000
0000
0000
0000
0000
0000
2100
1211
0000
0000
f800
2eb2
0000
0000
9d00
03f5
0000
0000
0000
0000
0000
0000
07f8
fa00
0005
0000
0df2
ee10
0000
0000
3fb0
9f60
0000
0000
8f50
3fb0
0000
0000
de10
0cf1
0000
0000
f900
06f8
0000
0000
f300
01ef
0000
0000
c000
009f
0000
0000
c000
003f
0000
0000
fa60
000b
0000
0000
aed0
0001
0000
0000
0000
0000
0000
0000
6000
6606
0000
0000
9000
7909
0000
0000
0660
5000
0006
0000
0ff0
f000
000f
0000
0ff0
e000
000f
0000
0ff0
e000
000f
0000
3fd0
e000
000f
0000
ef70
f978
000f
0000
a600
facc
000f
0000
0000
e001
000f
0000
0000
e000
000f
0000
0000
e000
000f
0000
0000
0000
0000
0000
0000
0000
0000
0000
0000
0000
0000
0000
0000
0000
0000
0000
0000
0000
0000
0000
bc00
0bc0
0000
0000
4500
0450
0000
0000
0000
0000
0000
0000
0ef0
ef00
0000
0000
0ef0
ef00
0000
0000
0ef0
ef00
0000
0000
5fd0
ef20
0000
0000
ff50
efff
0000
0000
6200
ef67
0000
0000
0000
ef00
0000
0000
0000
ef00
0000
0000
0000
0000
0000
0000
0000
0000
0000
0000
0000
0000
0000
0000
0000
0000
0000
0000
0000
0000
0000
0000
fff0
ffff
0000
0000
7ff0
7777
0000
0000
0ef0
0000
0000
0000
0ef0
0000
0000
0000
0ef0
0000
0000
0000
0ef0
0000
0000
0000
0ef0
0000
0000
0000
0ef0
0000
0000
0000
0ef0
0000
0000
0000
7ff0
0000
0000
0000
fff0
0000
0000
0000
fe00
0000
0000
0000
fe00
0000
0000
0000
8700
0000
0000
0000
0000
0000
0000
0000
0000
0000
0000
0000
0000
0000
0000
0000
0000
0000
0000
0000
0000
0000
0000
0000
fff0
08ff
0000
0000
7ff0
0477
0000
0000
0ef0
0000
0000
0000
0ef0
0000
0000
0000
0ef0
0000
0000
0000
0ef0
0000
0000
0000
7ff0
0000
0000
0000
fff0
0000
0000
0000
fe00
0000
0000
0000
fe00
0000
0000
0000
8700
0000
0000
0000
0000
0000
0000
0000
0000
6066
0006
0000
0000
9099
0009
0000
0660
0000
6600
0000
0ff0
0000
ff00
0000
0ef0
0000
fe00
0000
0ef0
0000
fe00
0000
aff0
279a
fe00
0000
bff0
efcb
fe05
0000
0ef0
f400
fe0d
0000
0ef0
f000
fe0e
0000
5ef0
fb65
fe08
0000
eff0
7dee
fe00
0000
0000
0000
0000
0000
0000
0000
0000
0000
0000
0000
0000
0000
0000
0000
0000
0000
0000
0000
0000
0000
b000
cb0c
0000
0000
4000
4405
0000
0000
0000
0000
0000
0000
0ef0
0000
0ef0
0000
0ef0
0000
0ef0
0000
8ff0
0268
0ef0
0000
fff0
5fff
0ef0
0000
0ef0
df50
0ef0
0000
0ef0
ef00
0ef0
0000
7ff0
afb7
0ef0
0000
fff0
19ef
0ef0
0000
0000
0000
0000
0000
0000
0000
0000
0000
0000
0000
0000
0000
0000
0000
0000
0000
0000
0000
0000
0000
ff00
ffff
000f
0000
ff00
7777
0007
0000
ef00
0000
0000
0000
ef00
0000
0000
0000
ff21
0222
0000
0000
fff6
0bff
0000
0000
ff52
0455
0000
0000
ef00
0000
0000
0000
ef00
0000
0000
0000
ff00
0007
0000
0000
ff00
000f
0000
0000
e000
000f
0000
0000
f410
000d
0000
0000
ff60
0005
0000
0000
2520
0000
0000
0000
0000
0000
0000
0000
0000
0000
0000
0000
0000
0000
0000
0000
0000
0000
0000
0000
fff0
08ff
0000
0000
7ff0
0477
0000
0000
2ff2
0002
0000
0000
ffff
000f
0000
0000
5ff5
0005
0000
0000
0ef0
0000
0000
0000
7ff0
0000
0000
0000
fff0
0000
0000
0000
ee00
0000
0000
0000
bf93
0000
0000
0000
2cf6
0000
0000
0000
0000
0000
0000
0000
0000
0000
0000
0000
1ef4
b000
008f
0000
af90
f600
000c
0000
fd10
fe14
0003
0000
f400
7f9c
0000
0000
9000
0cff
0000
0000
3000
08ff
0000
0000
c000
2eff
0000
0000
f700
bf8a
0000
0000
ef30
fd12
0007
0000
5fd1
f300
058f
0000
0af9
8000
0eff
0000
0000
0000
0ef0
0000
0000
6000
0afa
0000
0000
c000
02be
0000
0000
0000
0000
0000
0000
0000
0000
0000
0000
0000
0000
0000
0000
0000
0000
0000
0000
0000
0000
0000
0cf4
af70
0000
0000
5fa0
2ee2
0000
0000
de10
06fc
0000
0000
f700
00bf
0000
0000
f700
00bf
0000
0000
ee20
07fc
0000
0000
6fa0
2ee2
0000
0000
0bf4
af60
0000
0000
0000
df10
0000
0000
0000
cfb8
0000
0000
0000
2bef
0000
0000
0000
0000
0000
0000
0000
0000
0000
0000
4ff3
a000
005f
0000
df70
f300
000b
0000
fb00
fb08
0003
0000
e200
9f4e
0000
0000
5000
1eff
0000
0000
eee0
efff
000e
0000
6220
3fff
0002
0000
e200
af6e
0000
0000
fc10
fb06
0005
0000
afa0
f200
001d
0000
1df7
8000
009f
0000
0000
0000
0000
0000
0000
0000
0000
0000
0000
0000
0000
0000
0000
0000
0000
0000
0000
0000
0000
0000
0000
0000
0000
0000
0000
0000
0000
0000
0000
0000
0000
0000
6fa0
fc00
0003
0000
ed10
7f61
0000
0000
f400
0be9
0000
0000
feb0
efff
0003
0000
e100
08ff
0000
0000
fa00
2fe7
0000
0000
cf40
bf50
0000
0000
3fd0
fb00
0006
0000
0000
0000
0000
0000
0000
0000
0000
0000
0000
0000
0000
0000
0000
0000
0000
0000
0000
0000
0000
0000
0000
0000
0000
0000
0000
0000
0000
0000
0000
0000
0000
0000
0000
0000
0000
0000
0000
0000
0000
0000
0000
0000
0000
0000
0000
0000
0000
0000
0000
0000
0000
0000
0000
0000
0000
0000
0000
0000
0000
0000
0000
0000
0000
0000
0000
0000
0000
0000
0000
0000
0000
0000
0000
0000
0000
0000
0000
0000
0000
0000
0000
0000
0000
0000
0000
0000
0000
0000
0000
0000
0000
0000
0000
0000
0000
0000
0000
0000
0000
0000
0000
0000
0000
0000
0000
0000
0000
0000
0000
0000
0000
0000
0000
0000
0000
0000
0000
0000
0000
0000
0000
0000
0000
0000
0000
0000
0000
0000
0000
0000
0000
0000
0000
0000
0000
0000
0000
0000
0000
0000
0000
0000
0000
0000
0000
0000
0000
0000
0000
0000
0000
0000
0000
0000
0000
0000
0000
0000
0000
0000
0000
0000
0000
0000
0000
0000
0000
0000
0000
0000
0000
0000
0000
0000
0000
0000
0000
0000
0000
0000
0000
0000
0000
0000
0000
0000
0000
0000
0000
0000
0000
0000
0000
0000
0000
0000
0000
0000
0000
0000
0000
0000
0000
0000
0000
0000
0000
0000
0000
0000
0000
0000
0000
0000
0000
0000
0000
0000
0000
0000
0000
0000
0000
0000
0000
0000
0000
0000
0000
0000
0000
0000
0000
0000
0000
0000
0000
0000
0000
0000
0000
0000
0000
0000
0000
0000
0000
0000
0000
0000
0000
0000
0000
0000
0000
0000
0000
0000
0000
0000
0000
0000
0000
0000
0000
0000
0000
0000
0000
0000
0000
0000
0000
0000
0000
0000
0000
0000
0000
0000
0000
0000
0000
0000
0000
0000
0000
0000
0000
0000
0000
0000
0000
0000
0000
0000
0000
0000
0000
0000
0000
0000
0000
0000
0000
0000
0000
0000
0000
0000
0000
0000
0000
0000
0000
0000
0000
0000
0000
0000
0000
0000
0000
0000
0000
0000
0000
0000
0000
0000
0000
0000
0000
0000
0000
0000
0000
0000
0000
0000
0000
0000
0000
0000
0000
0000
0000
0000
0000
0000
0000
0000
0000
0000
0000
0000
0000
0000
0000
0000
0000
0000
0000
0000
0000
0000
0000
0000
0000
0000
0000
0000
0000
0000
0000
0000
0000
0000
0000
0000
0000
0000
0000
0000
0000
0000
0000
0000
0000
0000
0000
0000
0000
0000
0000
0000
0000
0000
0000
0000
0000
0000
0000
0000
0000
0000
0000
0000
0000
0000
0000
0000
0000
0000
0000
0000
0000
0000
0000
0000
0000
0000
0000
0000
0000
0000
0000
0000
0000
0000
0000
0000
0000
0000
0000
0000
0000
0000
0000
0000
0000
0000
0000
0000
0000
0000
0000
0000
0000
0000
0000
0000
0000
0000
0000
0000
0000
0000
0000
0000
0000
0000
0000
0000
0000
0000
0000
0000
0000
0000
0000
0000
0000
0000
0000
0000
0000
0000
0000
0000
0000
0000
0000
0000
0000
0000
0000
0000
0000
0000
0000
0000
0000
0000
0000
0000
0000
0000
0000
0000
0000
0000
0000
0000
0000
0000
0000
0000
0000
0000
0000
0000
0000
0000
0000
0000
0000
0000
0000
0000
0000
0000
0000
0000
0000
0000
0000
0000
0000
0000
0000
0000
0000
0000
0000
0000
0000
0000
0000
0000
0000
0000
0000
0000
0000
0000
0000
0000
0000
0000
0000
0000
0000
0000
0000
0000
0000
0000
0000
0000
0000
0000
0000
0000
0000
0000
0000
0000
0000
0000
0000
0000
0000
0000
0000
0000
0000
0000
0000
0000
0000
0000
0000
0000
0000
0000
0000
0000
0000
0000
0000
0000
0000
0000
0000
0000
0000
0000
0000
0000
0000
0000
0000
0000
0000
0000
0000
0000
0000
0000
0000
0000
0000
0000
0000
0000
0000
0000
0000
0000
0000
0000
0000
0000
0000
0000
0000
0000
0000
0000
0000
0000
0000
0000
0000
0000
0000
0000
0000
0000
0000
0000
0000
0000
0000
0000
0000
0000
0000
0000
0000
0000
0000
0000
0000
0000
0000
0000
0000
0000
0000
0000
0000
0000
0000
0000
0000
0000
0000
0000
0000
0000
0000
0000
0000
0000
0000
0000
0000
0000
0000
0000
0000
0000
0000
0000
0000
0000
0000
0000
0000
0000
0000
0000
0000
0000
0000
0000
0000
0000
0000
0000
0000
0000
0000
0000
0000
0000
0000
0000
0000
0000
0000
0000
0000
0000
0000
0000
0000
0000
0000
0000
0000
0000
0000
0000
0000
0000
0000
0000
0000
0000
0000
0000
0000
0000
0000
0000
0000
0000
0000
0000
0000
0000
0000
0000
0000
0000
0000
0000
0000
0000
0000
0000
0000
0000
0000
0000
0000
0000
0000
0000
0000
0000
0000
0000
0000
0000
0000
0000
0000
0000
0000
0000
0000
0000
0000
0000
0000
0000
0000
0000
0000
0000
0f0f
0f0f
0f0f
0f0f
0000
0000
0000
f000
f00f
0fff
00f0
00f0
0000
0f00
00f0
f0f0
000f
00f0
f0f0
00f0
0000
000f
f0f0
f0f0
f00f
0000
0ff0
00ff
f000
0fff
00f0
f0f0
000f
0000
0000
0000
f000
0f00
0000
f00f
f00f
0f0f
0000
000f
f000
0ff0
00f0
f00f
f00f
0f00
00f0
000f
f000
0f00
ff00
f000
000f
0000
0000
0000
f0f0
f0f0
f0f0
f0f0
0f0f
0f0f
0f0f
0f0f
0000
0000
0000
f000
f00f
0fff
00f0
00f0
0000
0f00
00f0
f0f0
000f
00f0
f0f0
00f0
0000
000f
f0f0
f0f0
f00f
0000
0ff0
00ff
f000
0fff
00f0
f0f0
000f
0000
0000
0000
0000
0000
00f0
f000
000f
0000
00f0
0000
0000
0f00
00f0
f000
000f
0f00
00f0
0000
0000
f000
000f
f000
000f
0000
0000
0000
f0f0
f0f0
f0f0
f0f0
0f0f
0f0f
0f0f
0f0f
0000
0000
0000
f000
000f
0000
0000
0000
0000
0000
0000
f000
00ff
fff0
0f00
0f00
00f0
00f0
ff0f
fff0
00ff
fff0
0f00
0f0f
00f0
f0f0
0f00
ff00
ffff
00f0
0f0f
0f00
0000
0000
0000
f000
000f
0000
0000
0000
0000
0000
0000
f000
000f
0000
0000
0000
0000
0000
0000
f000
000f
0000
0000
0000
f0f0
f0f0
f0f0
f0f0
0f0f
0f0f
0f0f
0f0f
0000
0000
0000
f000
000f
0000
0000
0000
0000
0000
0000
f000
ffff
0f00
0f00
0f00
00f0
0f0f
ff00
fff0
ffff
0f00
0f00
0f0f
f0f0
0f00
0f00
ff00
00ff
ff0f
0f0f
0f00
0000
0000
0000
f000
000f
0000
0000
0000
0000
0000
0000
f000
000f
0000
0000
0000
0000
0000
0000
f000
000f
0000
0000
0000
f0f0
f0f0
f0f0
f0f0
0000
0000
0000
0000
0000
0000
0000
0000
0000
0000
0000
0000
0000
0000
0000
0000
0000
0000
0000
0000
0000
0000
0000
0000
2220
0022
0000
0000
fff0
00ff
0000
0000
5550
0055
0000
0000
0000
0000
0000
0000
0000
0000
0000
0000
0000
0000
0000
0000
0000
0000
0000
0000
0000
0000
0000
0000
0000
0000
0000
0000
0000
0000
0000
0000
0000
0000
0000
0000
0000
0000
0000
0000
0000
0000
0000
0000
0000
0000
0000
0000
0000
0000
0000
0000
0000
0000
0000
0000
2220
0022
0000
0000
fff0
00ff
0000
0000
5550
0055
0000
0000
0000
0000
0000
0000
0000
0000
0000
0000
0000
0000
0000
0000
0000
0000
0000
0000
0000
0000
0000
0000
0000
0000
0000
0000
0000
0000
0000
0000
0000
0000
0000
0000
0000
0000
0000
0000
0000
0000
0000
0000
0000
0000
0000
0000
0000
0000
0000
0000
0000
0000
0000
0000
2220
2222
0022
0000
fff0
ffff
00ff
0000
5550
5555
0055
0000
0000
0000
0000
0000
0000
0000
0000
0000
0000
0000
0000
0000
0000
0000
0000
0000
0000
0000
0000
0000
0000
0000
0000
0000
0000
0000
0000
0000
0000
0000
0000
0000
0000
0000
0000
0000
0000
0000
0000
0000
0000
0000
0000
0000
0000
0000
0000
0000
0000
0000
0000
0000
2222
2222
0000
0000
ffff
ffff
0000
0000
5555
5555
0000
0000
0000
0000
0000
0000
0000
0000
0000
0000
0000
0000
0000
0000
0000
0000
0000
0000
0000
0000
0000
0000
0000
0000
0000
0000
0000
0000
0000
0000
0000
0000
0000
0000
0000
0000
0000
0000
0000
0000
0000
0000
0000
0000
0000
0000
0000
0000
0000
0000
0000
0000
0000
0000
2222
2222
2222
0222
ffff
ffff
ffff
0fff
5555
5555
5555
0555
0000
0000
0000
0000
0000
0000
0000
0000
0000
0000
0000
0000
0000
0000
0000
0000
0000
0000
0000
0000
0000
0000
0000
0000
0000
0000
0000
0000
0000
0000
0000
0000
0000
0000
0000
0000
0000
0000
0000
0000
0000
0000
0000
0000
0000
0000
0000
0000
0000
0000
0000
0000
2222
2222
2222
0222
ffff
ffff
ffff
0fff
5555
5555
5555
0555
0000
0000
0000
0000
0000
0000
0000
0000
0000
0000
0000
0000
0000
0000
0000
0000
0000
0000
0000
0000
0000
0000
0000
0000
0000
0000
0000
0000
8900
0890
0000
0000
ff00
0ff0
0000
0000
ef00
0ef0
0000
0000
ef00
0ef0
0000
0000
ef00
0ef0
0000
0000
ef00
0ef0
0000
0000
ef00
0ef0
0000
0000
ef00
0ef0
0000
0000
ef00
0ef0
0000
0000
ef00
0ef0
0000
0000
ef00
0ef0
0000
0000
ef00
0ef0
0000
0000
ef00
0ef0
0000
0000
ef00
0ef0
0000
0000
ef00
0ef0
0000
0000
0000
0000
0000
0000
0000
0000
0000
0000
0000
0000
0000
0000
0000
0000
0000
0000
0000
0000
0000
0000
0000
0000
0000
0000
0000
0000
0000
0000
0000
0000
0000
0000
0000
0000
0000
0000
0000
0000
0000
0000
0000
0000
0000
0000
0000
0000
0000
0000
2220
2222
0000
0000
fff0
ffff
0000
0000
7770
7777
0000
0000
fff0
ffff
0000
0000
5550
5555
0000
0000
0000
0000
0000
0000
ba00
0000
0000
0000
9e10
0000
0000
0000
6f50
0000
0000
0000
4fa0
0000
0000
0000
0000
0000
0000
0000
0000
0000
0000
0000
0000
0000
0000
0000
0000
0000
0000
0000
0000
0000
0000
0000
0000
0000
0000
0000
0000
0000
0000
0000
0000
0000
0000
0000
0000
0000
0000
0000
0000
0000
0000
0000
0000
0000
0000
0000
0000
0000
0000
0000
0000
0000
0000
0000
af40
0000
0000
0000
5f60
0000
0000
0000
1f80
0000
0000
0000
0ab0
0000
0000
0000
0000
0000
0000
0000
0000
0000
0000
0000
0000
0000
0000
0000
0000
0000
0000
0000
0000
0000
0000
0000
0000
0000
0000
0000
0000
0000
0000
0000
0000
0000
0000
0000
0000
0000
0000
0000
0000
0000
0000
0000
0000
0000
0000
0000
0000
0000
0000
0000
0000
0000
0000
0000
0000
0000
0000
0000
0000
0000
0000
0000
0000
0000
0000
0000
0000
0000
0000
0000
0000
0000
0000
0000
0000
0000
0000
0000
0000
0000
0000
0000
0000
0000
0000
0000
5f80
0000
0000
0000
1eb0
0000
0000
0000
0ad0
0000
0000
0000
06f1
0000
0000
0000
0000
0000
0000
0000
0000
0000
0000
0000
0af4
0000
0000
0000
0ce0
0000
0000
0000
0e90
0000
0000
0000
2f40
0000
0000
0000
0000
0000
0000
0000
0000
0000
0000
0000
0000
0000
0000
0000
0000
0000
0000
0000
0000
0000
0000
0000
0000
0000
0000
0000
0000
0000
0000
0000
0000
0000
0000
0000
0000
0000
0000
0000
0000
0000
0000
0000
0000
0000
0000
0000
0000
0000
0000
0000
ba00
0e70
0000
0000
9e10
0bc0
0000
0000
6f50
09f2
0000
0000
4fa0
07f7
0000
0000
0000
0000
0000
0000
0000
0000
0000
0000
0000
0000
0000
0000
0000
0000
0000
0000
0000
0000
0000
0000
0000
0000
0000
0000
0000
0000
0000
0000
0000
0000
0000
0000
0000
0000
0000
0000
0000
0000
0000
0000
0000
0000
0000
0000
0000
0000
0000
0000
0000
0000
0000
0000
af40
0bf2
0000
0000
5f60
07f4
0000
0000
1f80
02f7
0000
0000
0ab0
00c9
0000
0000
0000
0000
0000
0000
0000
0000
0000
0000
0000
0000
0000
0000
0000
0000
0000
0000
0000
0000
0000
0000
0000
0000
0000
0000
0000
0000
0000
0000
0000
0000
0000
0000
0000
0000
0000
0000
0000
0000
0000
0000
0000
0000
0000
0000
0000
0000
0000
0000
0000
0000
0000
0000
0000
0000
0000
0000
0000
0000
0000
0000
0000
0000
0000
0000
0000
0000
0000
0000
0000
0000
0000
0000
0000
0000
0000
0000
0000
0000
0000
0000
0000
0000
0000
0000
5f80
06f7
0000
0000
1eb0
02f9
0000
0000
0ad0
00cc
0000
0000
06f1
007e
0000
0000
0000
0000
0000
0000
0000
0000
0000
0000
2af4
00bf
0000
0000
0ce0
00ec
0000
0000
0e90
01f7
0000
0000
2f40
04f2
0000
0000
0000
0000
0000
0000
0000
0000
0000
0000
0000
0000
0000
0000
0000
0000
0000
0000
0000
0000
0000
0000
0000
0000
0000
0000
0000
0000
0000
0000
0000
0000
0000
0000
0000
0000
0000
0000
0000
0000
0000
0000
0000
0000
0000
0000
0000
0000
0000
0000
f000
000e
0000
0000
f110
011f
0000
0000
fff3
2fff
0000
0000
f441
044f
0000
0000
f000
000e
0000
0000
e000
000d
0000
0000
c000
000b
0000
0000
b000
000a
0000
0000
0000
0000
0000
0000
0000
0000
0000
0000
0000
0000
0000
0000
0000
0000
0000
0000
0000
0000
0000
0000
0000
0000
0000
0000
0000
0000
0000
0000
0000
0000
0000
0000
f000
000e
0000
0000
f000
000e
0000
0000
f110
011f
0000
0000
fff3
2fff
0000
0000
f441
044f
0000
0000
f220
022f
0000
0000
fff3
2fff
0000
0000
f551
155f
0000
0000
f000
000e
0000
0000
d000
000c
0000
0000
b000
000a
0000
0000
0000
0000
0000
0000
0000
0000
0000
0000
0000
0000
0000
0000
0000
0000
0000
0000
0000
0000
0000
0000
0000
0000
0000
0000
0000
0000
0000
0000
0000
0000
0000
0000
0000
0000
0000
0000
fb10
001b
0000
0000
ffb0
00bf
0000
0000
fff0
00ff
0000
0000
ffb0
00bf
0000
0000
fb10
001b
0000
0000
0000
0000
0000
0000
0000
0000
0000
0000
0000
0000
0000
0000
0000
0000
0000
0000
0000
0000
0000
0000
0000
0000
0000
0000
0000
0000
0000
0000
0000
0000
0000
0000
0000
0000
0000
0000
0000
0000
0000
0000
0000
0000
0000
0000
0300
0000
0000
0000
9f00
0001
0000
0000
ff00
006e
0000
0000
ff00
002a
0000
0000
4c00
0000
0000
0000
0000
0000
0000
0000
0000
0000
0000
0000
0000
0000
0000
0000
0000
0000
0000
0000
0000
0000
0000
0000
0000
0000
0000
0000
0000
0000
0000
0000
0000
0000
0000
0000
0000
0000
0000
0000
0000
0000
0000
0000
0000
0000
0000
0000
0000
0000
0000
0000
0000
0000
0000
0000
0000
0000
0000
0000
0000
0000
0000
0000
0110
0000
0000
0000
0cd0
0000
0000
0000
0ab0
0000
0000
0000
0000
0000
0000
0000
0000
0000
0000
0000
0000
0000
0000
0000
0000
0000
0000
0000
0000
0000
0000
0000
0000
0000
0000
0000
0000
0000
0000
0000
0000
0000
0000
0000
0000
0000
0000
0000
0000
0000
0000
0000
0000
0000
0000
0000
0000
0000
0000
0000
0000
0000
0000
0000
0110
1100
0000
0000
0cd0
cd00
0000
0000
0ab0
ab00
0000
0000
0000
0000
0000
0000
0000
0000
0000
0000
0000
0000
0000
0000
0000
0000
0000
0000
0000
0000
0000
0000
0000
0000
0000
0000
0000
0000
0000
0000
0000
0000
0000
0000
0000
0000
0000
0000
0000
0000
0000
0000
0000
0000
0000
0000
0000
0000
0000
0000
0000
0000
0000
0000
0110
1100
1000
0001
0cd0
cd00
d000
000c
0ab0
ab00
b000
000a
0000
0000
0000
0000
0000
0000
0000
0000
0000
0000
0000
0000
0000
0000
0000
0000
0000
0000
0000
0000
0000
0000
0000
0000
0000
0000
0000
0000
0000
0000
0000
0000
0000
0000
0000
0000
0110
0000
0000
0000
0cd0
0000
0000
0000
0ab0
0000
0000
0000
0000
0000
0000
0000
0000
0000
0000
0000
0000
0000
0000
0000
0000
0000
0000
0000
0000
0000
0000
0000
0000
0000
0000
0000
0000
0000
0000
0000
0000
0000
0000
0000
0f0f
0f0f
0f0f
0f0f
0000
0000
0000
f000
000f
0000
0000
0000
0000
0f00
0000
f000
000f
0f00
0000
0000
0000
0f00
0000
f000
000f
0f00
0000
0000
0000
ff00
00ff
f000
000f
0000
0000
0000
ff00
ff0f
f0ff
f0ff
00ff
0f00
f000
0f00
ff00
ff00
f0ff
f0ff
000f
0f0f
f000
0000
fff0
ff00
f0ff
f000
000f
0000
0000
0000
f0f0
f0f0
f0f0
f0f0
0f0f
0f0f
0f0f
0f0f
0000
0000
0000
f000
000f
0000
0000
0000
0000
ff00
000f
f000
000f
0f00
00f0
0000
0000
ff00
000f
f000
000f
0f00
0000
0000
0000
0f00
0000
f000
000f
0000
0000
0000
ff00
ff0f
f0ff
f0ff
00ff
0f00
f000
0f00
ff00
ff00
f0ff
f0ff
000f
0f0f
f000
0000
fff0
ff00
f0ff
f000
000f
0000
0000
0000
f0f0
f0f0
f0f0
f0f0
0f0f
0f0f
0f0f
0f0f
0000
0000
0000
f000
000f
0000
0000
0000
0000
0000
0000
f000
00ff
ff00
f00f
0fff
00f0
0f00
f0f0
f000
00ff
ff00
f00f
0fff
00f0
0f00
f00f
f000
ffff
0f0f
f0f0
0fff
0000
0000
0000
f000
000f
0000
0000
0000
0000
0000
0000
f000
000f
0000
0000
0000
0000
0000
0000
f000
000f
0000
0000
0000
f0f0
f0f0
f0f0
f0f0
0f0f
0f0f
0f0f
0f0f
0000
0000
0000
f000
000f
0000
0000
0000
0000
0000
0000
f000
ffff
0f00
f000
0fff
00f0
0f0f
f000
f000
ffff
0f00
f000
0fff
f0f0
0f00
f000
f000
00ff
ff0f
f0ff
0fff
0000
0000
0000
f000
000f
0000
0000
0000
0000
0000
0000
f000
000f
0000
0000
0000
0000
0000
0000
f000
000f
0000
0000
0000
f0f0
f0f0
f0f0
f0f0
0f0f
0f0f
0f0f
0f0f
0000
0000
0000
f000
000f
0000
0000
0000
0000
0000
0000
f000
ffff
ff00
f00f
0fff
00f0
0f0f
f0f0
f000
ffff
0f00
f0f0
0fff
00f0
0f00
f0f0
f000
00ff
ff00
f00f
0000
0000
0000
0000
f000
000f
0000
0000
0000
0000
0000
0000
f000
000f
0000
0000
0000
0000
0000
0000
f000
000f
0000
0000
0000
f0f0
f0f0
f0f0
f0f0
0f0f
0f0f
0f0f
0f0f
0000
0000
0000
f000
000f
0000
0000
0000
0000
0000
0000
f000
00ff
ff00
000f
00ff
00f0
0f00
f0f0
ff00
00ff
ff00
f00f
0f00
00f0
0f00
f00f
ff00
ffff
0f0f
00f0
00ff
0000
0000
0000
f000
000f
0000
0000
0000
0000
0000
0000
f000
000f
0000
0000
0000
0000
0000
0000
f000
000f
0000
0000
0000
f0f0
f0f0
f0f0
f0f0
0f0f
0f0f
0f0f
0f0f
0000
0000
0000
f000
000f
0000
0000
0000
0000
0000
0000
f000
ffff
0f00
0000
00ff
00f0
0f0f
f000
ff00
ffff
0f00
f000
0f00
f0f0
0f00
f000
ff00
00ff
ff0f
00ff
00ff
0000
0000
0000
f000
000f
0000
0000
0000
0000
0000
0000
f000
000f
0000
0000
0000
0000
0000
0000
f000
000f
0000
0000
0000
f0f0
f0f0
f0f0
f0f0
0000
0000
0000
0000
0000
0000
0000
0000
0000
0000
0000
0000
0000
0000
0000
0000
0000
0000
0000
0000
0000
0000
0000
0000
0000
0000
0000
0000
0000
0000
0000
0000
0000
0000
0000
0000
0000
0000
0000
0000
0000
0000
0000
0000
0000
0000
0000
0000
0000
0000
0000
0000
0000
0000
0000
0000
0000
0000
0000
0000
0000
0000
0000
0000
0000
0000
0000
0000
fc30
002c
0940
0000
afc0
00bf
01b0
0000
0ef0
00ef
0058
0000
5fe0
30df
000a
0000
ff50
b05f
0001
0000
5200
6702
0000
0000
0000
0b20
cec2
c203
0000
02a0
f5fc
fd0d
0000
0076
e0fe
ef0f
1000
000b
fafc
fd0d
a000
0003
cfc3
c303
0000
0000
0000
0000
0000
0000
0000
0000
0000
0000
0000
0000
0000
0000
0000
0000
0000
0000
0000
0000
fc30
002c
0940
0000
afc0
00bf
01b0
0000
0ef0
00ef
0058
0000
5fe0
30df
000a
0000
ff50
b05f
0001
0000
5200
6702
0000
0000
0000
0b20
cec2
c203
0000
02a0
f5fc
fd0d
0000
0076
e0fe
ef0f
1000
000b
fafc
fd0d
a000
0003
cfc3
c303
0000
0000
0000
0000
0000
0000
0000
0000
0000
0000
0000
0000
0000
0000
0000
0000
0000
0000
0000
0000
0ed0
0000
0000
0000
0be0
0000
0000
0000
07f0
0000
0000
0000
04f2
0000
0000
0000
0000
0000
0000
0000
0000
0000
0000
0000
0000
0000
0000
0000
0000
0000
0000
0000
0000
0000
0000
0000
0000
0000
0000
0000
0000
0000
0000
0000
0000
0000
0000
0000
0000
0000
0000
0000
0000
0000
0000
0000
0000
0000
0000
0000
0000
0000
0000
0000
0ed0
0bf0
0000
0000
0be0
08f2
0000
0000
07f0
05f3
0000
0000
04f2
01f4
0000
0000
0000
0000
0000
0000
0000
0000
0000
0000
0000
0000
0000
0000
0000
0000
0000
0000
0000
0000
0000
0000
0000
0000
0000
0000
0000
0000
0000
0000
0000
0000
0000
0000
0000
0000
0000
0000
0000
0000
0000
0000
0000
0000
0000
0000
0000
0000
0000
0000
0ed0
0bf0
09f3
0000
0be0
08f2
05f4
0000
07f0
05f3
02f6
0000
04f2
01f4
00e7
0000
0000
0000
0000
0000
0000
0000
0000
0000
0000
0000
0000
0000
0000
0000
0000
0000
0000
0000
0000
0000
0000
0000
0000
0000
0000
0000
0000
0000
0000
0000
0000
0000
0000
0000
0000
0000
0000
0000
0000
0000
0000
0000
0000
0000
0000
0000
0000
0000
0bf1
0000
0000
0000
0cd0
0000
0000
0000
0d90
0000
0000
0000
0f60
0000
0000
0000
0000
0000
0000
0000
0000
0000
0000
0000
0000
0000
0000
0000
0000
0000
0000
0000
0000
0000
0000
0000
0000
0000
0000
0000
0000
0000
0000
0000
0000
0000
0000
0000
0000
0000
0000
0000
0000
0000
0000
0000
0000
0000
0000
0000
0000
0000
0000
0000
0bf1
08f4
0000
0000
0cd0
09f0
0000
0000
0d90
0bc0
0000
0000
0f60
0c90
0000
0000
0000
0000
0000
0000
0000
0000
0000
0000
0000
0000
0000
0000
0000
0000
0000
0000
0000
0000
0000
0000
0000
0000
0000
0000
0000
0000
0000
0000
0000
0000
0000
0000
0000
0000
0000
0000
0000
0000
0000
0000
0000
0000
0000
0000
0000
0000
0000
0000
0bf1
08f4
05f6
0000
0cd0
09f0
07f3
0000
0d90
0bc0
08e0
0000
0f60
0c90
0ab0
0000
0000
0000
0000
0000
0000
0000
0000
0000
0000
0000
0000
0000
0000
0000
0000
0000
0000
0000
0000
0000
0000
0000
0000
0000
0000
0000
0000
0000
0000
0000
0000
0000
0000
0000
0000
0000
0000
0000
0000
0000
0000
0000
0000
0000
0000
0000
0000
0000
0000
0000
0000
0000
0000
0000
0000
0000
0000
0000
0000
0000
0000
0000
0000
0000
0000
0000
0000
0000
0000
0000
0000
0000
0000
0000
0000
0000
0000
0000
0000
0000
0000
0000
0000
0000
0000
0000
0000
0000
0000
0000
0000
0000
0000
0000
0000
0000
f300
001e
0000
0000
7d10
00bb
0000
0000
0bc0
08e1
0000
0000
0000
0000
0000
0000
0000
0000
0000
0000
0000
0000
0000
0000
0000
0000
0000
0000
c000
004f
0000
0000
f900
0007
0000
0000
9f70
0000
0000
0000
1ef2
0000
0000
0000
9f70
0000
0000
0000
fa00
0007
0000
0000
c000
004f
0000
0000
0000
0000
0000
0000
0000
0000
0000
0000
0000
0000
0000
0000
0000
0000
0000
0000
0000
0000
0000
0000
0000
0000
0000
0000
0000
0000
0000
0000
0000
0000
0000
0000
0000
0000
0000
0000
2ee2
0000
0000
0000
cf30
0001
0000
0000
f600
000a
0000
0000
c000
005f
0000
0000
f600
000a
0000
0000
cf30
0001
0000
0000
2ee2
0000
0000
0000
0000
0000
0000
0000
0000
0000
0000
0000
0000
0000
0000
0000
0000
0000
0000
0000
0000
0000
0000
0000
0000
0000
0000
0000
0000
0000
0000
0000
0000
0000
0000
0000
2200
0dc0
0031
0000
ec00
2324
00dd
0000
d210
e45f
013d
0000
1dd0
dffc
0eb2
0000
0230
bff9
0320
0000
a100
fbcf
001b
0000
fb00
911a
00cf
0000
8200
0ec0
0037
0000
0000
0220
0000
0000
0000
0000
0000
0000
0000
0000
0000
0000
0000
0000
0000
0000
0000
0000
0000
0000
0000
0000
0000
0000
0ef0
ef00
0000
0000
0ef0
ef00
0000
0000
0ef0
ef00
0000
0000
0ef0
ef00
0000
0000
0ef0
ef00
0000
0000
0ef0
ef00
0000
0000
0ef0
ef00
0000
0000
0000
0000
0000
0000
0110
1100
0000
0000
0cd0
cd00
0000
0000
0bc0
bc00
0000
0000
0000
0000
0000
0000
0000
0000
0000
0000
0000
0000
0000
0000
0000
0000
0000
0000
0000
0000
0000
0000
d600
07df
0000
0000
df60
7fd8
0000
0000
2fd0
df20
0000
0000
0890
df20
0000
0000
9000
8f8f
0000
0000
6000
09ff
0000
0000
4000
007f
0000
0000
1000
001f
0000
0000
1000
0001
0000
0000
d000
000d
0000
0000
b000
000b
0000
0000
0000
0000
0000
0000
0000
0000
0000
0000
0000
0000
0000
0000
0000
0000
0000
0000
4440
4444
0000
0000
eee0
eeee
0000
0000
3330
3333
0000
0000
0000
0000
0000
0000
0000
0000
0000
0000
0000
0000
0000
0000
0000
0000
0000
0000
0000
0000
0000
0000
0000
0000
0000
0000
0000
0000
0000
0000
0000
0000
0000
0000
0000
0000
0000
0000
0000
0000
0000
0000
0000
0000
0000
0000
0000
0000
0000
0000
0000
0000
0000
0000
0000
0000
0000
0000
0000
0000
0000
0000
0000
0000
0000
0000
0000
0000
0000
0000
0000
0000
0000
0000
0000
0000
0000
0000
0000
0000
0000
0000
0000
0000
0000
0000
0000
0000
0000
0000
0000
0000
0000
0000
0000
0000
0000
0000
0000
0000
0000
0000
0020
0000
1000
0000
7bf3
3334
dd85
0000
fb30
ffff
18ef
0000
1000
4543
0002
0000
1000
6765
0004
0000
fb40
ffff
29ef
0000
5af4
1012
dc73
0000
0010
0000
1000
0000
0000
0000
0000
0000
0000
0000
0000
0000
0000
0000
0000
0000
0000
0000
0000
0000
0000
0000
0000
0000
0000
0000
0000
0000
0000
0000
0000
0000
0000
0000
0000
0000
0000
0000
0000
0000
0000
0000
0000
0000
0000
0000
0000
0000
0000
0000
0000
0000
0000
0000
0000
0000
0000
0000
0000
0000
0000
0000
0000
0000
0000
0000
0000
0000
0000
0000
0000
0000
0000
0000
0000
0000
0000
0000
0000
0000
0000
0020
0000
0000
0000
03f6
0000
0000
2000
00be
0000
0000
a000
002e
0000
0000
f500
0006
0000
0000
ff10
0006
0000
0000
cf90
002e
0000
0000
18f3
00ae
0000
0000
0040
0023
0000
0000
0000
0000
0000
0000
0000
0000
0000
0000
0000
0000
0000
0000
0000
08f7
0000
0000
4000
4fff
0000
0000
2000
2dff
0000
0000
0000
07f8
0000
0000
7100
7111
0001
0000
fd10
fa0b
001d
0000
ff80
ff6f
008f
0000
fd10
fc0b
001c
0000
7100
7101
0001
0000
0000
0000
0000
0000
0000
0000
0000
0000
0000
0000
0000
0000
0000
0000
0000
0000
0000
0000
0000
0000
0000
0000
0000
0000
0000
0000
0000
0000
0000
0000
0000
0000
0000
0000
0000
0000
0000
0000
0000
0000
2200
0022
0000
0000
ff00
00ff
0000
0000
5500
0055
0000
0000
0000
0000
0000
0000
0000
0000
0000
0000
0000
0000
0000
0000
0000
0000
0000
0000
0000
0000
0000
0000
0000
0000
0000
0000
0000
0000
0000
0000
0000
0000
0000
0000
0000
00ab
0000
0000
7000
001e
0000
0000
f200
0004
0000
0000
9c00
0000
0000
0000
1d70
0000
0000
0000
04f3
0000
0000
0000
009d
0000
0000
0000
001d
0000
0000
0000
0003
0000
0000
0000
0000
0000
0000
0000
0000
0000
0000
0000
0000
0000
0000
0000
0000
0000
0000
0000
0000
0000
0000
0000
0000
0000
0000
0000
2220
0001
0000
0000
fff0
0007
0000
0000
5ef0
0002
0000
0000
0ef0
0000
0000
0000
0ef0
0000
0000
0000
0ef0
0000
0000
0000
2ff0
0001
0000
0000
fff0
0007
0000
0000
5ff0
0002
0000
0000
0ef0
0000
0000
0000
0ef0
0000
0000
0000
0ef0
0000
0000
0000
2ef0
0001
0000
0000
fff0
0007
0000
0000
5550
0002
0000
0000
0000
0000
0000
0000
2221
0000
0000
0000
eff8
0000
0000
0000
ef53
0000
0000
0000
ef00
0000
0000
0000
ef00
0000
0000
0000
ef00
0000
0000
0000
ef21
0000
0000
0000
eff8
0000
0000
0000
ef52
0000
0000
0000
ef00
0000
0000
0000
ef00
0000
0000
0000
ef00
0000
0000
0000
ef21
0000
0000
0000
eff8
0000
0000
0000
5553
0000
0000
0000
0000
0000
0000
0000
0000
0000
0000
0000
d800
08df
d600
18df
df90
8fd8
df60
9fc8
1fe0
df20
2fb0
ef10
0000
df30
0000
df20
0000
5fe4
0000
6fd3
4000
04df
3000
04df
a000
001d
a000
001d
8000
0007
7000
0007
1000
0001
1000
0001
d000
000c
d000
000c
c000
000b
c000
000b
0000
0000
0000
0000
0000
0000
0000
0000
0000
0000
0000
0000
0000
0000
0000
0000
0000
0000
0000
0000
d810
08df
fe00
0000
cf90
9fc8
fe00
0000
1dc0
df10
fe00
0000
0000
bf40
fe00
0000
0000
2df7
fe00
0000
6000
007f
fe00
0000
b000
000b
fe00
0000
2000
0002
0000
0000
1000
0001
1100
0000
d000
000c
dc00
0000
c000
000b
bb00
0000
0000
0000
0000
0000
0000
0000
0000
0000
0000
0000
0000
0000
0000
0000
0000
0000
0000
0000
0000
0000
0ef0
d800
08df
0000
0ef0
df90
9fc8
0000
0ef0
2db0
df10
0000
0ef0
0000
bf40
0000
0ef0
0000
2df7
0000
0ef0
6000
008f
0000
0ef0
a000
000c
0000
0000
2000
0002
0000
0110
1000
0001
0000
0cd0
c000
000d
0000
0bc0
b000
000b
0000
0000
0000
0000
0000
0000
0000
0000
0000
0000
0000
0000
0000
0000
0000
0000
0000
0000
0000
0000
0000
0000
0000
0000
0000
0000
0000
0000
0000
0000
0000
0000
0000
fff0
09ff
0000
0000
7770
08f8
0000
0000
0000
06f3
0000
0000
0000
05f5
0000
0000
0000
03f6
0000
0000
0000
01f8
0000
0000
0000
00f9
0000
0000
0000
00db
0000
0000
0000
00cc
0000
0000
0000
00ae
0000
0000
0000
009f
0000
0000
0000
0000
0000
0000
0000
0000
0000
0000
fff0
07df
0000
0000
7ff0
7fff
0000
0000
0ef0
dfff
0000
0000
0ef0
ffff
0000
0000
0ef0
dfff
0000
0000
0ef0
6fff
0000
0000
0ef0
06cd
0000
0000
0ef0
0000
0000
0000
0ef0
0000
0000
0000
0ef0
0000
0000
0000
0ef0
0000
0000
0000
0000
0000
0000
0000
0000
0000
0000
0000
0000
0000
0000
0000
0000
0000
0000
0000
0000
0000
0000
0000
0000
0000
0000
0000
0000
0000
0000
0000
0000
0000
0000
0000
1000
2422
0000
0000
fa10
ffff
0000
0000
ffa0
ff5f
0000
0000
ffe0
ef0f
0000
0000
ffe0
ef0f
0000
0000
ffb0
ef2f
0000
0000
fd20
ffff
0000
0000
3000
5a55
0000
0000
0000
0000
0000
0000
0000
0000
0000
0000
0000
0000
0000
0000
0000
0000
0000
0000
0000
0000
0000
0000
0000
0000
0000
0000
0000
0000
0000
0000
0000
0000
0000
0000
2430
0012
0000
0000
fff0
1aff
0000
0000
5ff0
9fff
0000
0000
0ef0
efff
0000
0000
0ef0
efff
0000
0000
2ff0
bfff
0000
0000
fff0
2dff
0000
0000
5a60
0035
0000
0000
0000
0000
0000
0000
0000
0000
0000
0000
0000
0000
0000
0000
0000
0000
0000
0000
0000
0000
0000
0000
0000
0000
0000
0000
0000
0000
0000
0000
0000
0000
0000
0000
0000
0000
0000
0000
0000
0000
0000
0000
0000
0000
0000
0000
3000
000f
0000
0000
5c40
2c4f
0000
0000
e920
17ef
0000
0000
e920
17ef
0000
0000
5c40
2c4f
0000
0000
3000
000f
0000
0000
0000
0000
0000
0000
0000
0000
0000
0000
0000
0000
0000
0000
0000
0000
0000
0000
0000
0000
0000
0000
0000
0000
0000
0000
0000
0000
0000
0000
0110
0000
0000
0000
0cd0
0000
0000
0000
0ab0
0000
0000
0000
0000
0000
0000
0000
0000
0000
0000
0000
0000
0000
0000
0000
0000
0000
0000
0000
0db0
0000
0000
0000
1f70
0000
0000
0000
3f30
0000
0000
0000
5d00
0000
0000
0000
0000
0000
0000
0000
3000
6776
0014
0000
fd60
ffff
2aff
0000
49e4
1001
cc63
0000
0000
0000
0000
0000
0000
0000
0000
0000
0000
0000
0000
0000
0000
0000
0000
0000
0000
0000
0000
0000
0000
0000
0000
0000
0000
0000
0000
0000
0000
0000
0000
0000
0000
0000
0000
0000
0020
0000
2000
0000
7bf4
3234
cd85
0000
fb40
ffff
18df
0000
1000
4543
0002
0000
0000
0000
0000
0000
3000
000f
0000
0000
5c40
1c4f
0000
0000
e920
17ef
0000
0000
e920
17ef
0000
0000
5c40
2c4f
0000
0000
3000
000f
0000
0000
0000
0000
0000
0000
0000
0000
0000
0000
3000
000f
0000
0000
5c40
2c4f
0000
0000
e920
17ef
0000
0000
e920
17ef
0000
0000
5c40
2c4f
0000
0000
3000
000f
0000
0000
0000
0000
0000
0000
0000
0000
0000
0000
0000
0000
01e7
0000
4c60
2000
005f
0000
cfe0
c000
000a
0000
6e80
e700
0002
0000
0000
6e20
0000
0000
0000
0bb0
0000
0000
0000
02e6
0000
0000
2000
007e
08e6
0000
a000
000c
0efc
0000
f500
0002
0493
0000
7e10
0000
0000
0000
0000
0000
0000
0000
0000
0000
0000
0000
0000
0000
0000
0000
0000
0000
0000
0000
0000
0000
0000
0000
0000
0000
0000
0000
0000
0000
0000
0000
0000
0000
0000
0000
0000
0000
0000
0000
2000
0000
0000
0000
ffa0
36bf
0085
0000
5770
ffc8
02ef
0000
0000
4200
0013
0000
0000
0000
0000
0000
0000
0000
0000
0000
0000
0000
0000
0000
0000
0000
0000
0000
0000
0000
0000
0000
0000
0000
0000
0000
0000
0000
0000
0000
0000
0000
0000
0000
0000
0000
0000
0000
0000
0000
0000
0000
0000
0000
0000
0000
0000
0000
0000
0000
0000
0000
0000
0000
0000
0000
0000
0000
0000
0000
0000
0000
0000
0000
0000
0000
0000
0000
0000
0000
0000
0000
0000
0000
0000
0000
0000
0000
0000
1221
0000
0000
d810
ffff
05be
0000
9de3
6567
cfb8
0000
0040
0000
3100
0000
0000
0000
0000
0000
0000
0000
0000
0000
0000
0000
0000
0000
0000
0000
0000
0000
0000
0000
0000
0000
0300
31ef
0000
0000
be20
ecff
0001
0000
f720
7fff
0002
0000
ffe0
ffff
000c
0000
f840
8fff
0004
0000
de20
edff
0001
0000
1400
41ef
0000
0000
0000
0000
0000
0000
0000
0000
0000
0000
0000
0000
0000
0000
0000
0000
0000
0000
0000
0000
0000
0000
0000
0000
0000
0000
0000
0000
0000
0000
0000
0000
0000
0000
0000
0000
0000
0000
0000
0000
0000
0000
0000
0ff0
0000
0000
0000
0ff0
0000
0000
0000
0000
0000
0000
0ff0
0000
0000
0000
0ff0
0000
0000
0000
0000
0000
0000
0000
0000
0ff0
0000
0000
0000
0ff0
0000
0000
0000
0000
0000
0000
0000
0000
0000
0000
0000
0000
0000
0000
0ed0
0bf0
09f3
06f5
0be0
08f2
05f4
03f7
07f0
05f3
02f6
00e8
04f2
01f4
00e7
00ba
0000
0000
0000
0000
0000
0000
0000
0000
0000
0000
0000
0000
0000
0000
0000
0000
0000
0000
0000
0000
0000
0000
0000
0000
0000
0000
0000
0000
0000
0000
0000
0000
0000
0000
0000
0000
0000
0000
0000
0000
0000
0000
0000
0000
0000
0000
0000
0000
0000
0000
0000
0000
0000
0000
0000
0000
0000
0000
0000
0000
0000
0000
0000
0000
0000
0000
0000
0000
f000
000f
0000
0000
f000
000f
0000
0000
0000
0000
0000
0000
0ff0
0ff0
0000
0000
0ff0
0ff0
0000
0000
0000
0000
0000
0000
f000
000f
0000
0000
f000
000f
0000
0000
0000
0000
0000
0000
0000
0000
0000
0000
0000
0000
0000
0000
0000
0000
0000
0000
0000
0000
0000
0000
0000
0000
0000
0000
0000
0000
0000
0000
0000
0000
0000
0000
0ff0
0ff0
0000
0000
0ff0
0ff0
0000
0000
0000
0000
0000
0000
f000
000f
0000
0000
f000
000f
0000
0000
0000
0000
0000
0000
0ff0
0ff0
0000
0000
0ff0
0ff0
0000
0000
0000
0000
0000
0000
0000
0000
0000
0000
0000
0000
0000
0000
0000
0000
0000
0000
0000
0000
0000
0000
0000
0000
0000
0000
f000
000f
0000
0000
f000
000f
0000
0000
0000
0000
0000
0000
0000
0000
0000
0000
0000
0000
0000
0000
0000
0000
0000
0000
0000
0000
0000
0000
0000
0000
0000
0000
f000
000f
0000
0000
f000
000f
0000
0000
0000
0000
0000
0000
0000
0000
0000
0000
0000
0000
0000
0000
0000
0000
0000
0000
0000
0000
0000
0000
f000
000f
0000
0000
f000
000f
0000
0000
0000
0000
0000
0000
0000
0000
0000
0000
0000
0000
0000
0000
0ff0
0ff0
0000
0000
0ff0
0ff0
0000
0000
0000
0000
0000
0000
0000
0000
0000
0000
0000
0000
0000
0000
f000
000f
0000
0000
f000
000f
0000
0000
0000
0000
0000
0000
0000
0000
0000
0000
0000
0000
0000
0000
0000
0000
0000
0000
0000
0000
0000
0000
0000
0000
0000
0000
0000
0000
0000
0000
f0f0
00f0
0000
0000
f000
0000
0000
0000
fff0
00ff
0000
0000
f000
0000
0000
0000
f0f0
00f0
0000
0000
0000
0000
0000
0000
0000
0000
0000
0000
0000
0000
0000
0000
0000
0000
0000
0000
0000
0000
0000
0000
0000
0000
0000
0000
0000
0000
0000
0000
0000
0000
0000
0000
0000
0000
0000
0000
f000
000f
0000
0000
f000
000f
0000
0000
0000
0000
0000
0000
0000
0000
0000
0000
f000
000f
0000
0000
f000
000f
0000
0000
0000
0000
0000
0000
0000
0000
0000
0000
f000
000f
0000
0000
f000
000f
0000
0000
0000
0000
0000
0000
0000
0000
0000
0000
0000
0000
0000
0000
0000
0000
0000
0000
0000
0000
0000
0000
0000
0000
0000
0000
f000
0000
0000
0000
0000
0000
0000
0000
0000
0000
0000
0000
f000
0000
0000
0000
0000
0000
0000
0000
0000
0000
0000
0000
f000
0000
0000
0000
0000
0000
0000
0000
0000
0000
0000
0000
f000
0000
0000
0000
0000
0000
0000
0000
0000
0000
0000
0000
0000
0000
0000
0000
0000
0000
0000
0000
0000
0000
0000
0000
0000
0000
0000
0000
0000
0000
0000
0000
0000
0000
0000
0000
0000
0000
0000
0000
0000
0000
0000
0000
0000
0000
0000
0000
0000
0000
0000
0000
0000
0000
0000
0000
0000
0000
0000
0000
0000
0000
0000
0000
0000
0000
0000
0000
0000
0000
0000
0000
0000
0000
0000
0000
0f0f
0f0f
0f0f
0f0f
0000
0000
0000
f000
000f
0000
0000
0000
0000
0000
0000
f000
000f
0000
0000
0000
0000
0000
0000
f000
0f0f
0f00
0000
000f
0f00
0f00
0000
f00f
0f0f
0f0f
0000
000f
ff00
0ff0
000f
f00f
0f0f
0f00
fff0
0000
0000
0000
0000
f000
000f
0000
0000
0000
0000
0000
0000
f000
000f
0000
0000
0000
f0f0
f0f0
f0f0
f0f0
0f0f
0f0f
0f0f
0f0f
0000
0000
0000
f000
000f
00ff
0000
0000
f000
0000
0000
f000
f00f
0000
000f
000f
f000
0000
000f
f00f
f00f
f000
0000
00f0
f000
f000
0000
f0f0
f00f
f000
0000
00f0
fff0
f0ff
0000
f0f0
f00f
f000
0000
00f0
f000
f000
0000
f0f0
f00f
0000
000f
000f
0ff0
0000
000f
f00f
000f
0000
0000
0000
f0f0
f0f0
f0f0
f0f0
0f0f
0f0f
0f0f
0f0f
0000
0000
0000
f000
000f
0000
0000
0000
0000
0000
0000
f000
000f
0000
0000
0000
0000
0000
0000
f000
000f
0000
0000
0000
0000
00f0
0f00
f000
000f
0f00
00f0
0000
0000
f000
000f
f000
000f
0f00
00f0
0000
0000
00f0
0f00
f000
000f
0000
0000
0000
0000
0000
0000
f000
000f
0000
0000
0000
f0f0
f0f0
f0f0
f0f0
0f0f
0f0f
0f0f
0f0f
0000
0000
0000
f000
000f
0000
0000
0000
0000
0000
0000
f000
000f
0000
0000
0000
0000
0000
0000
f000
000f
0000
0000
0000
0000
0000
0000
f000
000f
0000
0000
0000
0000
0000
0000
f000
000f
0000
0000
0000
f000
000f
0000
f000
000f
000f
0000
0000
0000
000f
0000
f000
f00f
0000
0000
0000
f0f0
f0f0
f0f0
f0f0
0f0f
0f0f
0f0f
0f0f
0000
0000
0000
f000
000f
0000
0000
0000
0000
0000
0000
f000
000f
0000
0000
0000
0000
f000
0000
f000
000f
f000
0000
0000
0000
f000
0000
f000
000f
ffff
0fff
0000
0000
f000
0000
f000
000f
f000
0000
0000
0000
f000
0000
f000
000f
f000
0000
0000
0000
0000
0000
f000
000f
0000
0000
0000
f0f0
f0f0
f0f0
f0f0
0000
0000
0000
0000
fff0
ffff
ffff
0fff
0ff0
f000
00ff
0fff
fff0
f0ff
ff0f
0ff0
0ff0
f000
ff0f
0ff0
0ff0
ffff
ff0f
0ff0
0ff0
f000
00ff
0fff
fff0
ffff
ffff
0fff
fff0
ffff
ffff
0fff
fff0
ff00
000f
0ff0
0ff0
ffff
ff0f
0fff
0ff0
ff00
000f
0ff0
0ff0
f0ff
ffff
0ff0
fff0
ff00
000f
0ff0
fff0
ffff
ffff
0fff
0000
0000
0000
0000
0f0f
0f0f
0f0f
0f0f
0000
0000
0000
f000
000f
0000
0000
0000
0000
0000
0000
f000
0f0f
ff00
f00f
00ff
0f00
0f00
00f0
f00f
0f0f
ff00
000f
000f
0f00
0f00
000f
f00f
ff0f
0f0f
f0f0
00ff
0000
0000
0000
f000
000f
0000
0000
0000
0000
0000
0000
f000
000f
0000
0000
0000
0000
0000
0000
f000
000f
0000
0000
0000
f0f0
f0f0
f0f0
f0f0
0f0f
0f0f
0f0f
0f0f
0000
0000
0000
f000
000f
0000
0000
0000
0000
0000
0000
f000
ff0f
f00f
f000
00ff
0f00
f0f0
0000
f00f
ff0f
f00f
0000
000f
0f00
f00f
0000
f00f
0f0f
f0f0
f0ff
00ff
0000
0000
0000
f000
000f
0000
0000
0000
0000
0000
0000
f000
000f
0000
0000
0000
0000
0000
0000
f000
000f
0000
0000
0000
f0f0
f0f0
f0f0
f0f0
0f0f
0f0f
0f0f
0f0f
0000
0000
0000
f000
000f
0000
0000
0000
0000
0000
0000
f000
ff0f
f00f
f0ff
00ff
0f00
0f00
0000
f00f
ff0f
f00f
000f
000f
0f00
0000
00f0
f00f
0f0f
ff00
f00f
00ff
0000
0000
0000
f000
000f
0000
0000
0000
0000
0000
0000
f000
000f
0000
0000
0000
0000
0000
0000
f000
000f
0000
0000
0000
f0f0
f0f0
f0f0
f0f0
0f0f
0f0f
0f0f
0f0f
0000
0000
0000
f000
000f
0000
0000
0000
0000
0000
0000
f000
ffff
ff00
f00f
00ff
00f0
0f0f
00f0
f00f
ffff
0f00
00f0
000f
00f0
0f00
00f0
f00f
00ff
ff00
f00f
00ff
0000
0000
0000
f000
000f
0000
0000
0000
0000
0000
0000
f000
000f
0000
0000
0000
0000
0000
0000
f000
000f
0000
0000
0000
f0f0
f0f0
f0f0
f0f0
0f0f
0f0f
0f0f
0f0f
0000
0000
0000
f000
000f
0000
0000
0000
0000
fff0
00ff
f000
000f
f000
0000
0000
0000
f000
0000
f000
000f
f000
0000
0000
0000
fff0
00ff
f000
000f
0000
0000
0000
f000
0fff
fff0
f00f
0f0f
0000
000f
0000
f000
00ff
fff0
f000
000f
0f00
0000
000f
ff00
00ff
ffff
f000
000f
0000
0000
0000
f0f0
f0f0
f0f0
f0f0
0f0f
0f0f
0f0f
0f0f
0000
0000
0000
f000
000f
0000
0000
0000
0000
ff00
000f
f000
000f
00f0
00f0
0000
0000
fff0
00ff
f000
000f
00f0
00f0
0000
0000
00f0
00f0
f000
000f
0000
0000
0000
f000
0fff
fff0
f00f
0f0f
0000
000f
0000
f000
00ff
fff0
f000
000f
0f00
0000
000f
ff00
00ff
ffff
f000
000f
0000
0000
0000
f0f0
f0f0
f0f0
f0f0
0f0f
0f0f
0f0f
0f0f
0000
0000
0000
f000
000f
0000
0000
0000
0000
ff00
0fff
f000
000f
0000
000f
0000
0000
0000
000f
f000
000f
0000
000f
0000
0000
ff00
0fff
f000
000f
0000
0000
0000
ff00
f00f
ffff
0ff0
00ff
f0f0
0000
000f
fff0
f0ff
0fff
fff0
00ff
f0f0
0000
f000
00f0
f0f0
0000
ffff
000f
0000
0000
0000
f0f0
f0f0
f0f0
f0f0
0f0f
0f0f
0f0f
0f0f
0000
0000
0000
f000
000f
0000
0000
0000
0000
f000
00ff
f000
000f
0f00
0f00
0000
0000
ff00
0fff
f000
000f
0f00
0f00
0000
0000
0f00
0f00
f000
000f
0000
0000
0000
ff00
f00f
ffff
0ff0
00ff
f0f0
0000
000f
fff0
f0ff
0fff
fff0
00ff
f0f0
0000
f000
00f0
f0f0
0000
ffff
000f
0000
0000
0000
f0f0
f0f0
f0f0
f0f0
0f0f
0f0f
0f0f
0f0f
0000
0000
0000
f000
000f
0000
0000
0000
0f00
0f00
fff0
f000
ff0f
0f00
000f
000f
0f00
0f0f
ffff
f00f
0f0f
0ff0
000f
000f
0f00
0f00
000f
f00f
000f
0000
0000
0000
ff00
00ff
fff0
f00f
0f0f
0f00
000f
0000
0f00
0f00
fff0
f000
0f0f
0f00
0000
000f
ff00
00ff
ffff
f000
000f
0000
0000
0000
f0f0
f0f0
f0f0
f0f0
0f0f
0f0f
0f0f
0f0f
0000
0000
0000
f000
000f
0000
0000
0000
0f00
0f00
fff0
f000
ff0f
0f00
000f
000f
0f00
0f0f
000f
f00f
0f0f
0ff0
000f
000f
0f00
0f00
fff0
f000
000f
0000
0000
0000
ff00
00ff
fff0
f00f
0f0f
0f00
000f
0000
0f00
0f00
fff0
f000
0f0f
0f00
0000
000f
ff00
00ff
ffff
f000
000f
0000
0000
0000
f0f0
f0f0
f0f0
f0f0
6100
0047
0000
0000
fd20
09ff
0000
0000
7fa0
3fc1
0000
0000
1fe0
5d60
0000
0000
0ef0
2232
0022
0000
0ef0
fffe
01ff
0000
1fd0
55fe
0055
0000
8f90
22fe
0012
0000
fc10
ffff
007f
0000
4000
55fe
0025
0000
0000
77fe
0077
0000
0000
fffe
01ff
0000
0000
0000
0000
0000
0000
0000
0000
0000
0000
0000
0000
0000
0000
0000
0000
0000
0000
4700
0038
0000
5000
cfeb
000f
0000
f800
ffad
006f
0000
cf40
9461
02ff
0000
4fa0
b0a0
07f8
0000
0fe0
92a1
0000
0000
0ef0
4756
0000
0000
1fe0
0b1a
0000
0000
6fa0
092a
0494
0000
ff40
2478
03fd
0000
f800
fcff
008f
0000
f100
cefd
0005
0000
6500
0056
0000
0000
0000
0000
0000
0000
0000
0000
0000
0000
0000
0000
0000
0000
0000
0000
0000
0000
5000
beec
0005
0000
f900
e98d
008f
0000
bf40
1000
02fd
0000
3fb0
0000
0253
0000
0fe0
0220
0011
0000
0ef0
9ef0
00cf
0000
1fe0
cff0
0036
0000
6fa0
1ff0
0594
0000
ef40
3ef4
05fd
0000
f800
ffff
00af
0000
5000
ceeb
0006
0000
0000
0000
0000
0000
0000
0000
0000
0000
0000
0000
0000
0000
0000
0000
0000
0000
0000
0000
0000
0000
fff0
ffff
0000
0000
7ff0
7777
0000
0000
0ef0
0000
0000
0000
0ef0
0000
0000
0000
2ef0
1222
0000
0000
fff0
8fff
0000
0000
5ef0
2555
0000
0000
2ff2
0001
0000
0000
ffff
0008
0000
0000
5ff5
0003
0000
0000
0ef0
0000
0000
0000
0000
0000
0000
0000
0000
0000
0000
0000
0000
0000
0000
0000
0000
0000
0000
0000
0000
0000
0000
0000
6000
7dfd
0000
0000
f600
fc8d
0008
0000
fd00
b102
0009
0000
ff20
0222
0000
0000
fff0
1fff
0000
0000
ff70
1777
0000
0000
fff0
1fff
0000
0000
ff50
0555
0000
0000
bf10
5000
0007
0000
aff0
e999
000e
0000
fff0
dfff
0005
0000
0000
0000
0000
0000
0000
0000
0000
0000
0000
0000
0000
0000
0000
0000
0000
0000
0000
0000
0000
0000
0000
0000
0000
0000
0000
1000
0012
0000
0000
8000
002f
0000
5ef0
fcfd
aedf
0001
dff0
ffc8
fc8f
000a
2ff0
ff10
f201
000d
0ef0
ff50
f000
000e
0ef0
efc0
f000
000e
0ef0
eff4
f000
000e
0ef0
efea
f000
000e
2ef0
ef8f
f000
000e
9000
002f
0000
0000
0000
0000
0000
0000
0000
0000
0000
0000
0000
0000
0000
0000
0000
0000
0000
0000
8ff0
0000
00fe
0000
fff0
0002
00fe
0000
fff0
000b
00fe
0000
9ef0
005f
00fe
0000
fffd
eeff
0aff
0000
4ff4
4bfc
03ff
0000
ffff
ffff
0bff
0000
5ff5
efa5
03ff
0000
0ef0
fb00
00ff
0000
0ef0
f200
00ff
0000
0ef0
8000
00ff
0000
0000
0000
0000
0000
0000
0000
0000
0000
0000
0000
0000
0000
0000
0000
0000
0000
0000
0000
0000
0000
fff0
4cef
5000
0004
7ff0
fe97
f004
000e
0ef0
f500
f00b
000e
0ef0
f100
ff3e
08ff
0ef0
f300
f72c
047f
2ff0
fc42
f007
000e
fff0
9fff
f000
000e
5ff0
0245
f000
000e
0ef0
0000
f000
000e
0ef0
0000
d000
049f
0ef0
0000
4000
0afc
0000
0000
0000
0000
0000
0000
0000
0000
0000
0000
0000
0000
0000
0000
0000
0000
0000
0000
0000
0000
fff0
4cef
0000
0000
7ff0
fe97
0004
0000
0ef0
f500
000b
0000
0ef0
f100
910e
7dfe
0ef0
f200
fc0d
fc8b
2ff0
fc32
fe08
8101
fff0
afff
f800
37ae
5ff0
4ff5
3000
fea7
0ef0
df50
4410
f200
0ef0
fb00
fe17
fb8a
0ef0
f200
a22e
8dfd
0000
0000
0000
0000
0000
0000
0000
0000
0000
0000
0000
0000
0000
0000
0000
0000
0000
0000
0000
0000
0de0
f100
001f
0ed0
2fa0
f500
005f
0af2
6f60
f900
008f
06f6
9f20
fc00
00cf
02f9
fff0
ffff
ffff
0fff
fe40
cf96
69fc
04ef
fff0
ffff
ffff
0fff
f650
5ffe
eff5
056f
c000
09fd
df90
000c
8000
04ff
ff40
0008
4000
00ef
fe00
0004
0000
0000
0000
0000
0000
0000
0000
0000
0000
0000
0000
0000
0000
0000
0000
0000
0000
0000
0000
0000
0000
0000
0000
0000
0000
0000
0000
0000
0000
0000
0000
0000
fff0
beff
fe02
0000
7ff0
fa77
fe0b
0000
0ef0
e056
fe0f
0000
0ef0
e0ef
fe0f
0000
0ef0
e0ef
fe0f
0000
0ef0
50ef
fe05
0000
0ef0
88ff
bfa8
0000
0ef0
ffff
2bef
0000
0000
0000
0000
0000
0000
0000
0000
0000
0000
0000
0000
0000
0000
0000
0000
0000
0000
0000
0000
0000
0000
e000
000f
0000
0000
fff4
00ff
0000
0000
f331
003f
0000
c500
e4df
000f
0000
ef50
fe99
000f
0000
5fc0
f500
000f
0000
1fe0
f100
000f
0000
1fe0
f100
000f
0000
5fc0
f500
000f
0000
ef50
ee99
000f
0000
c500
d4ce
000f
0000
0000
0000
0000
0000
7700
7777
0007
0000
ff00
ffff
000f
0000
0000
0000
0000
0000
0000
0000
0000
0000
0000
dec7
0029
0000
a000
a8cf
004f
0000
f500
000b
0002
0000
fd20
2225
0000
0000
fff2
efff
0000
0000
ff72
4777
0000
0000
fff2
1eff
0000
0000
ff52
0458
0000
0000
f500
000b
0001
0000
a000
a8cf
003f
0000
0000
dfd7
002a
0000
0000
0000
0000
0000
0000
0000
0000
0000
0000
0000
0000
0000
0000
0000
0000
0000
0000
0000
0000
0000
ef00
1000
0afc
0000
ef00
b000
00bf
0000
ef00
f900
001c
0000
ef00
df80
0001
0000
ff95
bfff
0599
0000
fff8
ffff
08ff
0000
ff00
8fef
0000
0000
ff00
fd15
0004
0000
ef00
f400
002e
0000
ef00
7000
00cf
0000
ef00
0000
08fb
0000
0000
0000
0000
0000
0000
0000
0000
0000
0000
0000
0000
0000
0000
0000
0000
0000
0000
0000
0000
0000
fff0
ffff
00ff
0000
7770
77ff
0077
0000
0000
00fe
0000
0000
0000
b7fe
0000
0000
3000
4bff
0000
0000
d600
72ff
0000
0000
0100
8eff
0000
0000
e400
01ff
0000
0000
3300
00fe
0000
0000
0000
00fe
0000
0000
0000
00fe
0000
0000
0000
0000
0000
0000
0000
0000
0000
0000
0000
0000
0000
0000
0000
0000
0000
0000
0000
00fe
0000
0000
8300
efff
006c
0000
f600
88ff
0afd
0000
2100
00fe
5fb1
0000
0000
00fe
bf40
5000
0000
00fe
ef00
f400
0000
00fe
fe00
fb00
2100
00fe
ef00
fe00
ff60
00ff
cf20
ff00
7fe0
02ff
8f80
ff00
9fd0
8eff
1dfa
ff00
ed40
e81a
02be
ef00
0000
0000
0000
ef00
0000
0000
0000
ef00
0000
0000
0000
ef00
0000
0000
0000
0000
0000
0000
0000
0000
0000
0000
0000
0000
0000
0000
0000
0000
0000
0000
0000
0000
ff00
000f
0000
0000
00f0
00f0
0000
0000
00f0
00f0
0000
0000
00f0
00f0
0000
0000
0f00
000f
0000
0000
f000
000f
0000
0000
f0f0
00f0
0000
0000
0ff0
00f0
0000
0000
0ff0
0f00
0000
0000
00f0
0f00
0000
0000
0000
00f0
0000
0000
0000
000f
0000
0000
0000
0000
0000
0000
ff00
7dff
0000
0000
ff00
fd87
0006
0000
ef00
f200
000c
0000
fff0
ffff
00ff
0000
ff90
f999
009f
0000
fff0
ffff
00ff
0000
ff50
fe77
005e
0000
ff00
cfff
0001
0000
ff00
0355
0000
0000
ef00
0000
0000
0000
ef00
0000
0000
0000
0000
0000
0000
0000
0000
0000
0000
0000
0000
0000
0000
0000
0000
0000
0000
0000
0000
0d00
0000
0000
4000
cfeb
0006
0000
f800
df9e
00af
0000
df40
0d01
06fc
0000
4fa0
0d00
09c4
0000
0fd0
0d00
0000
0000
0ef0
2e00
0222
0000
1fe0
ff00
0eff
0000
5fa0
5f00
0df5
0000
df40
0d01
09f7
0000
f800
bf9e
02df
0000
4000
dfeb
0018
0000
0000
0d00
0000
0000
0000
0700
0000
0000
0000
0000
0000
0000
0000
0000
0000
0000
0000
0000
0000
0000
0000
6ff7
0000
0000
0000
cffc
0000
0000
2000
fcbf
0002
0000
8000
f87f
0008
0000
d000
f32f
000d
0000
ffe0
feef
0eff
0000
fd40
c44c
04df
0000
fff0
ffff
0fff
0000
ff90
5555
0aff
0000
8fa0
0000
0af7
0000
3fe1
0000
1ff2
0000
0000
0000
0000
0000
0000
0000
0000
0000
0000
0000
0000
0000
0000
0000
0000
0000
0000
0000
0000
0000
9100
9dfd
0001
0000
fa00
fb8d
000a
0000
dc00
f102
000e
0000
2220
f722
000d
0000
fff0
ffff
000f
0000
7770
7777
0007
0000
fff0
ffff
000f
0000
ff50
5559
0005
0000
fe00
a000
000a
0000
fb00
fb8b
000a
0000
9100
9efd
0001
0000
0000
0000
0000
0000
0000
0000
0000
0000
0000
0000
0000
0000
0000
0000
0000
0000
0000
0d00
0000
0000
4000
cfeb
0018
0000
f700
bf9e
02df
0000
df40
0d02
0bf7
0000
5fa0
0d00
0990
0000
1fd0
0d00
0000
0000
0ef0
0d00
0000
0000
1fd0
0d00
0000
0000
5fa0
0d00
0990
0000
df40
0d01
0bf7
0000
f700
bf9e
01df
0000
4000
dfeb
0018
0000
0000
0d00
0000
0000
0000
0700
0000
0000
0000
0000
0000
0000
0000
0000
0000
0000
0000
0000
0000
0000
0000
0000
0000
0000
0000
0000
0000
0000
0000
0000
0000
0000
0f00
000f
0000
0000
0f00
000f
0000
0000
0f00
000f
0000
0000
fff0
0fff
0000
0000
0f00
000f
0000
0000
0f00
000f
0000
0000
0f00
000f
0000
0000
0f00
000f
0000
0000
0f00
f00f
0000
0000
0f00
0ff0
0000
0000
0000
0000
0000
0000
0000
0000
0000
0000
0000
0000
0000
0000
0000
0000
0000
0000
0000
0000
0000
0000
0000
0000
0000
0000
ff00
00ff
0000
0000
00f0
0f00
0000
0000
00f0
0f00
0000
0000
0f00
0000
0000
0000
f000
000f
0000
0000
0000
00f0
0000
0000
f0f0
0f00
0000
0000
0f0f
0f0f
0000
0000
0f0f
0f0f
0000
0000
ffff
00ff
0000
0000
0f0f
000f
0000
0000
0f0f
000f
0000
0000
0000
0000
0000
0000
fff0
ffff
00ff
0000
7770
7777
0077
0000
0000
0000
0000
0000
fff0
ffff
00ff
0000
7770
77ff
0077
0000
0000
00fe
0000
0000
0000
00fe
0000
0000
0000
00fe
0000
0000
0000
00fe
0000
0000
0000
00fe
0000
0000
0000
00fe
0000
0000
0000
0000
0000
0000
0000
0000
0000
0000
0000
0000
0000
0000
0000
0000
0000
0000
0000
0000
0000
0000
ffe3
beff
0000
0000
ffc5
58ff
0000
0000
4441
39ff
0000
0000
fff5
bfff
0000
0000
3221
17fe
0000
0000
daa4
00cf
0000
0000
cff4
0017
0000
0000
cf80
0000
0000
0000
fa00
0009
0000
0000
c100
007f
0000
0000
2000
04fe
0000
0000
0000
0000
0000
0000
0000
0000
0000
0000
0000
0000
0000
0000
0000
0000
0000
0000
0000
0000
0000
0000
ef00
0000
0000
0000
ff00
007b
0000
0000
ffa3
004b
0000
0000
ffd8
0044
0000
0000
ff31
007f
0000
0000
fff7
0003
0000
0000
ef55
ef00
0000
0000
ef00
df10
0000
0000
ef00
8f70
0000
0000
ff00
1df9
0000
0000
ff00
029e
0000
0000
0000
0000
0000
0000
0000
0000
0000
0000
0000
0000
0000
0000
0000
0000
0000
0000
0000
0000
0000
0000
0000
0000
0000
0000
0000
0000
0000
0000
0000
0000
0000
0000
00f0
0000
0000
0000
0f0f
0000
0000
0000
ffff
00ff
0000
0000
0f00
0f00
0000
0000
00f0
0f00
0000
0000
f0f0
00f0
0000
0000
0fff
000f
0000
0000
00f0
0000
0000
0000
00f0
00f0
0000
0000
ff00
000f
0000
0000
0000
0000
0000
0000
0000
0000
0000
0000
0000
0000
0000
0000
0000
0000
0000
0000
0000
0000
0000
0000
0000
0000
0000
0000
0000
0ef0
0000
0000
0000
0ef0
0000
0000
6000
cffc
0006
0000
fb00
effd
00af
0000
bf70
1ef0
06fc
0000
2fc0
0ef0
0bf3
0000
0fe0
0ef0
0df1
0000
0ef0
0ef0
0ef0
0000
0000
0000
0000
0000
0000
0000
0000
0000
0000
0000
0000
0000
0000
0000
0000
0000
0000
0000
0000
0000
ff00
ceff
0004
0000
ff00
e877
005f
0000
ef00
4000
00cf
0000
ef00
0000
00ff
0000
ef00
1000
00df
0000
ff21
b322
008f
0000
fff8
ffff
000a
0000
ff74
2577
0000
0000
fff8
05ff
0000
0000
ff52
0255
0000
0000
ef00
0000
0000
0000
0000
0000
0000
0000
0000
0000
0000
0000
0000
0000
0000
0000
0000
0000
0000
0000
0000
0000
0000
0000
3000
0f3f
0000
0000
5000
2faf
0000
0000
f700
ffff
0007
0000
ff50
df3f
004f
0000
6fc0
4f3f
00bf
0000
3fe0
0f3f
00ef
0000
0fe0
0303
0032
0000
2fc0
0000
0000
0000
9f50
0000
0000
0000
ff70
77df
0077
0000
fff0
ffff
00ff
0000
0000
0000
0000
0000
0000
0000
0000
0000
0000
0000
0000
0000
0000
0000
0000
0000
d000
00d0
0000
0000
fff0
7dff
0000
0000
9ff0
fe98
0008
0000
1ff0
f300
000d
0000
1ff0
f100
000d
0000
3ff0
fb32
0006
0000
fff0
8fff
0000
0000
6ff0
fc65
0007
0000
1ff0
f100
000e
0000
1ff0
f100
000e
0000
8ff0
fd87
0009
0000
fff0
8dff
0000
0000
d000
00d0
0000
0000
7000
0070
0000
0000
0000
0000
0000
0000
0000
0000
0000
0000
0000
0000
0000
0000
0000
0000
0000
0000
0000
0000
0000
0000
0000
0000
0000
0000
ff00
00ff
0000
0000
00f0
0f00
0000
0000
00f0
0f00
0000
0000
00f0
0000
0000
0000
00f0
0000
0000
0000
00f0
0f00
0000
0000
00f0
0f00
0000
0000
ff00
00ff
0000
0000
0000
0000
0000
0000
fff0
0fff
0000
0000
0000
0000
0000
0000
0000
0000
0000
0000
0000
0000
0000
0000
0000
0000
0000
0000
0000
0000
0000
0000
0000
0000
0000
0000
f000
0000
0000
0000
f000
00f0
0000
0000
f000
00f0
0000
0000
f000
00f0
0000
0000
f000
fff0
0000
0000
f000
00ff
0000
0000
fff0
fff0
0000
0000
f000
0000
0000
0000
0fff
ff00
0000
0000
0000
00ff
0000
0000
0000
0000
0000
0000
0000
0000
0000
0000
0000
0000
0000
0000
fff0
ffff
ffff
0fff
0ff0
f000
00ff
0fff
fff0
f0ff
ff0f
0ff0
0ff0
f000
ff0f
0ff0
0ff0
ffff
ff0f
0ff0
0ff0
f000
00ff
0fff
fff0
ffff
ffff
0fff
fff0
ffff
ffff
0fff
fff0
f000
000f
0ff0
0ff0
ffff
ffff
0ff0
0ff0
ffff
000f
0ff0
0ff0
ffff
ff0f
0fff
fff0
f000
000f
0ff0
fff0
ffff
ffff
0fff
0000
0000
0000
0000
0000
0000
0000
0000
fff0
ffff
ffff
0fff
0ff0
f000
00ff
0fff
fff0
f0ff
ff0f
0ff0
0ff0
f000
ff0f
0ff0
0ff0
ffff
ff0f
0ff0
0ff0
f000
00ff
0fff
fff0
ffff
ffff
0fff
fff0
ffff
ffff
0fff
fff0
f000
000f
0fff
0ff0
ffff
ffff
0ff0
0ff0
ffff
00ff
0ff0
0ff0
ffff
ffff
0ff0
fff0
f000
000f
0fff
fff0
ffff
ffff
0fff
0000
0000
0000
0000
0000
0000
0000
0000
fff0
ffff
ffff
0fff
0ff0
f000
00ff
0fff
fff0
f0ff
ff0f
0ff0
0ff0
f000
ff0f
0ff0
0ff0
ffff
ff0f
0ff0
0ff0
f000
00ff
0fff
fff0
ffff
ffff
0fff
fff0
ffff
ffff
0fff
fff0
f000
ff0f
0ff0
0ff0
ffff
ff0f
0ff0
0ff0
ffff
000f
0ff0
0ff0
ffff
ffff
0ff0
fff0
f000
ffff
0ff0
fff0
ffff
ffff
0fff
0000
0000
0000
0000
0000
0000
0000
0000
fff0
ffff
ffff
0fff
0ff0
f000
00ff
0fff
fff0
f0ff
ff0f
0ff0
0ff0
f000
ff0f
0ff0
0ff0
ffff
ff0f
0ff0
0ff0
f000
00ff
0fff
fff0
ffff
ffff
0fff
fff0
ffff
ffff
0fff
fff0
f000
000f
0ff0
0ff0
ffff
ff0f
0fff
0ff0
ffff
000f
0ff0
0ff0
ffff
ffff
0ff0
fff0
f000
000f
0ff0
fff0
ffff
ffff
0fff
0000
0000
0000
0000
0000
0000
0000
0000
fff0
ffff
ffff
0fff
0ff0
f000
00ff
0fff
fff0
f0ff
ff0f
0ff0
0ff0
f000
ff0f
0ff0
0ff0
ffff
ff0f
0ff0
0ff0
f000
00ff
0fff
fff0
ffff
ffff
0fff
fff0
ffff
ffff
0fff
fff0
f000
00ff
0fff
0ff0
ffff
ff0f
0fff
0ff0
ffff
000f
0fff
0ff0
ffff
ff0f
0ff0
fff0
f000
00ff
0fff
fff0
ffff
ffff
0fff
0000
0000
0000
0000
0000
0000
0000
0000
fff0
ffff
ffff
0fff
0ff0
f000
00ff
0fff
fff0
f0ff
ff0f
0ff0
0ff0
f000
ff0f
0ff0
0ff0
ffff
ff0f
0ff0
0ff0
f000
00ff
0fff
fff0
ffff
ffff
0fff
fff0
ffff
ffff
0fff
fff0
f000
000f
0ff0
0ff0
ffff
ffff
0ff0
0ff0
ffff
0fff
0fff
0ff0
ffff
f0ff
0fff
fff0
f000
f0ff
0fff
fff0
ffff
ffff
0fff
0000
0000
0000
0000
0000
0000
0000
0000
fff0
ffff
ffff
0fff
0ff0
f000
00ff
0fff
fff0
f0ff
ff0f
0ff0
0ff0
f000
ff0f
0ff0
0ff0
ffff
ff0f
0ff0
0ff0
f000
00ff
0fff
fff0
ffff
ffff
0fff
fff0
ffff
ffff
0fff
fff0
f000
00ff
0fff
0ff0
ffff
ff0f
0ff0
0ff0
ffff
00ff
0fff
0ff0
ffff
ff0f
0ff0
fff0
f000
00ff
0fff
fff0
ffff
ffff
0fff
0000
0000
0000
0000
0000
0000
0000
0000
fff0
ffff
ffff
0fff
0ff0
f000
00ff
0fff
fff0
f0ff
ff0f
0ff0
0ff0
f000
ff0f
0ff0
0ff0
ffff
ff0f
0ff0
0ff0
f000
00ff
0fff
fff0
ffff
ffff
0fff
fff0
ffff
ffff
0fff
fff0
f000
00ff
0fff
0ff0
ffff
ff0f
0ff0
0ff0
ffff
00ff
0ff0
0ff0
ffff
ffff
0ff0
fff0
f000
00ff
0fff
fff0
ffff
ffff
0fff
0000
0000
0000
0000
0000
0000
0000
0000
fff0
ffff
ffff
0fff
0ff0
f000
00ff
0fff
fff0
f0ff
ff0f
0ff0
0ff0
f000
ff0f
0ff0
0ff0
ffff
ff0f
0ff0
0ff0
f000
00ff
0fff
fff0
ffff
ffff
0fff
fff0
ffff
ffff
0fff
fff0
f000
000f
0ff0
0ff0
ffff
ff0f
0ff0
0ff0
ffff
000f
0ff0
0ff0
ffff
ff0f
0ff0
fff0
f000
ff0f
0ff0
fff0
ffff
ffff
0fff
0000
0000
0000
0000
0000
0000
0000
0000
fff0
ffff
ffff
0fff
0ff0
f000
00ff
0fff
fff0
f0ff
ff0f
0ff0
0ff0
f000
ff0f
0ff0
0ff0
ffff
ff0f
0ff0
0ff0
f000
00ff
0fff
fff0
ffff
ffff
0fff
fff0
ffff
ffff
0fff
fff0
f000
000f
0fff
0ff0
ffff
ff0f
0ff0
0ff0
ffff
000f
0fff
0ff0
ffff
ff0f
0ff0
fff0
f000
000f
0fff
fff0
ffff
ffff
0fff
0000
0000
0000
0000
0000
0000
0000
0000
fff0
ffff
ffff
0fff
0ff0
f000
00ff
0fff
fff0
f0ff
ff0f
0ff0
0ff0
f000
ff0f
0ff0
0ff0
ffff
ff0f
0ff0
0ff0
f000
00ff
0fff
fff0
ffff
ffff
0fff
fff0
ffff
ffff
0fff
fff0
f000
00ff
0ff0
0ff0
ffff
ff0f
0fff
0ff0
ffff
ff0f
0fff
0ff0
ffff
ff0f
0fff
fff0
f000
00ff
0ff0
fff0
ffff
ffff
0fff
0000
0000
0000
0000
0000
0000
0000
0000
fff0
ffff
ffff
0fff
0ff0
f000
00ff
0fff
fff0
f0ff
ff0f
0ff0
0ff0
f000
ff0f
0ff0
0ff0
ffff
ff0f
0ff0
0ff0
f000
00ff
0fff
fff0
ffff
ffff
0fff
fff0
ffff
ffff
0fff
fff0
f000
000f
0fff
0ff0
ffff
ff0f
0ff0
0ff0
ffff
ff0f
0ff0
0ff0
ffff
ff0f
0ff0
fff0
f000
000f
0fff
fff0
ffff
ffff
0fff
0000
0000
0000
0000
0000
0000
0000
0000
fff0
ffff
ffff
0fff
0ff0
f000
00ff
0fff
fff0
f0ff
ff0f
0ff0
0ff0
f000
ff0f
0ff0
0ff0
ffff
ff0f
0ff0
0ff0
f000
00ff
0fff
fff0
ffff
ffff
0fff
fff0
ffff
ffff
0fff
fff0
f000
000f
0ff0
0ff0
ffff
ff0f
0fff
0ff0
ffff
000f
0fff
0ff0
ffff
ff0f
0fff
fff0
f000
000f
0ff0
fff0
ffff
ffff
0fff
0000
0000
0000
0000
0000
0000
0000
0000
fff0
ffff
ffff
0fff
0ff0
f000
00ff
0fff
fff0
f0ff
ff0f
0ff0
0ff0
f000
ff0f
0ff0
0ff0
ffff
ff0f
0ff0
0ff0
f000
00ff
0fff
fff0
ffff
ffff
0fff
fff0
ffff
ffff
0fff
fff0
f000
000f
0ff0
0ff0
ffff
ff0f
0fff
0ff0
ffff
000f
0fff
0ff0
ffff
ff0f
0fff
fff0
f000
ff0f
0fff
fff0
ffff
ffff
0fff
0000
0000
0000
0000
0000
0000
5100
0001
fe90
002b
ba00
0000
3371
008f
2e50
0000
dc81
008f
07e1
0000
34f6
008f
00ca
0000
aec2
507c
002f
0000
0000
e100
0007
0000
0000
c900
e800
019e
0000
3f40
7f50
04e4
0000
08d1
0f80
0000
0000
00c9
5f60
04c2
4000
003f
fa00
01cf
0000
0000
1000
0001
0000
0000
0000
0000
0000
0000
0000
0000
0000
0000
0000
0000
0000
0000
4100
0000
fe90
002b
8a00
0000
3371
008f
1d50
0000
dc81
008f
04e1
0000
34f6
008f
00aa
0000
aec2
507c
001e
0000
0000
e100
0005
0000
0000
ba00
fb10
005e
0000
2e50
5f70
0014
0000
07d1
fd20
008e
0000
00c9
2620
00eb
4000
003f
fd30
005d
0000
0000
0000
0000
0000
0000
0000
0000
0000
0000
0000
0000
0000
0000
0000
0000
0000
0000
0000
0000
0000
0000
0000
0000
0000
0000
0000
0000
0000
0000
0000
0000
f000
0fff
0000
0000
ff00
f000
0000
0000
f0f0
0000
0000
0000
f0f0
0000
0000
0000
f0f0
0000
0000
0000
f0f0
0000
0000
0000
f0f0
0000
0000
0000
f0f0
0000
0000
0000
ff00
f000
0000
0000
f000
0fff
0000
0000
0000
0000
0000
0000
0000
0000
0000
0000
0000
0000
0000
0000
fc20
001b
fc60
06df
8dd0
00be
eff9
9ffe
05f1
40f6
05ef
fe40
4ae0
a0cc
007f
b500
fd30
d02d
002f
0000
1000
e000
000f
0000
0000
d000
002f
0000
0000
a000
006f
c600
0000
4000
04ef
fe30
0000
0000
eff8
8ffe
0000
0000
eb50
05ce
0000
0000
0000
0000
0000
0000
0000
0000
0000
0000
0000
0000
0000
0000
0000
0000
0000
0000
0000
0000
0000
0000
0000
0000
0000
0000
0000
0000
0000
0000
0000
0000
f000
0000
0000
0000
f000
0000
0000
0000
ff00
00ff
0000
0000
f0f0
0000
0000
0000
f0f0
0000
0000
0000
f0f0
0000
0000
0000
f0f0
0000
0000
0000
ff00
00ff
0000
0000
f000
0000
0000
0000
f000
0fff
0000
0000
0000
0000
0000
0000
0000
0000
0000
0000
1100
0000
2300
0000
ffa0
001c
2e30
0000
25f6
004c
07c0
0000
00f8
0000
00c7
0000
47f5
206e
003e
0000
ee80
c01a
0008
0000
0000
d700
0001
0000
0000
4e20
fc30
003c
0000
09b0
4dc0
00cd
0000
01e6
09f0
00fa
2000
005e
2dc0
00cd
b000
000b
fd30
003d
6100
0002
1000
0000
0000
0000
0000
0000
0000
0000
0000
0000
0000
0000
0000
0000
1100
0000
0000
0000
ffa0
001b
2d40
0000
34f6
003c
08d1
0000
00f9
0000
00c9
0000
57f6
404e
003f
0000
ee80
d109
0007
0000
0000
c900
0000
0000
0000
2e40
0530
0350
0000
07e1
0f80
08f0
0000
00ba
0f80
08f0
5000
002e
5f80
08f5
e100
0006
fc20
08d9
0000
0000
0000
0000
0000
0000
0000
0000
0000
0000
0000
0000
0000
0000
0000
0000
0000
0000
0000
0000
0000
0000
0000
0000
0000
0000
0000
0000
0000
0000
0000
0000
ff00
0fff
0000
0000
00f0
0f00
0000
0000
00f0
0000
0000
0000
00f0
0000
0000
0000
ff00
000f
0000
0000
00f0
0000
0000
0000
00f0
0000
0000
0000
00f0
0f00
0000
0000
00f0
0f00
0000
0000
ff00
00ff
0000
0000
0000
0000
0000
0000
0000
0000
0000
0000
0000
0000
0000
0000
0000
0000
0000
0000
0000
0000
0000
0000
0000
0000
0000
0000
fff0
00ff
0000
0000
00f0
0f00
0000
0000
0000
0f00
0000
0000
f000
0f00
0000
0000
f000
0fff
0000
0000
f000
0f00
0000
0000
0000
0f00
0000
0000
0000
0f00
0000
0000
00f0
0f00
0000
0000
ff00
00ff
0000
0000
0000
0000
0000
0000
0000
0000
0000
0000
1000
0000
0000
0000
fd20
001c
ffff
0fff
5bd0
00bc
aaff
09aa
04f1
00f6
00ef
0000
5bd0
00cc
00ef
0000
fd30
002d
00ef
0000
1000
0000
ffff
08ff
0000
0000
99ff
0599
0000
0000
00ef
0000
0000
0000
00ef
0000
0000
0000
00ef
0000
0000
0000
00de
0000
0000
0000
0000
0000
0000
0000
0000
0000
0000
0000
0000
0000
0000
0000
0000
0000
0000
0000
0000
0000
0000
0000
0000
0000
0000
0000
0000
0000
0000
0000
0000
0000
0000
0000
0000
0000
0000
0000
0000
0000
0000
ff00
ff0f
0000
0000
0ff0
0ff0
0000
f000
00ff
00ff
0000
0000
f0ff
00ff
0000
0000
0ff0
00ff
0000
0000
0000
0fff
0000
0000
ff00
000f
0000
0000
f0ff
000f
0000
f000
f000
0000
0000
0000
0fff
0000
0000
0000
0000
0000
0000
0000
0000
0000
0000
0000
0000
0000
0000
0000
0000
0000
0000
f000
0f0f
ff00
0000
0f00
0ff0
0ff0
000f
0f00
0fff
0ff0
000f
f000
0ff0
fff0
0000
0000
fff0
0fff
0000
0000
0fff
0ff0
0000
f000
0ff0
0ff0
0000
0f00
0ff0
0ff0
0000
0f00
00f0
0ff0
000f
f000
000f
ff00
0000
0000
0000
0000
0000
0000
0000
0000
0000
0000
0000
0000
0000
0000
0000
0000
0000
f000
000f
0000
0000
ff0f
0ff0
0000
0000
0ff0
0000
0000
0000
0ff0
000f
0000
0000
fff0
00f0
0000
0000
ff00
0ff0
0000
0000
0ff0
0ff0
0000
0000
0ff0
0ff0
0000
0000
0ff0
0ff0
0000
0000
0ff0
0ff0
0000
0000
0fff
0ff0
0000
0000
0000
0ff0
0000
0000
ff00
00f0
0000
0000
0000
000f
0000
0000
0000
0000
0000
0000
0000
0000
0000
0000
0000
0000
0000
0000
0000
0000
0000
0000
fff0
f000
0000
0000
f0f0
f000
0000
0000
f0f0
f000
0000
0000
f0f0
f000
0000
0000
f0f0
ffff
0000
0000
f0f0
f000
0000
0000
f0f0
f000
0000
0000
f0f0
f000
0000
0000
f0f0
f000
0000
0000
fff0
f000
0000
0000
0000
0000
0000
0000
0000
0000
0000
0000
0000
0000
0000
0000
0000
0000
0000
0000
0000
0000
0000
0000
0000
00f0
0000
0000
0000
000f
0000
0000
0000
000f
0000
0000
0000
0fff
0000
0000
f000
f00f
0000
0000
f000
f000
0000
0000
f000
f000
0000
0000
0f00
0f00
0000
0000
0f00
0f00
0000
0000
0f00
0f00
0000
0000
00f0
00f0
0000
0000
0000
0000
0000
0000
0000
0000
0000
0000
0000
0000
0000
0000
0000
0000
0000
0000
0000
0000
0000
0000
0000
f0f0
0000
0000
0000
0fff
0000
0000
ff00
000f
0000
0000
00f0
0fff
0000
0000
f000
f00f
0000
0000
f000
f000
0000
0000
f000
f000
0000
0000
0f00
0f00
0000
0000
0f00
0f00
0000
0000
0f00
0f00
0000
0000
00f0
00f0
0000
0000
0000
0000
0000
0000
0000
0000
0000
0000
0000
0000
0000
0000
0000
0000
0000
0000
0000
0000
0000
0000
0000
0000
0000
00f0
0000
0000
fff0
000f
0000
0000
f00f
0000
0000
f000
ff00
0000
0000
f000
0f00
000f
0000
0000
ffff
0000
0000
0000
00f0
0000
0000
0000
00ff
0000
0000
0000
000f
0000
0000
f00f
000f
0000
f000
f000
0000
0000
f000
0f00
0000
0000
0000
00ff
0000
0000
0000
0000
0000
0000
0000
0000
0000
0000
0000
0000
0000
0000
0000
0000
0000
0000
ff00
f00f
0000
0000
fff0
ffff
0000
0000
00ff
0ff0
0000
0000
000f
0000
0000
0000
0ff0
0ff0
0000
0000
0000
000f
0000
0000
0ff0
00ff
0000
0000
0f0f
0ff0
0000
0000
0ff0
0ff0
0000
0000
ff00
00ff
0000
0000
0000
0000
0000
0000
0000
0000
0000
0000
0000
0000
0000
0000
0000
0000
0000
0000
0000
0000
0000
0000
0000
0ff0
f000
000f
0000
f00f
ff00
00f0
0000
000f
0ff0
00f0
0000
00f0
0ff0
000f
0000
ff00
ffff
0000
0000
0000
00ff
0000
0000
0000
00ff
0000
f000
f0ff
000f
000f
0f00
ff00
0000
000f
0f00
0ff0
f00f
0000
f000
00ff
0ff0
0000
0000
0000
0000
0000
0000
0000
0000
0000
0000
0000
0000
0000
b200
03de
0000
0000
fa00
0dfb
0000
0000
ee00
1fb0
0000
0000
df00
0fc0
0000
0000
df00
0cf1
0000
0000
ef00
05fa
0000
0000
ff31
006f
0000
0000
ffe6
0002
0000
0000
ee00
0000
0000
0000
fa00
018b
0000
0000
a200
01fe
0000
0000
0000
0000
0000
0000
0000
0000
0000
0000
0000
0000
0000
0000
0000
0000
0000
0000
0000
0000
0000
0000
0000
0000
0000
0000
0000
0000
0000
0000
0000
0000
0000
0000
00f0
000f
0000
0000
00f0
000f
0000
0000
ffff
0fff
0000
0000
00f0
000f
0000
0000
00f0
0f0f
0000
0000
00f0
f0ff
0000
0000
00f0
f00f
0000
0000
00f0
f00f
0000
0000
00f0
f00f
0000
0000
ff00
0ff0
0000
0000
0000
0000
0000
0000
0000
0000
0000
0000
0000
0000
0000
0000
0000
0000
0000
0000
0000
0000
0000
0000
0000
0000
0000
0000
fff0
f000
0000
0000
f0f0
f000
0000
0000
f0f0
f00f
0000
0000
f0f0
f00f
0000
0000
f0f0
f0f0
0000
0000
f0f0
f0f0
0000
0000
f0f0
ff00
0000
0000
f0f0
ff00
0000
0000
f0f0
f000
0000
0000
fff0
f000
0000
0000
0000
0000
0000
0000
0000
0000
0000
0000
0000
0000
0000
0000
2ff0
e000
b20f
02bf
9ff0
e000
fb0f
0bba
fff0
e002
ff0f
0e10
fff0
e009
ef0f
0f00
8ef0
e02f
fd0f
0d65
1ef0
e09e
f50f
05ff
0ef0
e2f6
420f
0247
0ef0
e9c0
ff0f
0fff
0ef0
ff40
550f
0555
0ef0
fa00
000f
0000
0ef0
f200
000f
0000
0000
0000
0000
0000
0000
0000
0000
0000
0000
0000
0000
0000
0000
0000
0000
0000
0000
0000
0000
0000
0000
eec6
006c
0000
b100
aadf
1bfd
0000
f900
1118
9f80
0000
af30
ffd0
fa0b
0002
2f70
2ad0
f25f
0007
0f80
4ad0
f05f
0008
2f70
ffd0
f20a
0007
af30
0ad0
fa00
0002
f900
0698
9f80
0000
b100
99df
1bfd
0000
0000
eec6
006c
0000
0000
0000
0000
0000
0000
0000
0000
0000
0000
0000
0000
0000
0000
0000
0000
0000
0000
0000
0000
0000
0000
0000
0000
0000
0000
0000
0000
0000
0000
0000
0000
0000
0000
0000
0000
0000
0000
0000
0000
0000
0f00
0000
0000
0000
00f0
00ff
0000
0000
f0f0
0f00
0000
0000
0f00
0f00
0000
0000
0f00
0f00
0000
0000
0f00
0f0f
0000
0000
f0f0
00f0
0000
0000
f0f0
0000
0000
0000
f0f0
0000
0000
0000
0f00
0000
0000
0000
0000
0000
0000
0000
0000
0000
0000
0000
0000
0000
0000
0000
0000
0000
0000
0000
fff0
00ff
0000
0000
f0f0
0f00
0000
0000
f0f0
0f00
0000
0000
f0f0
0f00
0000
0000
f0f0
0f00
0000
0000
f0f0
00ff
0000
0000
f0f0
0000
0000
0000
f0f0
0000
0000
0000
f0f0
0000
0000
0000
fff0
0000
0000
0000
0000
0000
0000
0000
0000
0000
0000
0000
0000
0000
0000
0000
0000
0000
0000
0000
0000
0000
0000
0000
0000
0000
0000
0000
f000
00ff
0000
0000
ff00
0f00
0000
0000
f0f0
f000
0000
0000
f0f0
f000
0000
0000
f0f0
f000
0000
0000
f0f0
f000
0000
0000
f0f0
f000
0000
0000
f0f0
f000
0000
0000
ff00
0ff0
0000
0000
f000
0fff
0000
0000
0000
f000
0000
0000
0000
0000
0000
0000
0000
0000
0000
0000
0000
0000
0000
0000
0000
0000
0000
0000
0000
0000
0000
0000
0000
fff0
fff0
0000
f000
000f
0fff
000f
0f00
0000
00ff
00f0
0f00
00f0
00ff
00f0
f000
000f
00ff
000f
0000
0000
ffff
0000
0000
f000
0f0f
0000
ff00
f000
0f0f
0f00
0f00
ff00
0f00
00f0
f000
0fff
f000
000f
0000
0000
0000
0000
0000
0000
0000
0000
0000
0000
0000
0000
0000
0000
0000
0000
0000
0000
0000
0000
0000
0000
0000
0000
00f0
00f0
0000
0000
0ff0
0fff
0000
0000
ff0f
0f00
0000
0000
ff00
ff00
0000
0000
ff00
0ff0
0000
0000
ff00
00ff
0000
0000
ff00
0ff0
0000
0000
ff00
0ff0
0000
0000
0f0f
0f00
0000
0000
00ff
ff00
0000
0000
0000
0000
0000
0000
0000
0000
0000
0000
0000
0000
0000
0000
0000
0000
0000
0000
0000
0000
0000
0000
0000
0000
0000
0000
fff0
0fff
0000
0000
f0f0
f000
0000
0000
f0f0
f000
0000
0000
f0f0
f000
0000
0000
f0f0
f000
0000
0000
f0f0
0fff
0000
0000
f0f0
000f
0000
0000
f0f0
00f0
0000
0000
f0f0
0f00
0000
0000
fff0
f000
0000
0000
0000
0000
0000
0000
0000
0000
0000
0000
0000
0000
0000
0000
fff1
5cef
0000
0000
aff1
feaa
0006
0000
0ff1
f500
000c
0000
0ff1
f100
000e
0000
0ff1
f600
000c
0000
cff1
ffcc
0004
0000
dff1
5ffd
00b8
0000
0ff1
fe10
004f
0000
0ff1
f600
000f
0000
0ff1
fc00
005f
0000
0ff1
2e80
02ec
0000
0000
0000
0000
0000
0000
0000
0000
0000
0000
0000
0000
0000
0000
0000
0000
0000
1000
0135
0000
0000
0000
0a96
0000
0000
6660
1d66
0000
0000
eff0
cfff
0003
0000
2fe0
f8c2
000b
0000
0fe0
f1b0
000f
0000
1fe0
f6a6
000c
0000
dfe0
dfff
0004
0000
9fe0
5fee
0000
0000
1fe0
cf5b
0000
0000
7fe0
fb06
0007
0000
bfe0
e202
002e
0000
d000
0000
0000
0000
a400
0000
0000
0000
4300
0000
0000
0000
0000
0000
0000
0000
0000
0000
0000
0000
9c80
40f4
000f
0000
56b0
a5f4
000f
0000
d550
aca5
000d
0000
bc90
5994
000d
0000
0000
0000
0000
0000
0000
0000
0000
0000
0000
0000
0000
0000
0000
0000
0000
0000
0000
0000
0000
0000
0000
0000
0000
0000
0000
0000
0000
0000
0000
0000
0000
0000
0000
0000
0000
0000
0000
0000
0000
0000
0000
0000
0000
0000
0000
0000
0000
0000
cfc2
5cd6
000c
0000
0d00
15f6
000d
0000
0d00
15f6
000d
0000
0d00
5ce6
07ce
0000
0000
0000
0000
0000
0000
0000
0000
0000
0000
0000
0000
0000
0000
0000
0000
0000
0000
0000
0000
0000
0000
0000
0000
0000
0000
0000
0000
0000
0000
0000
0000
0000
0000
0000
0000
0000
0000
0000
0000
0000
0000
0000
0000
0000
0000
0000
0000
0000
bfb2
33f1
000f
0000
0d00
88f0
000f
0000
0d00
bad0
000d
0000
0d00
66d0
000d
0000
0000
0000
0000
0000
0000
0000
0000
0000
0000
0000
0000
0000
0000
0000
0000
0000
0000
0000
0000
0000
0000
0000
0000
0000
0000
0000
0000
0000
0000
0000
0000
0000
0000
0000
0000
0000
0000
0000
0000
0000
0000
0000
0000
0000
0000
0000
0000
0000
0000
0000
0000
0000
ff00
0000
0000
0000
0000
00ff
0000
0000
000f
f0f0
0000
0000
000f
f00f
0000
0000
00f0
0f0f
0000
0000
f0f0
0f00
0000
0000
f0f0
00f0
0000
0000
0f00
00f0
0000
0000
0f00
000f
0000
0000
fff0
000f
0000
0000
f0f0
0000
0000
0000
000f
0000
0000
0000
0000
0000
0000
0000
0000
0000
0000
0000
0000
0000
0000
0000
0000
0000
0000
0000
0000
0000
0000
0000
0000
0000
0000
0000
fff0
0fff
0000
0000
0000
0f0f
0000
0000
0000
0f0f
0000
0000
f000
0f00
0000
0000
f000
00f0
0000
0000
0f00
00f0
0000
0000
0f00
000f
0000
0000
00f0
000f
0000
0000
f0f0
0000
0000
0000
fff0
0fff
0000
0000
0000
0000
0000
0000
0000
0000
0000
0000
0000
0000
0000
0000
0000
0000
0000
0000
0000
0000
0000
0000
0000
0000
0000
0000
ff00
00ff
0000
0000
0000
000f
0000
0000
f000
0000
0000
0000
ff00
0fff
0000
0000
0000
00f0
0000
0000
0000
000f
0000
0000
f000
000f
0000
0000
0000
00f0
0000
0000
0000
0f00
0000
0000
00f0
0f00
0000
0000
ff00
00ff
0000
0000
0000
0000
0000
0000
0000
0000
0000
0000
6000
ceec
0006
0000
f900
d88d
009f
0000
bf60
0000
06fb
0000
3fc0
0000
0cf3
0000
0fe0
0000
0ef0
0000
0fe0
0000
0ef0
0000
3fc0
0000
0cf3
0000
bf50
0000
05fb
0000
e700
d11d
007e
0000
9770
f22f
0779
0000
fff0
f22f
0fff
0000
0000
0000
0000
0000
0000
0000
0000
0000
0000
0000
0000
0000
0000
0000
0000
0000
0000
0000
0000
0000
0000
0000
0000
0000
0000
0000
0000
0000
0000
0000
0000
0000
fff0
fff0
0000
0000
f000
00f0
0000
0000
f000
00f0
0000
0000
0f00
0f00
0000
0000
00f0
f000
0000
0000
00f0
f000
0000
0000
00f0
f000
0000
0000
00f0
f000
0000
0000
00f0
f000
0000
0000
ff00
0fff
0000
0000
0000
0000
0000
0000
0000
0000
0000
0000
0000
0000
0000
0000
0000
0000
0000
0000
0000
0000
0000
0000
0000
0000
0000
0000
ff00
00ff
0000
0000
00f0
0ff0
0000
0000
00f0
0ff0
0000
0000
0000
0ff0
0000
0000
0000
000f
0000
0000
f000
0fff
0000
0000
0000
0f00
0000
0000
0000
0ff0
0000
0000
0ff0
0ff0
0000
0000
0f0f
0ff0
0000
0000
0ff0
0ff0
0000
0000
ff00
00ff
0000
0000
0000
0000
0000
0000
0000
0000
0000
0000
0000
0000
0000
0000
0000
0000
0000
0000
0000
0000
0000
0000
0000
0000
0000
0000
ff00
0000
0000
0000
0000
000f
0000
0000
0000
000f
0000
0000
0000
000f
0000
0000
0000
000f
0000
0000
0000
000f
0000
0000
0000
000f
0000
0000
0000
00ff
0000
0000
0000
0000
0000
0000
0000
0000
0000
0000
0000
0000
0000
0000
0ee1
a000
009e
0000
0ff1
fa00
000b
0000
0ff1
cf80
0001
0000
0ff1
1df6
0000
0000
4ff1
02ff
0000
0000
eff1
05ff
0000
0000
dff1
1ef6
0000
0000
3ff1
bf80
0000
0000
0ff1
fd00
0006
0000
0ff1
f300
002e
0000
0ff1
8000
00cf
0000
0000
0000
0000
0000
0000
0000
0000
0000
0000
0000
0000
0000
0000
0000
0000
0000
4000
07cc
0000
0000
d000
1f26
0000
0000
6000
089a
0000
0000
2000
03ba
0000
0000
9000
0cef
0000
0000
e100
3fac
0000
0000
f700
af57
0000
0000
ed00
fd01
0002
0000
cf50
fa33
0008
0000
efc0
feee
001e
0000
3df3
b333
007f
0000
07fa
3000
00df
0000
0144
0000
0144
0000
0000
0000
0000
0000
0000
0000
0000
0000
0000
0000
0000
0000
0000
0000
0000
0000
0000
0000
0000
0000
0000
0000
0000
0000
0000
fff0
ff00
0000
0000
f00f
00ff
000f
f000
0000
00ff
000f
f000
0f00
00ff
000f
0000
00ff
00ff
000f
0000
0000
ffff
0000
0000
f000
f00f
0000
f000
f000
000f
000f
0f00
ff00
0000
000f
0f00
0ff0
f00f
000f
f000
00ff
fff0
0000
0000
0000
0000
0000
0000
0000
0000
0000
0000
0000
0000
0000
0000
0000
0000
0000
0000
0000
0000
0000
0000
0000
0000
0000
f000
0ff0
0000
0000
0f00
00f0
0000
0000
0ff0
000f
0000
0000
0ff0
000f
0000
0000
0ff0
0ff0
0000
0000
0ff0
0ff0
0000
0000
0ff0
00f0
0000
0000
0ff0
000f
0000
0000
0f00
0f00
0000
0000
f000
00ff
0000
0000
0000
0000
0000
0000
0000
0000
0000
0000
0000
0000
0000
0000
0000
0000
0000
0000
0000
0000
0000
0000
0000
0000
0000
0000
8100
3bcc
0000
0000
3c00
e300
0002
0000
0f80
f000
0009
0000
cfc0
fccc
000c
0000
0fc0
0000
0000
0000
0f80
0000
0000
0000
4d10
5100
0000
0000
9100
4abc
0000
0000
0000
0000
0000
0000
0000
0000
0000
0000
0000
0000
0000
0000
0000
0000
0000
0000
0000
0000
0000
0000
0000
0000
0000
0000
0000
0000
0000
0000
0000
0000
0000
0000
0000
0000
0000
0000
0000
0000
0000
0000
0000
00ff
0000
0000
f000
0f00
0000
0000
ff00
0f00
0000
0000
0ff0
00f0
0000
0000
fff0
000f
0000
0000
0ff0
f000
0000
0000
0ff0
0ff0
0000
0000
ff00
000f
0000
0000
0000
0000
0000
0000
0000
0000
0000
0000
0000
0000
0000
0000
0000
0000
0000
0000
0000
0000
0000
0000
0000
0000
0ff0
0000
0000
00ff
f00f
0000
f000
f000
f00f
0000
f000
f000
0fff
0000
0000
ffff
000f
0000
0000
ff00
00ff
0000
0000
0ff0
0000
0000
0000
00ff
00ff
0000
0000
f0ff
0f00
0000
0000
00f0
0f00
0000
0000
ff00
00ff
0000
0000
0000
0000
0000
0000
0000
0000
0000
0000
0000
0000
0000
0000
0000
0000
0000
0000
0000
0000
0000
0000
0fff
f000
00ff
f000
f000
0fff
0000
f000
0000
00ff
0000
0000
00ff
00ff
0000
0000
0000
00ff
0000
0000
f000
ffff
0000
0000
0000
00ff
000f
f000
f00f
000f
0000
0f00
f000
000f
0000
0f00
ff00
0000
0000
f000
0fff
0000
0000
0000
0000
0000
0000
0000
0000
0000
0000
0000
0000
0000
0000
0000
de00
0000
0000
0000
ff00
0000
0000
0000
ff00
0000
0000
0000
ff00
0000
0000
9950
ff99
0000
0000
ff80
ffff
0000
0000
0000
ff00
0000
0000
0000
ff00
0000
0000
0000
ff00
0000
0000
aaa0
ffaa
0000
0000
fff0
ffff
0000
0000
0000
0000
0000
0000
0000
0000
0000
0000
0000
0000
0000
0000
0000
0000
0000
0000
0000
0000
0000
0000
0000
0000
0000
0000
0000
0000
0000
0000
0000
f000
00ff
0fff
0000
0f00
f0ff
0ff0
0000
0f00
f0ff
0ff0
0000
0ff0
f00f
00f0
0000
f0f0
0f0f
00ff
0000
f0ff
0f0f
00ff
0000
f00f
00f0
000f
f000
ff0f
f0f0
000f
f000
ff00
f0f0
f00f
0f0f
ff00
f00f
0f0f
00ff
f000
000f
00ff
0000
0000
0000
0000
0000
0000
0000
0000
0000
0000
0000
0000
0000
0000
0000
0000
0000
0000
0000
0000
0000
0000
0000
0000
0000
0000
0000
0000
0000
0000
0000
0000
0000
0000
fff0
0000
0000
0000
0f0f
000f
0000
f000
0f0f
000f
0000
ff00
f000
000f
0000
ffff
f000
0ff0
0000
ff00
f000
0000
0000
ff00
0f00
0000
0000
f000
00ff
0000
0000
0000
0000
0000
0000
0000
0000
0000
0000
0000
0000
0000
0000
0000
0000
0000
0000
0000
0000
0000
0000
0000
0000
0000
0000
0000
0000
0000
0000
0000
0000
0000
00f0
00f0
0000
0000
00f0
0ff0
0000
0000
0f00
0f00
0000
0000
f000
00f0
0000
0000
0f00
000f
0000
0000
0ff0
00f0
0000
0000
fff0
0f00
0000
0000
0ff0
0f00
0000
0000
0000
0000
0000
0000
0000
0000
0000
0000
0000
0000
0000
0000
0000
0000
0000
0000
0000
0000
0000
0000
0000
0000
0000
0000
0000
0000
0000
0000
f000
0000
0000
0000
ff00
0fff
0000
0000
0000
0f00
0000
0000
0000
0f00
0000
0000
0000
0f00
0000
0000
0000
0f00
0000
0000
0000
0f00
0000
0000
ff00
ffff
0000
0000
fff0
0fff
0000
0000
0000
0000
0000
0000
0000
0000
0000
0000
0000
0000
0000
0000
0000
0000
0000
0000
0000
0000
0000
0000
0000
0000
0000
0000
0000
0000
0000
0000
00f0
0000
0000
0000
ff00
00ff
0000
0000
f000
0fff
0000
0000
0000
0f00
0000
0000
0000
0f00
0000
0000
0000
0f00
0000
0000
0000
0fff
0000
0000
ff00
0f00
0000
0000
ff00
0f00
0000
0000
0000
0000
0000
0000
0000
0000
0000
0000
0000
0000
0000
0000
0000
0000
0000
0000
0000
0000
0000
0000
0000
0000
0000
0000
0000
0000
0000
0000
00f0
0000
0000
0000
ff00
0fff
0000
0000
f000
ffff
0000
0000
0000
0f00
0000
0000
0000
0f00
0000
0000
0000
0f00
0000
0000
0000
0f00
0000
0000
0000
ff00
0000
0000
0000
0f00
0000
0000
0000
0000
0000
0000
0000
0000
0000
0000
0000
0000
0000
0000
0000
0000
0000
0000
0000
0000
0000
0000
0000
0000
0000
0000
f000
000f
0000
0000
f000
000f
0000
0000
0000
0000
0000
0000
ff00
000f
0000
0000
f000
000f
0000
0000
f000
000f
0000
0000
f000
000f
0000
0000
f000
000f
0000
0000
fff0
0fff
0000
0000
0000
0000
0000
0000
0000
0000
0000
0000
0000
0000
0000
0000
0000
0000
0000
0000
0000
0000
0000
0000
0000
0000
0000
0000
0000
0000
0000
0000
0000
0000
0000
0000
0000
0000
0000
0000
0000
0000
0000
0000
0000
0000
0000
000f
f000
ffff
0fff
000f
0f00
0000
ff00
0000
0f00
0000
f0f0
0000
0f00
0000
f0f0
0000
0f00
0000
ff00
0000
f000
ffff
0fff
0000
0000
0000
0000
0000
0000
0000
0000
0000
0000
0000
0000
0000
5be0
9097
0685
0000
02d0
11ba
00cf
0000
48e0
18ef
00cf
0000
70d0
ac45
0785
0000
0000
0000
0000
0000
0000
0000
0000
0000
0000
0000
0000
0000
0000
0000
0000
0000
0000
0000
0000
0000
0000
0000
0000
0000
0000
0000
0000
0000
0000
0000
0000
0000
0000
0000
0000
0000
0000
0000
0000
0000
0000
0000
0000
0000
0000
0000
0000
0000
0000
0000
0000
0000
0000
0000
0000
0000
0000
0000
0000
0000
0000
0000
0000
0000
0000
0000
0000
0000
f000
ffff
ffff
000f
0000
0f0f
f0f0
0000
0000
0f0f
f0f0
0000
0000
0f0f
f0f0
0000
0000
0f0f
f0f0
0000
0000
0f0f
00f0
000f
0000
0f0f
0f00
00f0
0000
0fff
f000
00ff
0000
0000
0000
0000
0000
0000
0000
0000
0000
0000
0000
0000
0000
0000
0000
0000
0000
0000
0000
0000
0000
0000
0000
0000
0000
0000
0000
0000
0000
0000
0000
0000
0000
00ff
ff00
000f
f000
0f00
0f00
000f
0000
f00f
0f00
000f
0000
f00f
f0f0
0000
0000
f0f0
0f0f
0000
0000
00f0
00f0
0000
0000
000f
000f
0000
0000
f00f
0000
0000
f000
0f00
0000
0000
f000
00ff
0000
0000
0000
0000
0000
0000
0000
0000
0000
0000
0000
0000
0000
0000
0000
0000
0000
0000
fff0
ffff
0000
0000
f0f0
f0f0
0000
0000
f0f0
ff00
0000
0000
f0f0
f000
0000
0000
f0f0
0000
0000
0000
f0f0
0000
0000
0000
f0f0
0000
0000
0000
f0f0
0000
0000
0000
f0f0
0000
0000
0000
fff0
0000
0000
0000
0000
0000
0000
0000
0000
0000
0000
0000
0000
0000
0000
0000
0000
0000
0000
0000
0000
0000
0000
0000
0000
0000
0000
0000
ff00
ffff
ffff
000f
f000
00f0
f0f0
0000
f000
00f0
f0f0
0000
f000
00f0
f0f0
0000
f000
00f0
f0f0
0000
f000
00f0
f0f0
0000
f000
00f0
f0f0
0000
f000
00f0
f0f0
0000
f000
00f0
f0f0
0000
f000
00ff
fff0
0000
0000
0000
0000
0000
0000
0000
0000
0000
0000
0000
0000
0000
0000
0000
0000
0000
0000
0000
0000
0000
0000
0000
0000
0000
f000
ffff
ffff
000f
f000
0f00
0f00
000f
0000
f00f
f000
000f
0000
00f0
000f
000f
0000
0f00
00f0
0000
0000
0f00
00f0
0000
0000
00f0
000f
0000
0000
f00f
0000
000f
f000
0f00
f000
000f
f000
00f0
0f00
000f
f000
ffff
ffff
000f
0000
0000
0000
0000
0000
0000
0000
0000
0000
0000
0000
0000
0000
0000
0000
0000
0000
0000
0000
0000
f0f0
00ff
0000
0000
0ff0
0f00
0000
0000
00f0
0f00
0000
0000
00f0
0f00
0000
0000
fff0
0f00
0000
0000
0000
0f00
0000
0000
0000
0f00
0000
0000
0000
0f00
0000
0000
00f0
0f00
0000
0000
ff00
00ff
0000
0000
0000
0000
0000
0000
0000
0000
0000
0000
0000
0000
0000
0000
0000
0000
0000
0000
0000
0000
0000
0000
0000
0000
0000
0000
fff0
0fff
0000
0000
0000
0f00
0000
0000
0000
0f00
0000
0000
0000
0f00
0000
0000
0000
0f00
0000
0000
0000
0f00
0000
0000
0000
0f00
0000
0000
0000
0f00
0000
0000
0000
0f00
0000
0000
0000
0f00
0000
0000
0000
0000
0000
0000
0000
0000
0000
0000
0000
0000
0000
0000
0000
0000
0000
0000
0000
0000
0000
0000
0000
0000
0000
0000
0000
0f00
0000
0000
0000
0f00
0000
0000
0000
0f00
0000
0000
0000
0f00
0000
0000
0000
0f00
0000
0000
0000
0f00
0000
0000
0000
0f00
0000
0000
0000
0f00
0000
0000
0000
0f00
0000
0000
fff0
0fff
0000
0000
0000
0000
0000
0000
0000
0000
0000
0000
0000
0000
0000
0000
0000
0000
0000
0000
0000
0000
0000
0000
0000
0000
0000
0000
0000
000f
0000
0000
0000
000f
0000
0000
0000
000f
0000
0000
0000
000f
0000
0000
0000
000f
0000
0000
f000
00f0
0000
0000
0f00
0f00
0000
0000
0f00
0f00
0000
0000
00f0
f000
0000
0000
00f0
f000
0000
0000
0000
0000
0000
0000
0000
0000
0000
0000
0000
0000
0000
0000
0000
0000
0000
0000
0000
0000
0000
0000
0000
0000
0000
0000
0000
fff0
0fff
0000
0000
f0f0
ff00
0000
0000
f0f0
0f00
000f
0000
f00f
0f00
000f
0000
0f0f
0f00
000f
0000
0f0f
00f0
000f
f000
0f00
f0f0
0000
f000
00f0
f0f0
0000
f000
00f0
0ff0
0000
f000
ffff
00ff
0000
0000
0000
0000
0000
0000
0000
0000
0000
0000
0000
0000
0000
0000
0000
0000
0000
0000
0000
0000
0000
0000
0000
0000
0000
0000
0000
ff00
000f
0000
0000
0f00
000f
0000
0000
0f00
000f
0000
0000
00f0
000f
0000
fff0
f0ff
0000
0000
0f0f
f0f0
0000
f000
0f00
f00f
0000
f000
00f0
0f0f
0000
f000
00f0
0f0f
0000
0000
ffff
0fff
0000
0000
0000
0000
0000
0000
0000
0000
0000
0000
0000
0000
0000
0000
0000
0000
0000
0000
0000
0000
0000
0000
0000
0000
0000
0000
0000
0000
0000
0000
0000
0000
0000
0000
ff00
0fff
0000
0000
f0f0
f000
0000
0000
f00f
f000
0000
f000
ff00
ffff
0000
f000
00f0
0000
0000
f000
00f0
0000
0000
f000
00f0
0f00
0000
0000
ffff
00ff
0000
0000
0000
0000
0000
0000
0000
0000
0000
0000
0000
0000
0000
0000
0000
0000
0000
0000
0000
0000
0000
0000
0000
0f00
0000
0000
0000
00f0
0000
0000
0000
0000
0000
0000
0000
0fff
0000
0000
f000
00f0
0000
0000
f000
00f0
0000
0000
f000
00f0
0000
0000
0f00
000f
0000
0000
0f00
000f
0000
0000
0f00
000f
0000
0000
ffff
0fff
0000
0000
0000
0000
0000
0000
0000
0000
0000
0000
0000
0000
0000
0000
0000
0000
0000
0000
0000
0000
0000
0000
0000
0000
000f
0000
0000
f000
0000
0000
0000
0000
0000
0000
0000
ff00
000f
0000
0000
f0f0
0000
0000
0000
f0f0
0000
0000
0000
f0f0
0000
0000
0000
0f0f
0000
0000
0000
0f0f
0000
0000
0000
0f0f
0000
0000
0000
0f0f
0000
0000
000f
00ff
0000
0000
fff0
0000
0000
0000
0000
0000
0000
0000
0000
0000
0000
f000
0000
0000
0000
f000
0000
0000
0000
fff0
00ff
0000
0000
f0f0
0f00
0000
0000
f0f0
0f00
0000
0000
f0f0
0f00
0000
0000
f0f0
0f00
0000
0000
f0f0
00ff
0000
0000
f000
0000
0000
0000
f000
0000
0000
0000
f000
0000
0000
0000
f000
0fff
0000
0000
0000
0000
0000
0000
0000
0000
0000
0000
0000
0000
0000
0000
0000
0000
0000
0000
0000
0000
0000
0000
0000
0000
0000
0000
00f0
0fff
0000
0000
ff00
f000
0000
0000
0f00
f000
0000
0000
f0f0
f000
0000
0000
00f0
0f0f
0000
0000
0000
00ff
0000
0000
f000
00f0
0000
0000
0f00
0f00
0000
0000
0f00
0f00
0000
0000
f000
00ff
0000
0000
0000
0000
0000
0000
0000
0000
0000
0000
0000
0000
0000
0000
0000
0000
0000
0000
0000
0000
0000
0000
0000
0000
0000
0000
ff00
00f0
00ff
0000
00f0
f0ff
0f00
0000
0f00
f0f0
0f00
0000
0000
f0f0
0f00
0000
f000
ffff
ffff
000f
0f00
f0f0
0f00
00f0
f000
ffff
00ff
00f0
0000
f0f0
0000
000f
0000
f0f0
0000
0000
0000
0f00
0000
0000
0000
0000
0000
0000
0000
0000
0000
0000
0000
0000
0000
0000
e800
0006
d600
0002
ce00
000d
7e20
0000
4f50
004f
0bc0
0000
dfb0
009f
02e7
0000
05b1
30b6
006f
0000
0000
c000
000a
0000
0000
e800
fd61
005d
0000
4f30
2be0
0014
0000
09d0
fe70
007e
0000
01d8
2350
00ec
4000
003f
fe80
005d
0000
0001
0000
0000
0000
0000
0000
0000
0000
0000
0000
0000
0000
0000
0000
0000
0000
0000
0000
0000
0000
0000
0000
0000
0000
0000
0000
0000
0000
0000
0000
0000
0000
0000
0000
0000
0000
0000
0000
0000
0000
0000
0000
0000
0000
00f0
0000
0000
0000
00f0
0000
0000
0000
00f0
0000
0000
ff00
00ff
0000
0000
0000
00f0
0000
0000
0000
00f0
0000
0000
fff0
00ff
0000
0000
0000
0000
0000
0000
0000
0000
0000
0000
0000
0000
0000
0000
0000
0000
0000
0000
0000
0000
0000
0000
0000
0000
0000
0000
0000
0000
0000
0000
0000
0000
0000
0000
0000
0000
0000
0000
0000
0000
0000
0000
f000
f000
f000
0000
0f00
0f0f
0f0f
000f
0f00
0f0f
0f0f
000f
0f00
0f0f
0f0f
000f
f000
f000
f000
0000
0ff0
0fff
0fff
00ff
0000
0000
0000
0000
0000
0000
0000
0000
0000
0000
0000
0000
0000
0000
0000
0000
0000
0000
0000
0000
0000
0000
0000
0000
0000
0000
0000
0000
0000
0000
0000
0000
0000
0000
0000
0000
0000
0000
0000
0000
0000
0000
0000
0000
0000
0000
0000
0000
0000
0000
0000
0000
0000
0000
0000
0000
0000
0000
0000
0000
0000
0000
0000
0000
0000
0000
0000
0000
0000
0000
0000
0000
0000
0000
0000
0000
0000
0000
0000
0000
0000
0000
0000
0000
0000
0000
0000
0000
0000
0000
0000
0000
0000
0000
0000
0000
0000
0000
0000
0000
0000
0000
0000
0000
0000
0000
0000
0000
0000
0000
0000
0000
0000
0000
0000
0000
0000
0000
0000
0000
0000
0000
0000
0000
0000
0000
0000
0000
0000
0000
0000
0000
0000
0000
0000
0000
0000
0000
0000
0000
0000
0000
0000
0000
0000
0000
0000
0000
0000
0000
0000
0000
0000
0000
0000
0000
0000
0000
0000
0000
0000
0000
0000
0000
0000
0000
0000
0000
0000
0000
0000
0000
0000
0000
0000
0000
0000
0000
0000
0000
0000
0000
0000
0000
0000
0000
0000
0000
0000
0000
0000
0000
0000
0000
0000
0000
0000
0000
0000
0000
0000
0000
0000
0000
0000
0000
0000
0000
0000
0000
0000
0000
0000
0000
0000
0000
0000
0000
0000
0000
0000
0000
0000
0000
0000
0000
0000
0000
0000
0000
0000
0000
0000
0000
0000
0000
0000
0000
0000
0000
0000
0000
0000
0000
0000
0000
0000
0000
0000
0000
0000
0000
0000
0000
0000
0000
0000
0000
0000
0000
0000
0000
0000
0000
0000
0000
0000
0000
0000
0000
0000
0000
0000
0000
0000
0000
0000
0000
0000
0000
0000
0000
0000
0000
0000
0000
0000
0000
0000
0000
0000
0000
0000
0000
0000
0000
0000
0000
0000
0000
0000
0000
0000
0000
0000
0000
0000
0000
0000
0000
0000
0000
0000
0000
0000
0000
0000
0000
0000
0000
0000
0000
0000
0000
0000
0000
0000
0000
0000
0000
0000
0000
0000
0000
0000
0000
0000
0000
0000
0000
0000
0000
0000
0000
0000
0000
0000
0000
0000
0000
0000
0000
0000
0000
0000
0000
0000
0000
0000
0000
0000
0000
0000
0000
0000
0000
0000
0000
0000
0000
0000
0000
0000
0000
0000
0000
0000
0000
0000
0000
0000
0000
0000
0000
0000
0000
0000
0000
0000
0000
0000
0000
0000
0000
0000
0000
0000
0000
0000
0000
0000
0000
0000
0000
0000
0000
0000
0000
0000
0000
0000
0000
0000
0000
0000
0000
0000
0000
0000
0000
0000
0000
0000
0000
0000
0000
0000
0000
0000
0000
0000
0000
0000
0000
0000
0000
0000
0000
0000
0000
0000
0000
0000
0000
0000
0000
0000
0000
0000
0000
0000
0000
0000
0000
0000
0000
0000
0000
0000
0000
0000
0000
0000
0000
0000
0000
0000
0000
0000
0000
0000
0000
0000
0000
0000
0000
0000
0000
0000
0000
0000
0000
0000
0000
0000
0000
0000
0000
0000
0000
0000
0000
0000
0000
0000
0000
0000
0000
0000
0000
0000
0000
0000
0000
0000
0000
0000
0000
0000
0000
0000
0000
0000
0000
0000
0000
0000
0000
0000
0000
0000
0000
0000
0000
0000
0000
0000
0000
0000
0000
0000
0000
0000
0000
0000
0000
0000
0000
0000
0000
0000
0000
0000
0000
0000
0000
0000
0000
0000
0000
0000
0000
0000
0000
0000
0000
0000
0000
0000
0000
0000
0000
0000
0000
0000
0000
0000
0000
0000
0000
0000
0000
0000
0000
0000
0000
0000
0000
0000
0000
0000
0000
0000
0000
0000
0000
0000
0000
0000
0000
0000
0000
0000
0000
0000
0000
0000
0000
0000
0000
0000
0000
0000
0000
0000
0000
0000
0000
0000
0000
0000
0000
0000
0000
0000
0000
0000
0000
0000
0000
0000
0000
0000
0000
0000
0000
0000
0000
0000
0000
0000
0000
0000
0000
0000
0000
0000
0000
0000
0000
0000
0000
0000
0000
0000
0000
0000
0000
0000
0000
0000
0000
0000
0000
0000
0000
0000
0000
0000
0000
0000
0000
0000
0000
0000
0000
0000
0000
0000
0000
0000
0000
0000
0000
0000
0000
0000
0000
0000
0000
0000
0000
0000
0000
0000
0000
0000
0000
0000
0000
0000
0000
0000
0000
0000
0000
0000
0000
0000
0000
0000
0000
0000
0000
0000
0000
0000
0000
0000
0000
0000
0000
0000
0000
0000
0000
0000
0000
0000
0000
0000
0000
0000
0000
0000
0000
0000
0000
0000
0000
0000
0000
0000
0000
0000
0000
0000
0000
0000
0000
0000
0000
0000
0000
0000
0000
0000
0000
0000
0000
0000
0000
0000
0000
0000
0000
0000
0000
0000
0000
0000
0000
0000
0000
0000
0000
0000
0000
0000
0000
0000
0000
0000
0000
0000
0000
0000
0000
0000
0000
0000
0000
0000
0000
0000
0000
0000
0000
0000
0000
0000
0000
0000
0000
0000
0000
0000
0000
0000
0000
0000
0000
0000
0000
0000
0000
0000
0000
0000
0000
0000
0000
0000
0000
0000
0000
0000
0000
0000
0000
0000
0000
0000
0000
0000
0000
0000
0000
0000
0000
0000
0000
0000
0000
0000
0000
0000
0000
0000
0000
0000
0000
0000
0000
0000
0000
0000
0000
0000
0000
0000
0000
0000
0000
0000
0000
0000
0000
0000
0000
0000
0000
0000
0000
0000
0000
0000
0000
0000
0000
0000
0000
0000
0000
0000
0000
0000
0000
0000
0000
0000
0000
0000
0000
0000
0000
0000
0000
0000
0000
0000
0000
0000
0000
0000
0000
0000
0000
0000
0000
0000
0000
0000
0000
0000
0000
0000
0000
0000
0000
0000
0000
0000
0000
0000
0000
0000
0000
0000
0000
0000
0000
0000
0000
0000
0000
0000
0000
0000
0000
0000
0000
0000
0000
0000
0000
0000
0000
0000
0000
0000
0000
0000
0000
0000
0000
0000
0000
0000
0000
0000
0000
0000
0000
0000
0000
0000
0000
0000
0000
0000
0000
0000
0000
0000
0000
0000
0000
0000
0000
0000
0000
0000
0000
0000
0000
0000
0000
0000
0000
0000
0000
0000
0000
0000
0000
0000
0000
0000
0000
0000
0000
0000
0000
0000
0000
0000
0000
0000
0000
0000
0000
0000
0000
0000
0000
0000
0000
0000
0000
0000
0000
0000
0000
0000
0000
0000
0000
0000
0000
0000
0000
0000
0000
0000
0000
0000
0000
0000
0000
0000
0000
0000
0000
0000
0000
0000
0000
0000
0000
0000
0000
0000
0000
0000
0000
0000
0000
0000
0000
0000
0000
0000
0000
0000
0000
0000
0000
0000
0000
0000
0000
0000
0000
0000
0000
0000
0000
0000
0000
0000
0000
0000
0000
0000
0000
0000
0000
0000
0000
0000
0000
0000
0000
0000
0000
0000
0000
0000
0000
0000
0000
0000
0000
0000
0000
0000
0000
0000
0000
0000
0000
0000
0000
0000
0000
0000
0000
0000
0000
0000
0000
0000
0000
0000
0000
0000
0000
0000
0000
0000
0000
0000
0000
0000
0000
0000
0000
0000
0000
0000
0000
0000
0000
0000
0000
0000
0000
0000
0000
0000
0000
0000
0000
0000
0000
0000
0000
0000
0000
0000
0000
0000
0000
0000
0000
0000
0000
0000
0000
0000
0000
0000
0000
0000
0000
0000
0000
0000
0000
0000
0000
0000
0000
0000
0000
0000
0000
0000
0000
0000
0000
0000
0000
0000
0000
0000
0000
0000
0000
0000
0000
0000
0000
0000
0000
0000
0000
0000
0000
0000
0000
0000
0000
0000
0000
0000
0000
0000
0000
0000
0000
0000
0000
0000
0000
0000
0000
0000
0000
0000
0000
0000
0000
0000
0000
0000
0000
0000
0000
0000
0000
0000
0000
0000
0000
0000
0000
0000
0000
0000
0000
0000
0000
0000
0000
0000
0000
0000
0000
0000
0000
0000
0000
0000
0000
0000
0000
0000
0000
0000
0000
0000
0000
0000
0000
0000
0000
0000
0000
0000
0000
0000
0000
0000
0000
0000
0000
0000
0000
0000
0000
0000
0000
0000
0000
0000
0000
0000
0000
0000
0000
0000
0000
0000
0000
0000
0000
0000
0000
0000
0000
0000
0000
0000
0000
0000
0000
0000
0000
0000
0000
0000
0000
0000
0000
0000
0000
0000
0000
0000
0000
0000
0000
0000
0000
0000
0000
0000
0000
0000
0000
0000
0000
0000
0000
0000
0000
0000
0000
0000
0000
0000
0000
0000
0000
0000
0000
0000
0000
0000
0000
0000
0000
0000
0000
0000
0000
0000
0000
0000
0000
0000
0000
0000
0000
0000
0000
0000
0000
0000
0000
0000
0000
0000
0000
0000
0000
0000
0000
0000
0000
0000
0000
0000
0000
0000
0000
0000
0000
0000
0000
0000
0000
0000
0000
0000
0000
0000
0000
0000
0000
0000
0000
0000
0000
0000
0000
0000
0000
0000
0000
0000
0000
0000
0000
0000
0000
0000
0000
0000
0000
0000
0000
0000
0000
0000
0000
0000
0000
0000
0000
0000
0000
0000
0000
0000
0000
0000
0000
0000
0000
0000
0000
0000
0000
0000
0000
0000
0000
0000
0000
0000
0000
0000
0000
0000
0000
0000
0000
0000
0000
0000
0000
0000
0000
0000
0000
0000
0000
0000
0000
0000
0000
0000
0000
0000
0000
0000
0000
0000
0000
0000
0000
0000
0000
0000
0000
0000
0000
0000
0000
0000
0000
0000
0000
0000
0000
0000
0000
0000
0000
0000
0000
0000
0000
0000
0000
0000
0000
0000
0000
0000
0000
0000
0000
0000
0000
0000
0000
0000
0000
0000
0000
0000
0000
0000
0000
0000
0000
0000
0000
0000
0000
0000
0000
0000
0000
0000
0000
0000
0000
0000
0000
0000
0000
0000
0000
0000
0000
0000
0000
0000
0000
0000
0000
0000
0000
0000
0000
0000
0000
0000
0000
0000
0000
0000
0000
0000
0000
0000
0000
0000
0000
0000
0000
0000
0000
0000
0000
0000
0000
0000
0000
0000
0000
0000
0000
0000
0000
0000
0000
0000
0000
0000
0000
0000
0000
0000
0000
0000
0000
0000
0000
0000
0000
0000
0000
0000
0000
0000
0000
0000
0000
0000
0000
0000
0000
0000
0000
0000
0000
0000
0000
0000
0000
0000
0000
0000
0000
0000
0000
0000
0000
0000
0000
0000
0000
0000
0000
0000
0000
0000
0000
0000
0000
0000
0000
0000
0000
0000
0000
0000
0000
0000
0000
0000
0000
0000
0000
0000
0000
0000
0000
0000
0000
0000
0000
0000
0000
0000
0000
0000
0000
0000
0000
0000
0000
0000
0000
0000
0000
0000
0000
0000
0000
0000
0000
0000
0000
0000
0000
0000
0000
0000
0000
0000
0000
0000
0000
0000
0000
0000
0000
0000
0000
0000
0000
0000
0000
0000
0000
0000
0000
0000
0000
0000
0000
0000
0000
0000
0000
0000
0000
0000
0000
0000
0000
0000
0000
0000
0000
0000
0000
0000
0000
0000
0000
0000
0000
0000
0000
0000
0000
0000
0000
0000
0000
0000
0000
0000
0000
0000
0000
0000
0000
0000
0000
0000
0000
0000
0000
0000
0000
0000
0000
0000
0000
0000
0000
0000
0000
0000
0000
0000
0000
0000
0000
0000
0000
0000
0000
0000
0000
0000
0000
0000
0000
0000
0000
0000
0000
0000
0000
0000
0000
0000
0000
0000
0000
0000
0000
0000
0000
0000
0000
0000
0000
0000
0000
0000
0000
0000
0000
0000
0000
0000
0000
0000
0000
0000
0000
0000
0000
0000
0000
0000
0000
0000
0000
0000
0000
0000
0000
0000
0000
0000
0000
0000
0000
0000
0000
0000
0000
0000
0000
0000
0000
0000
0000
0000
0000
0000
0000
0000
0000
0000
0000
0000
0000
0000
0000
0000
0000
0000
0000
0000
0000
0000
0000
0000
0000
0000
0000
0000
0000
0000
0000
0000
0000
0000
0000
0000
0000
0000
0000
0000
0000
0000
0000
0000
0000
0000
0000
0000
0000
0000
0000
0000
0000
0000
0000
0000
0000
0000
0000
0000
0000
0000
0000
0000
0000
0000
0000
0000
0000
0000
0000
0000
0000
0000
0000
0000
0000
0000
0000
0000
0000
0000
0000
0000
0000
0000
0000
0000
0000
0000
0000
0000
0000
0000
0000
0000
0000
0000
0000
0000
0000
0000
0000
0000
0000
0000
0000
0000
0000
0000
0000
0000
0000
0000
0000
0000
0000
0000
0000
0000
0000
0000
0000
0000
0000
0000
0000
0000
0000
0000
0000
0000
0000
0000
0000
0000
0000
0000
0000
0000
0000
0000
0000
0000
0000
0000
0000
0000
0000
0000
0000
0000
0000
0000
0000
0000
0000
0000
0000
0000
0000
0000
0000
0000
0000
0000
0000
0000
0000
0000
0000
0000
0000
0000
0000
0000
0000
0000
0000
0000
0000
0000
0000
0000
0000
0000
0000
0000
0000
0000
0000
0000
0000
0000
0000
0000
0000
0000
0000
0000
0000
0000
0000
0000
0000
0000
0000
0000
0000
0000
0000
0000
0000
0000
0000
0000
0000
0000
0000
0000
0000
0000
0000
0000
0000
0000
0000
0000
0000
0000
0000
0000
0000
0000
0000
0000
0000
0000
0000
0000
0000
0000
0000
0000
0000
0000
0000
0000
0000
0000
0000
0000
0000
0000
0000
0000
0000
0000
0000
0000
0000
0000
0000
0000
0000
0000
0000
0000
0000
0000
0000
0000
0000
0000
0000
0000
0000
0000
0000
0000
0000
0000
0000
0000
0000
0000
0000
0000
0000
0000
0000
0000
0000
0000
0000
0000
0000
0000
0000
0000
0000
0000
0000
0000
0000
0000
0000
0000
0000
0000
0000
0000
0000
0000
0000
0000
0000
0000
0000
0000
0000
0000
0000
0000
0000
0000
0000
0000
0000
0000
0000
0000
0000
0000
0000
0000
0000
0000
0000
0000
0000
0000
0000
0000
0000
0000
0000
0000
0000
0000
0000
0000
0000
0000
0000
0000
0000
0000
0000
0000
0000
0000
0000
0000
0000
0000
0000
0000
0000
0000
0000
0000
0000
0000
0000
0000
0000
0000
0000
0000
0000
0000
0000
0000
0000
0000
0000
0000
0000
0000
0000
0000
0000
0000
0000
0000
0000
0000
0000
0000
0000
0000
0000
0000
0000
0000
0000
0000
0000
0000
0000
0000
0000
0000
0000
0000
0000
0000
0000
0000
0000
0000
0000
0000
0000
0000
0000
0000
0000
0000
0000
0000
0000
0000
0000
0000
0000
0000
0000
0000
0000
0000
0000
0000
0000
0000
0000
0000
0000
0000
0000
0000
0000
0000
0000
0000
0000
0000
0000
0000
0000
0000
0000
0000
0000
0000
0000
0000
0000
0000
0000
0000
0000
0000
0000
0000
0000
0000
0000
0000
0000
0000
0000
0000
0000
0000
0000
0000
0000
0000
0000
0000
0000
0000
0000
0000
0000
0000
0000
0000
0000
0000
0000
0000
0000
0000
0000
0000
0000
0000
0000
0000
0000
0000
0000
0000
0000
0000
0000
0000
0000
0000
0000
0000
0000
0000
0000
0000
0000
0000
0000
0000
0000
0000
0000
0000
0000
0000
0000
0000
0000
0000
0000
0000
0000
0000
0000
0000
0000
0000
0000
0000
0000
0000
0000
0000
0000
0000
0000
0000
0000
0000
0000
0000
0000
0000
0000
0000
0000
0000
0000
0000
0000
0000
0000
0000
0000
0000
0000
0000
0000
0000
0000
0000
0000
0000
0000
0000
0000
0000
0000
0000
0000
0000
0000
0000
0000
0000
0000
0000
0000
0000
0000
0000
0000
0000
0000
0000
0000
0000
0000
0000
0000
0000
0000
0000
0000
0000
0000
0000
0000
0000
0000
0000
0000
0000
0000
0000
0000
0000
0000
0000
0000
0000
0000
0000
0000
0000
0000
0000
0000
0000
0000
0000
0000
0000
0000
0000
0000
0000
0000
0000
0000
0000
0000
0000
0000
0000
0000
0000
0000
0000
0000
0000
0000
0000
0000
0000
0000
0000
0000
0000
0000
0000
0000
0000
0000
0000
0000
0000
0000
0000
0000
0000
0000
0000
0000
0000
0000
0000
0000
0000
0000
0000
0000
0000
0000
0000
0000
0000
0000
0000
0000
0000
0000
0000
0000
0000
0000
0000
0000
0000
0000
0000
0000
0000
0000
0000
0000
0000
0000
0000
0000
0000
0000
0000
0000
0000
0000
0000
0000
0000
0000
0000
0000
0000
0000
0000
0000
0000
0000
0000
0000
0000
0000
0000
0000
0000
0000
0000
0000
0000
0000
0000
0000
0000
0000
0000
0000
0000
0000
0000
0000
0000
0000
0000
0000
0000
0000
0000
0000
0000
0000
0000
0000
0000
0000
0000
0000
0000
0000
0000
0000
0000
0000
0000
0000
0000
0000
0000
0000
0000
0000
0000
0000
0000
0000
0000
0000
0000
0000
0000
0000
0000
0000
0000
0000
0000
0000
0000
0000
0000
0000
0000
0000
0000
0000
0000
0000
0000
0000
0000
0000
0000
0000
0000
0000
0000
0000
0000
0000
0000
0000
0000
0000
0000
0000
0000
0000
0000
0000
0000
0000
0000
0000
0000
0000
0000
0000
0000
0000
0000
0000
0000
0000
0000
0000
0000
0000
0000
0000
0000
0000
0000
0000
0000
0000
0000
0000
0000
0000
0000
0000
0000
0000
0000
0000
0000
0000
0000
0000
0000
0000
0000
0000
0000
0000
0000
0000
0000
0000
0000
0000
0000
0000
0000
0000
0000
0000
0000
0000
0000
0000
0000
0000
0000
0000
0000
0000
0000
0000
0000
0000
0000
0000
0000
0000
0000
0000
0000
0000
0000
0000
0000
0000
0000
0000
0000
0000
0000
0000
0000
0000
0000
0000
0000
0000
0000
0000
0000
0000
0000
0000
0000
0000
0000
0000
0000
0000
0000
0000
0000
0000
0000
0000
0000
0000
0000
0000
0000
0000
0000
0000
0000
0000
0000
0000
0000
0000
0000
0000
0000
0000
0000
0000
0000
0000
0000
0000
0000
0000
0000
0000
0000
0000
0000
0000
0000
0000
0000
0000
0000
0000
0000
0000
0000
0000
0000
0000
0000
0000
0000
0000
0000
0000
0000
0000
0000
0000
0000
0000
0000
0000
0000
0000
0000
0000
0000
0000
0000
0000
0000
0000
0000
0000
0000
0000
0000
0000
0000
0000
0000
0000
0000
0000
0000
0000
0000
0000
0000
0000
0000
0000
0000
0000
0000
0000
0000
0000
0000
0000
0000
0000
0000
0000
0000
0000
0000
0000
0000
0000
0000
0000
0000
0000
0000
0000
0000
0000
0000
0000
0000
0000
0000
0000
0000
0000
0000
0000
0000
0000
0000
0000
0000
0000
0000
0000
0000
0000
0000
0000
0000
0000
0000
0000
0000
0000
0000
0000
0000
0000
0000
0000
0000
0000
0000
0000
0000
0000
0000
0000
0000
0000
0000
0000
0000
0000
0000
0000
0000
0000
0000
0000
0000
0000
0000
0000
0000
0000
0000
0000
0000
0000
0000
0000
0000
0000
0000
0000
0000
0000
0000
0000
0000
0000
0000
0000
0000
0000
0000
0000
0000
0000
0000
0000
0000
0000
0000
0000
0000
0000
0000
0000
0000
0000
0000
0000
0000
0000
0000
0000
0000
0000
0000
0000
0000
0000
0000
0000
0000
0000
0000
0000
0000
0000
0000
0000
0000
0000
0000
0000
0000
0000
0000
0000
0000
0000
0000
0000
0000
0000
0000
0000
0000
0000
0000
0000
0000
0000
0000
0000
0000
0000
0000
0000
0000
0000
0000
0000
0000
0000
0000
0000
0000
0000
0000
0000
0000
0000
0000
0000
0000
0000
0000
0000
0000
0000
0000
0000
0000
0000
0000
0000
0000
0000
0000
0000
0000
0000
0000
0000
0000
0000
0000
0000
0000
0000
0000
0000
0000
0000
0000
0000
0000
0000
0000
0000
0000
0000
0000
0000
0000
0000
0000
0000
0000
0000
0000
0000
0000
0000
0000
0000
0000
0000
0000
0000
0000
0000
0000
0000
0000
0000
0000
0000
0000
0000
0000
0000
0000
0000
0000
0000
0000
0000
0000
0000
0000
0000
0000
0000
0000
0000
0000
0000
0000
0000
0000
0000
0000
0000
0000
0000
0000
0000
0000
0000
0000
0000
0000
0000
0000
0000
0000
0000
0000
0000
0000
0000
0000
0000
0000
0000
0000
0000
0000
0000
0000
0000
0000
0000
0000
0000
0000
0000
0000
0000
0000
0000
0000
0000
0000
0000
0000
0000
0000
0000
0000
0000
0000
0000
0000
0000
0000
0000
0000
0000
0000
0000
0000
0000
0000
0000
0000
0000
0000
0000
0000
0000
0000
0000
0000
0000
0000
0000
0000
0000
0000
0000
0000
0000
0000
0000
0000
0000
0000
0000
0000
0000
0000
0000
0000
0000
0000
0000
0000
0000
0000
0000
0000
0000
0000
0000
0000
0000
0000
0000
0000
0000
0000
0000
0000
0000
0000
0000
0000
0000
0000
0000
0000
0000
0000
0000
0000
0000
0000
0000
0000
0000
0000
0000
0000
0000
0000
0000
0000
0000
0000
0000
0000
0000
0000
0000
0000
0000
0000
0000
0000
0000
0000
0000
0000
0000
0000
0000
0000
0000
0000
0000
0000
0000
0000
0000
0000
0000
0000
0000
0000
0000
0000
0000
0000
0000
0000
0000
0000
0000
0000
0000
0000
0000
0000
0000
0000
0000
0000
0000
0000
0000
0000
0000
0000
0000
0000
0000
0000
0000
0000
0000
0000
0000
0000
0000
0000
0000
0000
0000
0000
0000
0000
0000
0000
0000
0000
0000
0000
0000
0000
0000
0000
0000
0000
0000
0000
0000
0000
0000
0000
0000
0000
0000
0000
0000
0000
0000
0000
0000
0000
0000
0000
0000
0000
0000
0000
0000
0000
0000
0000
0000
0000
0000
0000
0000
0000
0000
0000
0000
0000
0000
0000
0000
0000
0000
0000
0000
0000
0000
0000
0000
0000
0000
0000
0000
0000
0000
0000
0000
0000
0000
0000
0000
0000
0000
0000
0000
0000
0000
0000
0000
0000
0000
0000
0000
0000
0000
0000
0000
0000
0000
0000
0000
0000
0000
0000
0000
0000
0000
0000
0000
0000
0000
0000
0000
0000
0000
0000
0000
0000
0000
0000
0000
0000
0000
0000
0000
0000
0000
0000
0000
0000
0000
0000
0000
0000
0000
0000
0000
0000
0000
0000
0000
0000
0000
0000
0000
0000
0000
0000
0000
0000
0000
0000
0000
0000
0000
0000
0000
0000
0000
0000
0000
0000
0000
0000
0000
0000
0000
0000
0000
0000
0000
0000
0000
0000
0000
0000
0000
0000
0000
0000
0000
0000
0000
0000
0000
0000
0000
0000
0000
0000
0000
0000
0000
0000
0000
0000
0000
0000
0000
0000
0000
0000
0000
0000
0000
0000
0000
0000
0000
0000
0000
0000
0000
0000
0000
0000
0000
0000
0000
0000
0000
0000
0000
0000
0000
0000
0000
0000
0000
0000
0000
0000
0000
0000
0000
0000
0000
0000
0000
0000
0000
0000
0000
0000
0000
0000
0000
0000
0000
0000
0000
0000
0000
0000
0000
0000
0000
0000
0000
0000
0000
0000
0000
0000
0000
0000
0000
0000
0000
0000
0000
0000
0000
0000
0000
0000
0000
0000
0000
0000
0000
0000
0000
0000
0000
0000
0000
0000
0000
0000
0000
0000
0000
0000
0000
0000
0000
0000
0000
0000
0000
0000
0000
0000
0000
0000
0000
0000
0000
0000
0000
0000
0000
0000
0000
0000
0000
0000
0000
0000
0000
0000
0000
0000
0000
0000
0000
0000
0000
0000
0000
0000
0000
0000
0000
0000
0000
0000
0000
0000
0000
0000
0000
0000
0000
0000
0000
0000
0000
0000
0000
0000
0000
0000
0000
0000
0000
0000
0000
0000
0000
0000
0000
0000
0000
0000
0000
0000
0000
0000
0000
0000
0000
0000
0000
0000
0000
0000
0000
0000
0000
0000
0000
0000
0000
0000
0000
0000
0000
0000
0000
0000
0000
0000
0000
0000
0000
0000
0000
0000
0000
0000
0000
0000
0000
0000
0000
0000
0000
0000
0000
0000
0000
0000
0000
0000
0000
0000
0000
0000
0000
0000
0000
0000
0000
0000
0000
0000
0000
0000
0000
0000
0000
0000
0000
0000
0000
0000
0000
0000
0000
0000
0000
0000
0000
0000
0000
0000
0000
0000
0000
0000
0000
0000
0000
0000
0000
0000
0000
0000
0000
0000
0000
0000
0000
0000
0000
0000
0000
0000
0000
0000
0000
0000
0000
0000
0000
0000
0000
0000
0000
0000
0000
0000
0000
0000
0000
0000
0000
0000
0000
0000
0000
0000
0000
0000
0000
0000
0000
0000
0000
0000
0000
0000
0000
0000
0000
0000
0000
0000
0000
0000
0000
0000
0000
0000
0000
0000
0000
0000
0000
0000
0000
0000
0000
0000
0000
0000
0000
0000
0000
0000
0000
0000
0000
0000
0000
0000
0000
0000
0000
0000
0000
0000
0000
0000
0000
0000
0000
0000
0000
0000
0000
0000
0000
0000
0000
0000
0000
0000
0000
0000
0000
0000
0000
0000
0000
0000
0000
0000
0000
0000
0000
0000
0000
0000
0000
0000
0000
0000
0000
0000
0000
0000
0000
0000
0000
0000
0000
0000
0000
0000
0000
0000
0000
0000
0000
0000
0000
0000
0000
0000
0000
0000
0000
0000
0000
0000
0000
0000
0000
0000
0000
0000
0000
0000
0000
0000
0000
0000
0000
0000
0000
0000
0000
0000
0000
0000
0000
0000
0000
0000
0000
0000
0000
0000
0000
0000
0000
0000
0000
0000
0000
0000
0000
0000
0000
0000
0000
0000
0000
0000
0000
0000
0000
0000
0000
0000
0000
0000
0000
0000
0000
0000
0000
0000
0000
0000
0000
0000
0000
0000
0000
0000
0000
0000
0000
0000
0000
0000
0000
0000
0000
0000
0000
0000
0000
0000
0000
0000
0000
0000
0000
0000
0000
0000
0000
0000
0000
0000
0000
0000
0000
0000
0000
0000
0000
0000
0000
0000
0000
0000
0000
0000
0000
0000
0000
0000
0000
0000
0000
0000
0000
0000
0000
0000
0000
0000
0000
0000
0000
0000
0000
0000
0000
0000
0000
0000
0000
0000
0000
0000
0000
0000
0000
0000
0000
0000
0000
0000
0000
0000
0000
0000
0000
0000
0000
0000
0000
0000
0000
0000
0000
0000
0000
0000
0000
0000
0000
0000
0000
0000
0000
0000
0000
0000
0000
0000
0000
0000
0000
0000
0000
0000
0000
0000
0000
0000
0000
0000
0000
0000
0000
0000
0000
0000
0000
0000
0000
0000
0000
0000
0000
0000
0000
0000
0000
0000
0000
0000
0000
0000
0000
0000
0000
0000
0000
0000
0000
0000
0000
0000
0000
0000
0000
0000
0000
0000
0000
0000
0000
0000
0000
0000
0000
0000
0000
0000
0000
0000
0000
0000
0000
0000
0000
0000
0000
0000
0000
0000
0000
0000
0000
0000
0000
0000
0000
0000
0000
0000
0000
0000
0000
0000
0000
0000
0000
0000
0000
0000
0000
0000
0000
0000
0000
0000
0000
0000
0000
0000
0000
0000
0000
0000
0000
0000
0000
0000
0000
0000
0000
0000
0000
0000
0000
0000
0000
0000
0000
0000
0000
0000
0000
0000
0000
0000
0000
0000
0000
0000
0000
0000
0000
0000
0000
0000
0000
0000
0000
0000
0000
0000
0000
0000
0000
0000
0000
0000
0000
0000
0000
0000
0000
0000
0000
0000
0000
0000
0000
0000
0000
0000
0000
0000
0000
0000
0000
0000
0000
0000
0000
0000
0000
0000
0000
0000
0000
0000
0000
0000
0000
0000
0000
0000
0000
0000
0000
0000
0000
0000
0000
0000
0000
0000
0000
0000
0000
0000
0000
0000
0000
0000
0000
0000
0000
0000
0000
0000
0000
0000
0000
0000
0000
0000
0000
0000
0000
0000
0000
0000
0000
0000
0000
0000
0000
0000
0000
0000
0000
0000
0000
0000
0000
0000
0000
0000
0000
0000
0000
0000
0000
0000
0000
0000
0000
0000
0000
0000
0000
0000
0000
0000
0000
0000
0000
0000
0000
0000
0000
0000
0000
0000
0000
0000
0000
0000
0000
0000
0000
0000
0000
0000
0000
0000
0000
0000
0000
0000
0000
0000
0000
0000
0000
0000
0000
0000
0000
0000
0000
0000
0000
0000
0000
0000
0000
0000
0000
0000
0000
0000
0000
0000
0000
0000
0000
0000
0000
0000
0000
0000
0000
0000
0000
0000
0000
0000
0000
0000
0000
0000
0000
0000
0000
0000
0000
0000
0000
0000
0000
0000
0000
0000
0000
0000
0000
0000
0000
0000
0000
0000
0000
0000
0000
0000
0000
0000
0000
0000
0000
0000
0000
0000
0000
0000
0000
0000
0000
0000
0000
0000
0000
0000
0000
0000
0000
0000
0000
0000
0000
0000
0000
0000
0000
0000
0000
0000
0000
0000
0000
0000
0000
0000
0000
0000
0000
0000
0000
0000
0000
0000
0000
0000
0000
0000
0000
0000
0000
0000
0000
0000
0000
0000
0000
0000
0000
0000
0000
0000
0000
0000
0000
0000
0000
0000
0000
0000
0000
0000
0000
0000
0000
0000
0000
0000
0000
0000
0000
0000
0000
0000
0000
0000
0000
0000
0000
0000
0000
0000
0000
0000
0000
0000
0000
0000
0000
0000
0000
0000
0000
0000
0000
0000
0000
0000
0000
0000
0000
0000
0000
0000
0000
0000
0000
0000
0000
0000
0000
0000
0000
0000
0000
0000
0000
0000
0000
0000
0000
0000
0000
0000
0000
0000
0000
0000
0000
0000
0000
0000
0000
0000
0000
0000
0000
0000
0000
0000
0000
0000
0000
0000
0000
0000
0000
0000
0000
0000
0000
0000
0000
0000
0000
0000
0000
0000
0000
0000
0000
0000
0000
0000
0000
0000
0000
0000
0000
0000
0000
0000
0000
0000
0000
0000
0000
0000
0000
0000
0000
0000
0000
0000
0000
0000
0000
0000
0000
0000
0000
0000
0000
0000
0000
0000
0000
0000
0000
0000
0000
0000
0000
0000
0000
0000
0000
0000
0000
0000
0000
0000
0000
0000
0000
0000
0000
0000
0000
0000
0000
0000
0000
0000
0000
0000
0000
0000
0000
0000
0000
0000
0000
0000
0000
0000
0000
0000
0000
0000
0000
0000
0000
0000
0000
0000
0000
0000
0000
0000
0000
0000
0000
0000
0000
0000
0000
0000
0000
0000
0000
0000
0000
0000
0000
0000
0000
0000
0000
0000
0000
0000
0000
0000
0000
0000
0000
0000
0000
0000
0000
0000
0000
0000
0000
0000
0000
0000
0000
0000
0000
0000
0000
0000
0000
0000
0000
0000
0000
0000
0000
0000
0000
0000
0000
0000
0000
0000
0000
0000
0000
0000
0000
0000
0000
0000
0000
0000
0000
0000
0000
0000
0000
0000
0000
0000
0000
0000
0000
0000
0000
0000
0000
0000
0000
0000
0000
0000
0000
0000
0000
0000
0000
0000
0000
0000
0000
0000
0000
0000
0000
0000
0000
0000
0000
0000
0000
0000
0000
0000
0000
0000
0000
0000
0000
0000
0000
0000
0000
0000
0000
0000
0000
0000
0000
0000
0000
0000
0000
0000
0000
0000
0000
0000
0000
0000
0000
0000
0000
0000
0000
0000
0000
0000
0000
0000
0000
0000
0000
0000
0000
0000
0000
0000
0000
0000
0000
0000
0000
0000
0000
0000
0000
0000
0000
0000
0000
0000
0000
0000
0000
0000
0000
0000
0000
0000
0000
0000
0000
0000
0000
0000
0000
0000
0000
0000
0000
0000
0000
0000
0000
0000
0000
0000
0000
0000
0000
0000
0000
0000
0000
0000
0000
0000
0000
0000
0000
0000
0000
0000
0000
0000
0000
0000
0000
0000
0000
0000
0000
0000
0000
0000
0000
0000
0000
0000
0000
0000
0000
0000
0000
0000
0000
0000
0000
0000
0000
0000
0000
0000
0000
0000
0000
0000
0000
0000
0000
0000
0000
0000
0000
0000
0000
0000
0000
0000
0000
0000
0000
0000
0000
0000
0000
0000
0000
0000
0000
0000
0000
0000
0000
0000
0000
0000
0000
0000
0000
0000
0000
0000
0000
0000
0000
0000
0000
0000
0000
0000
0000
0000
0000
0000
0000
0000
0000
0000
0000
0000
0000
0000
0000
0000
0000
0000
0000
0000
0000
0000
0000
0000
0000
0000
0000
0000
0000
0000
0000
0000
0000
0000
0000
0000
0000
0000
0000
0000
0000
0000
0000
0000
0000
0000
0000
0000
0000
0000
0000
0000
0000
0000
0000
0000
0000
0000
0000
0000
0000
0000
0000
0000
0000
0000
0000
0000
0000
0000
0000
0000
0000
0000
0000
0000
0000
0000
0000
0000
0000
0000
0000
0000
0000
0000
0000
0000
0000
0000
0000
0000
0000
0000
0000
0000
0000
0000
0000
0000
0000
0000
0000
0000
0000
0000
0000
0000
0000
0000
0000
0000
0000
0000
0000
0000
0000
0000
0000
0000
0000
0000
0000
0000
0000
0000
0000
0000
0000
0000
0000
0000
0000
0000
0000
0000
0000
0000
0000
0000
0000
0000
0000
0000
0000
0000
0000
0000
0000
0000
0000
0000
0000
0000
0000
0000
0000
0000
0000
0000
0000
0000
0000
0000
0000
0000
0000
0000
0000
0000
0000
0000
0000
0000
0000
0000
0000
0000
0000
0000
0000
0000
0000
0000
0000
0000
0000
0000
0000
0000
0000
0000
0000
0000
0000
0000
0000
0000
0000
0000
0000
0000
0000
0000
0000
0000
0000
0000
0000
0000
0000
0000
0000
0000
0000
0000
0000
0000
0000
0000
0000
0000
0000
0000
0000
0000
0000
0000
0000
0000
0000
0000
0000
0000
0000
0000
0000
0000
0000
0000
0000
0000
0000
0000
0000
0000
0000
0000
0000
0000
0000
0000
0000
0000
0000
0000
0000
0000
0000
0000
0000
0000
0000
0000
0000
0000
0000
0000
0000
0000
0000
0000
0000
0000
0000
0000
0000
0000
0000
0000
0000
0000
0000
0000
0000
0000
0000
0000
0000
0000
0000
0000
0000
0000
0000
0000
0000
0000
0000
0000
0000
0000
0000
0000
0000
0000
0000
0000
0000
0000
0000
0000
0000
0000
0000
0000
0000
0000
0000
0000
0000
0000
0000
0000
0000
0000
0000
0000
0000
0000
0000
0000
0000
0000
0000
0000
0000
0000
0000
0000
0000
0000
0000
0000
0000
0000
0000
0000
0000
0000
0000
0000
0000
0000
0000
0000
0000
0000
0000
0000
0000
0000
0000
0000
0000
0000
0000
0000
0000
0000
0000
0000
0000
0000
0000
0000
0000
0000
0000
0000
0000
0000
0000
0000
0000
0000
0000
0000
0000
0000
0000
0000
0000
0000
0000
0000
0000
0000
0000
0000
0000
0000
0000
0000
0000
0000
0000
0000
0000
0000
0000
0000
0000
0000
0000
0000
0000
0000
0000
0000
0000
0000
0000
0000
0000
0000
0000
0000
0000
0000
0000
0000
0000
0000
0000
0000
0000
0000
0000
0000
0000
0000
0000
0000
0000
0000
0000
0000
0000
0000
0000
0000
0000
0000
0000
0000
0000
0000
0000
0000
0000
0000
0000
0000
0000
0000
0000
0000
0000
0000
0000
0000
0000
0000
0000
0000
0000
0000
0000
0000
0000
0000
0000
0000
0000
0000
0000
0000
0000
0000
0000
0000
0000
0000
0000
0000
0000
0000
0000
0000
0000
0000
0000
0000
0000
0000
0000
0000
0000
0000
0000
0000
0000
0000
0000
0000
0000
0000
0000
0000
0000
0000
0000
0000
0000
0000
0000
0000
0000
0000
0000
0000
0000
0000
0000
0000
0000
0000
0000
0000
0000
0000
0000
0000
0000
0000
0000
0000
0000
0000
0000
0000
0000
0000
0000
0000
0000
0000
0000
0000
0000
0000
0000
0000
0000
0000
0000
0000
0000
0000
0000
0000
0000
0000
0000
0000
0000
0000
0000
0000
0000
0000
0000
0000
0000
0000
0000
0000
0000
0000
0000
0000
0000
0000
0000
0000
0000
0000
0000
0000
0000
0000
0000
0000
0000
0000
0000
0000
0000
0000
0000
0000
0000
0000
0000
0000
0000
0000
0000
0000
0000
0000
0000
0000
0000
0000
0000
0000
0000
0000
0000
0000
0000
0000
0000
0000
0000
0000
0000
0000
0000
0000
0000
0000
0000
0000
0000
0000
0000
0000
0000
0000
0000
0000
0000
0000
0000
0000
0000
0000
0000
0000
0000
0000
0000
0000
0000
0000
0000
0000
0000
0000
0000
0000
0000
0000
0000
0000
0000
0000
0000
0000
0000
0000
0000
0000
0000
0000
0000
0000
0000
0000
0000
0000
0000
0000
0000
0000
0000
0000
0000
0000
0000
0000
0000
0000
0000
0000
0000
0000
0000
0000
0000
0000
0000
0000
0000
0000
0000
0000
0000
0000
0000
0000
0000
0000
0000
0000
0000
0000
0000
0000
0000
0000
0000
0000
0000
0000
0000
0000
0000
0000
0000
0000
0000
0000
0000
0000
0000
0000
0000
0000
0000
0000
0000
0000
0000
0000
0000
0000
0000
0000
0000
0000
0000
0000
0000
0000
0000
0000
0000
0000
0000
0000
0000
0000
0000
0000
0000
0000
0000
0000
0000
0000
0000
0000
0000
0000
0000
0000
0000
0000
0000
0000
0000
0000
0000
0000
0000
0000
0000
0000
0000
0000
0000
0000
0000
0000
0000
0000
0000
0000
0000
0000
0000
0000
0000
0000
0000
0000
0000
0000
0000
0000
0000
0000
0000
0000
0000
0000
0000
0000
0000
0000
0000
0000
0000
0000
0000
0000
0000
0000
0000
0000
0000
0000
0000
0000
0000
0000
0000
0000
0000
0000
0000
0000
0000
0000
0000
0000
0000
0000
0000
0000
0000
0000
0000
0000
0000
0000
0000
0000
0000
0000
0000
0000
0000
0000
0000
0000
0000
0000
0000
0000
0000
0000
0000
0000
0000
0000
0000
0000
0000
0000
0000
0000
0000
0000
0000
0000
0000
0000
0000
0000
0000
0000
0000
0000
0000
0000
0000
0000
0000
0000
0000
0000
0000
0000
0000
0000
0000
0000
0000
0000
0000
0000
0000
0000
0000
0000
0000
0000
0000
0000
0000
0000
0000
0000
0000
0000
0000
0000
0000
0000
0000
0000
0000
0000
0000
0000
0000
0000
0000
0000
0000
0000
0000
0000
0000
0000
0000
0000
0000
0000
0000
0000
0000
0000
0000
0000
0000
0000
0000
0000
0000
0000
0000
0000
0000
0000
0000
0000
0000
0000
0000
0000
0000
0000
0000
0000
0000
0000
0000
0000
0000
0000
0000
0000
0000
0000
0000
0000
0000
0000
0000
0000
0000
0000
0000
0000
0000
0000
0000
0000
0000
0000
0000
0000
0000
0000
0000
0000
0000
0000
0000
0000
0000
0000
0000
0000
0000
0000
0000
0000
0000
0000
0000
0000
0000
0000
0000
0000
0000
0000
0000
0000
0000
0000
0000
0000
0000
0000
0000
0000
0000
0000
0000
0000
0000
0000
0000
0000
0000
0000
0000
0000
0000
0000
0000
0000
0000
0000
0000
0000
0000
0000
0000
0000
0000
0000
0000
0000
0000
0000
0000
0000
0000
0000
0000
0000
0000
0000
0000
0000
0000
0000
0000
0000
0000
0000
0000
0000
0000
0000
0000
0000
0000
0000
0000
0000
0000
0000
0000
0000
0000
0000
0000
0000
0000
0000
0000
0000
0000
0000
0000
0000
0000
0000
0000
0000
0000
0000
0000
0000
0000
0000
0000
0000
0000
0000
0000
0000
0000
0000
0000
0000
0000
0000
0000
0000
0000
0000
0000
0000
0000
0000
0000
0000
0000
0000
0000
0000
0000
0000
0000
0000
0000
0000
0000
0000
0000
0000
0000
0000
0000
0000
0000
0000
0000
0000
0000
0000
0000
0000
0000
0000
0000
0000
0000
0000
0000
0000
0000
0000
0000
0000
0000
0000
0000
0000
0000
0000
0000
0000
0000
0000
0000
0000
0000
0000
0000
0000
0000
0000
0000
0000
0000
0000
0000
0000
0000
0000
0000
0000
0000
0000
0000
0000
0000
0000
0000
0000
0000
0000
0000
0000
0000
0000
0000
0000
0000
0000
0000
0000
0000
0000
0000
0000
0000
0000
0000
0000
0000
0000
0000
0000
0000
0000
0000
0000
0000
0000
0000
0000
0000
0000
0000
0000
0000
0000
0000
0000
0000
0000
0000
0000
0000
0000
0000
0000
0000
0000
0000
0000
0000
0000
0000
0000
0000
0000
0000
0000
0000
0000
0000
0000
0000
0000
0000
0000
0000
0000
0000
0000
0000
0000
0000
0000
0000
0000
0000
0000
0000
0000
0000
0000
0000
0000
0000
0000
0000
0000
0000
0000
0000
0000
0000
0000
0000
0000
0000
0000
0000
0000
0000
0000
0000
0000
0000
0000
0000
0000
0000
0000
0000
0000
0000
0000
0000
0000
0000
0000
0000
0000
0000
0000
0000
0000
0000
0000
0000
0000
0000
0000
0000
0000
0000
0000
0000
0000
0000
0000
0000
0000
0000
0000
0000
0000
0000
0000
0000
0000
0000
0000
0000
0000
0000
0000
0000
0000
0000
0000
0000
0000
0000
0000
0000
0000
0000
0000
0000
0000
0000
0000
0000
0000
0000
0000
0000
0000
0000
0000
0000
0000
0000
0000
0000
0000
0000
0000
0000
0000
0000
0000
0000
0000
0000
0000
0000
0000
0000
0000
0000
0000
0000
0000
0000
0000
0000
0000
0000
0000
0000
0000
0000
0000
0000
0000
0000
0000
0000
0000
0000
0000
0000
0000
0000
0000
0000
0000
0000
0000
0000
0000
0000
0000
0000
0000
0000
0000
0000
0000
0000
0000
0000
0000
0000
0000
0000
0000
0000
0000
0000
0000
0000
0000
0000
0000
0000
0000
0000
0000
0000
0000
0000
0000
0000
0000
0000
0000
0000
0000
0000
0000
0000
0000
0000
0000
0000
0000
0000
0000
0000
0000
0000
0000
0000
0000
0000
0000
0000
0000
0000
0000
0000
0000
0000
0000
0000
0000
0000
0000
0000
0000
0000
0000
0000
0000
0000
0000
0000
0000
0000
0000
0000
0000
0000
0000
0000
0000
0000
0000
0000
0000
0000
0000
0000
0000
0000
0000
0000
0000
0000
0000
0000
0000
0000
0000
0000
0000
0000
0000
0000
0000
0000
0000
0000
0000
0000
0000
0000
0000
0000
0000
0000
0000
0000
0000
0000
0000
0000
0000
0000
0000
0000
0000
0000
0000
0000
0000
0000
0000
0000
0000
0000
0000
0000
0000
0000
0000
0000
0000
0000
0000
0000
0000
0000
0000
0000
0000
0000
0000
0000
0000
0000
0000
0000
0000
0000
0000
0000
0000
0000
0000
0000
0000
0000
0000
0000
0000
0000
0000
0000
0000
0000
0000
0000
0000
0000
0000
0000
0000
0000
0000
0000
0000
0000
0000
0000
0000
0000
0000
0000
0000
0000
0000
0000
0000
0000
0000
0000
0000
0000
0000
0000
0000
0000
0000
0000
0000
0000
0000
0000
0000
0000
0000
0000
0000
0000
0000
0000
0000
0000
0000
0000
0000
0000
0000
0000
0000
0000
0000
0000
0000
0000
0000
0000
0000
0000
0000
0000
0000
0000
0000
0000
0000
0000
0000
0000
0000
0000
0000
0000
0000
0000
0000
0000
0000
0000
0000
0000
0000
0000
0000
0000
0000
0000
0000
0000
0000
0000
0000
0000
0000
0000
0000
0000
0000
0000
0000
0000
0000
0000
0000
0000
0000
0000
0000
0000
0000
0000
0000
0000
0000
0000
0000
0000
0000
0000
0000
0000
0000
0000
0000
0000
0000
0000
0000
0000
0000
0000
0000
0000
0000
0000
0000
0000
0000
0000
0000
0000
0000
0000
0000
0000
0000
0000
0000
0000
0000
0000
0000
0000
0000
0000
0000
0000
0000
0000
0000
0000
0000
0000
0000
0000
0000
0000
0000
0000
0000
0000
0000
0000
0000
0000
0000
0000
0000
0000
0000
0000
0000
0000
0000
0000
0000
0000
0000
0000
0000
0000
0000
0000
0000
0000
0000
0000
0000
0000
0000
0000
0000
0000
0000
0000
0000
0000
0000
0000
0000
0000
0000
0000
0000
0000
0000
0000
0000
0000
0000
0000
0000
0000
0000
0000
0000
0000
0000
0000
0000
0000
0000
0000
0000
0000
0000
0000
0000
0000
0000
0000
0000
0000
0000
0000
0000
0000
0000
0000
0000
0000
0000
0000
0000
0000
0000
0000
0000
0000
0000
0000
0000
0000
0000
0000
0000
0000
0000
0000
0000
0000
0000
0000
0000
0000
0000
0000
0000
0000
0000
0000
0000
0000
0000
0000
0000
0000
0000
0000
0000
0000
0000
0000
0000
0000
0000
0000
0000
0000
0000
0000
0000
0000
0000
0000
0000
0000
0000
0000
0000
0000
0000
0000
0000
0000
0000
0000
0000
0000
0000
0000
0000
0000
0000
0000
0000
0000
0000
0000
0000
0000
0000
0000
0000
0000
0000
0000
0000
0000
0000
0000
0000
0000
0000
0000
0000
0000
0000
0000
0000
0000
0000
0000
0000
0000
0000
0000
0000
0000
0000
0000
0000
0000
0000
0000
0000
0000
0000
0000
0000
0000
0000
0000
0000
0000
0000
0000
0000
0000
0000
0000
0000
0000
0000
0000
0000
0000
0000
0000
0000
0000
0000
0000
0000
0000
0000
0000
0000
0000
0000
0000
0000
0000
0000
0000
0000
0000
0000
0000
0000
0000
0000
0000
0000
0000
0000
0000
0000
0000
0000
0000
0000
0000
0000
0000
0000
0000
0000
0000
0000
0000
0000
0000
0000
0000
0000
0000
0000
0000
0000
0000
0000
0000
0000
0000
0000
0000
0000
0000
0000
0000
0000
0000
0000
0000
0000
0000
0000
0000
0000
0000
0000
0000
0000
0000
0000
0000
0000
0000
0000
0000
0000
0000
0000
0000
0000
0000
0000
0000
0000
0000
0000
0000
0000
0000
0000
0000
0000
0000
0000
0000
0000
0000
0000
0000
0000
0000
0000
0000
0000
0000
0000
0000
0000
0000
0000
0000
0000
0000
0000
0000
0000
0000
0000
0000
0000
0000
0000
0000
0000
0000
0000
0000
0000
0000
0000
0000
0000
0000
0000
0000
0000
0000
0000
0000
0000
0000
0000
0000
0000
0000
0000
0000
0000
0000
0000
0000
0000
0000
0000
0000
0000
0000
0000
0000
0000
0000
0000
0000
0000
0000
0000
0000
0000
0000
0000
0000
0000
0000
0000
0000
0000
0000
0000
0000
0000
0000
0000
0000
0000
0000
0000
0000
0000
0000
0000
0000
0000
0000
0000
0000
0000
0000
0000
0000
0000
0000
0000
0000
0000
0000
0000
0000
0000
0000
0000
0000
0000
0000
0000
0000
0000
0000
0000
0000
0000
0000
0000
0000
0000
0000
0000
0000
0000
0000
0000
0000
0000
0000
0000
0000
0000
0000
0000
0000
0000
0000
0000
0000
0000
0000
0000
0000
0000
0000
0000
0000
0000
0000
0000
0000
0000
0000
0000
0000
0000
0000
0000
0000
0000
0000
0000
0000
0000
0000
0000
0000
0000
0000
0000
0000
0000
0000
0000
0000
0000
0000
0000
0000
0000
0000
0000
0000
0000
0000
0000
0000
0000
0000
0000
0000
0000
0000
0000
0000
0000
0000
0000
0000
0000
0000
0000
0000
0000
0000
0000
0000
0000
0000
0000
0000
0000
0000
0000
0000
0000
0000
0000
0000
0000
0000
0000
0000
0000
0000
0000
0000
0000
0000
0000
0000
0000
0000
0000
0000
0000
0000
0000
0000
0000
0000
0000
0000
0000
0000
0000
0000
0000
0000
0000
0000
0000
0000
0000
0000
0000
0000
0000
0000
0000
0000
0000
0000
0000
0000
0000
0000
0000
0000
0000
0000
0000
0000
0000
0000
0000
0000
0000
0000
0000
0000
0000
0000
0000
0000
0000
0000
0000
0000
0000
0000
0000
0000
0000
0000
0000
0000
0000
0000
0000
0000
0000
0000
0000
0000
0000
0000
0000
0000
0000
0000
0000
0000
0000
0000
0000
0000
0000
0000
0000
0000
0000
0000
0000
0000
0000
0000
0000
0000
0000
0000
0000
0000
0000
0000
0000
0000
0000
0000
0000
0000
0000
0000
0000
0000
0000
0000
0000
0000
0000
0000
0000
0000
0000
0000
0000
0000
0000
0000
0000
0000
0000
0000
0000
0000
0000
0000
0000
0000
0000
0000
0000
0000
0000
0000
0000
0000
0000
0000
0000
0000
0000
0000
0000
0000
0000
0000
0000
0000
0000
0000
0000
0000
0000
0000
0000
0000
0000
0000
0000
0000
0000
0000
0000
0000
0000
0000
0000
0000
0000
0000
0000
0000
0000
0000
0000
0000
0000
0000
0000
0000
0000
0000
0000
0000
0000
0000
0000
0000
0000
0000
0000
0000
0000
0000
0000
0000
0000
0000
0000
0000
0000
0000
0000
0000
0000
0000
0000
0000
0000
0000
0000
0000
0000
0000
0000
0000
0000
0000
0000
0000
0000
0000
0000
0000
0000
0000
0000
0000
0000
0000
0000
0000
0000
0000
0000
0000
0000
0000
0000
0000
0000
0000
0000
0000
0000
0000
0000
0000
0000
0000
0000
0000
0000
0000
0000
0000
0000
0000
0000
0000
0000
0000
0000
0000
0000
0000
0000
0000
0000
0000
0000
0000
0000
0000
0000
0000
0000
0000
0000
0000
0000
0000
0000
0000
0000
0000
0000
0000
0000
0000
0000
0000
0000
0000
0000
0000
0000
0000
0000
0000
0000
0000
0000
0000
0000
0000
0000
0000
0000
0000
0000
0000
0000
0000
0000
0000
0000
0000
0000
0000
0000
0000
0000
0000
0000
0000
0000
0000
0000
0000
0000
0000
0000
0000
0000
0000
0000
0000
0000
0000
0000
0000
0000
0000
0000
0000
0000
0000
0000
0000
0000
0000
0000
0000
0000
0000
0000
0000
0000
0000
0000
0000
0000
0000
0000
0000
0000
0000
0000
0000
0000
0000
0000
0000
0000
0000
0000
0000
0000
0000
0000
0000
0000
0000
0000
0000
0000
0000
0000
0000
0000
0000
0000
0000
0000
0000
0000
0000
0000
0000
0000
0000
0000
0000
0000
0000
0000
0000
0000
0000
0000
0000
0000
0000
0000
0000
0000
0000
0000
0000
0000
0000
0000
0000
0000
0000
0000
0000
0000
0000
0000
0000
0000
0000
0000
0000
0000
0000
0000
0000
0000
0000
0000
0000
0000
0000
0000
0000
0000
0000
0000
0000
0000
0000
0000
0000
0000
0000
0000
0000
0000
0000
0000
0000
0000
0000
0000
0000
0000
0000
0000
0000
0000
0000
0000
0000
0000
0000
0000
0000
0000
0000
0000
0000
0000
0000
0000
0000
0000
0000
0000
0000
0000
0000
0000
0000
0000
0000
0000
0000
0000
0000
0000
0000
0000
0000
0000
0000
0000
0000
0000
0000
0000
0000
0000
0000
0000
0000
0000
0000
0000
0000
0000
0000
0000
0000
0000
0000
0000
0000
0000
0000
0000
0000
0000
0000
0000
0000
0000
0000
0000
0000
0000
0000
0000
0000
0000
0000
0000
0000
0000
0000
0000
0000
0000
0000
0000
0000
0000
0000
0000
0000
0000
0000
0000
0000
0000
0000
0000
0000
0000
0000
0000
0000
0000
0000
0000
0000
0000
0000
0000
0000
0000
0000
0000
0000
0000
0000
0000
0000
0000
0000
0000
0000
0000
0000
0000
0000
0000
0000
0000
0000
0000
0000
0000
0000
0000
0000
0000
0000
0000
0000
0000
0000
0000
0000
0000
0000
0000
0000
0000
0000
0000
0000
0000
0000
0000
0000
0000
0000
0000
0000
0000
0000
0000
0000
0000
0000
0000
0000
0000
0000
0000
0000
0000
0000
0000
0000
0000
0000
0000
0000
0000
0000
0000
0000
0000
0000
0000
0000
0000
0000
0000
0000
0000
0000
0000
0000
0000
0000
0000
0000
0000
0000
0000
0000
0000
0000
0000
0000
0000
0000
0000
0000
0000
0000
0000
0000
0000
0000
0000
0000
0000
0000
0000
0000
0000
0000
0000
0000
0000
0000
0000
0000
0000
0000
0000
0000
0000
0000
0000
0000
0000
0000
0000
0000
0000
0000
0000
0000
0000
0000
0000
0000
0000
0000
0000
0000
0000
0000
0000
0000
0000
0000
0000
0000
0000
0000
0000
0000
0000
0000
0000
0000
0000
0000
0000
0000
0000
0000
0000
0000
0000
0000
0000
0000
0000
0000
0000
0000
0000
0000
0000
0000
0000
0000
0000
0000
0000
0000
0000
0000
0000
0000
0000
0000
0000
0000
0000
0000
0000
0000
0000
0000
0000
0000
0000
0000
0000
0000
0000
0000
0000
0000
0000
0000
0000
0000
0000
0000
0000
0000
0000
0000
0000
0000
0000
0000
0000
0000
0000
0000
0000
0000
0000
0000
0000
0000
0000
0000
0000
0000
0000
0000
0000
0000
0000
0000
0000
0000
0000
0000
0000
0000
0000
0000
0000
0000
0000
0000
0000
0000
0000
0000
0000
0000
0000
0000
0000
0000
0000
0000
0000
0000
0000
0000
0000
0000
0000
0000
0000
0000
0000
0000
0000
0000
0000
0000
0000
0000
0000
0000
0000
0000
0000
0000
0000
0000
0000
0000
0000
0000
0000
0000
0000
0000
0000
0000
0000
0000
0000
0000
0000
0000
0000
0000
0000
0000
0000
0000
0000
0000
0000
0000
0000
0000
0000
0000
0000
0000
0000
0000
0000
0000
0000
0000
0000
0000
0000
0000
0000
0000
0000
0000
0000
0000
0000
0000
0000
0000
0000
0000
0000
0000
0000
0000
0000
0000
0000
0000
0000
0000
0000
0000
0000
0000
0000
0000
0000
0000
0000
0000
0000
0000
0000
0000
0000
0000
0000
0000
0000
0000
0000
0000
0000
0000
0000
0000
0000
0000
0000
0000
0000
0000
0000
0000
0000
0000
0000
0000
0000
0000
0000
0000
0000
0000
0000
0000
0000
0000
0000
0000
0000
0000
0000
0000
0000
0000
0000
0000
0000
0000
0000
0000
0000
0000
0000
0000
0000
0000
0000
0000
0000
0000
0000
0000
0000
0000
0000
0000
0000
0000
0000
0000
0000
0000
0000
0000
0000
0000
0000
0000
0000
0000
0000
0000
0000
0000
0000
0000
0000
0000
0000
0000
0000
0000
0000
0000
0000
0000
0000
0000
0000
0000
0000
0000
0000
0000
0000
0000
0000
0000
0000
0000
0000
0000
0000
0000
0000
0000
0000
0000
0000
0000
0000
0000
0000
0000
0000
0000
0000
0000
0000
0000
0000
0000
0000
0000
0000
0000
0000
0000
0000
0000
0000
0000
0000
0000
0000
0000
0000
0000
0000
0000
0000
0000
0000
0000
0000
0000
0000
0000
0000
0000
0000
0000
0000
0000
0000
0000
0000
0000
0000
0000
0000
0000
0000
0000
0000
0000
0000
0000
0000
0000
0000
0000
0000
0000
0000
0000
0000
0000
0000
0000
0000
0000
0000
0000
0000
0000
0000
0000
0000
0000
0000
0000
0000
0000
0000
0000
0000
0000
0000
0000
0000
0000
0000
0000
0000
0000
0000
0000
0000
0000
0000
0000
0000
0000
0000
0000
0000
0000
0000
0000
0000
0000
0000
0000
0000
0000
0000
0000
0000
0000
0000
0000
0000
0000
0000
0000
0000
0000
0000
0000
0000
0000
0000
0000
0000
0000
0000
0000
0000
0000
0000
0000
0000
0000
0000
0000
0000
0000
0000
0000
0000
0000
0000
0000
0000
0000
0000
0000
0000
0000
0000
0000
0000
0000
0000
0000
0000
0000
0000
0000
0000
0000
0000
0000
0000
0000
0000
0000
0000
0000
0000
0000
0000
0000
0000
0000
0000
0000
0000
0000
0000
0000
0000
0000
0000
0000
0000
0000
0000
0000
0000
0000
0000
0000
0000
0000
0000
0000
0000
0000
0000
0000
0000
0000
0000
0000
0000
0000
0000
0000
0000
0000
0000
0000
0000
0000
0000
0000
0000
0000
0000
0000
0000
0000
0000
0000
0000
0000
0000
0000
0000
0000
0000
0000
0000
0000
0000
0000
0000
0000
0000
0000
0000
0000
0000
0000
0000
0000
0000
0000
0000
0000
0000
0000
0000
0000
0000
0000
0000
0000
0000
0000
0000
0000
0000
0000
0000
0000
0000
0000
0000
0000
0000
0000
0000
0000
0000
0000
0000
0000
0000
0000
0000
0000
0000
0000
0000
0000
0000
0000
0000
0000
0000
0000
0000
0000
0000
0000
0000
0000
0000
0000
0000
0000
0000
0000
0000
0000
0000
0000
0000
0000
0000
0000
0000
0000
0000
0000
0000
0000
0000
0000
0000
0000
0000
0000
0000
0000
0000
0000
0000
0000
0000
0000
0000
0000
0000
0000
0000
0000
0000
0000
0000
0000
0000
0000
0000
0000
0000
0000
0000
0000
0000
0000
0000
0000
0000
0000
0000
0000
0000
0000
0000
0000
0000
0000
0000
0000
0000
0000
0000
0000
0000
0000
0000
0000
0000
0000
0000
0000
0000
0000
0000
0000
0000
0000
0000
0000
0000
0000
0000
0000
0000
0000
0000
0000
0000
0000
0000
0000
0000
0000
0000
0000
0000
0000
0000
0000
0000
0000
0000
0000
0000
0000
0000
0000
0000
0000
0000
0000
0000
0000
0000
0000
0000
0000
0000
0000
0000
0000
0000
0000
0000
0000
0000
0000
0000
0000
0000
0000
0000
0000
0000
0000
0000
0000
0000
0000
0000
0000
0000
0000
0000
0000
0000
0000
0000
0000
0000
0000
0000
0000
0000
0000
0000
0000
0000
0000
0000
0000
0000
0000
0000
0000
0000
0000
0000
0000
0000
0000
0000
0000
0000
0000
0000
0000
0000
0000
0000
0000
0000
0000
0000
0000
0000
0000
0000
0000
0000
0000
0000
0000
0000
0000
0000
0000
0000
0000
0000
0000
0000
0000
0000
0000
0000
0000
0000
0000
0000
0000
0000
0000
0000
0000
0000
0000
0000
0000
0000
0000
0000
0000
0000
0000
0000
0000
0000
0000
0000
0000
0000
0000
0000
0000
0000
0000
0000
0000
0000
0000
0000
0000
0000
0000
0000
0000
0000
0000
0000
0000
0000
0000
0000
0000
0000
0000
0000
0000
0000
0000
0000
0000
0000
0000
0000
0000
0000
0000
0000
0000
0000
0000
0000
0000
0000
0000
0000
0000
0000
0000
0000
0000
0000
0000
0000
0000
0000
0000
0000
0000
0000
0000
0000
0000
0000
0000
0000
0000
0000
0000
0000
0000
0000
0000
0000
0000
0000
0000
0000
0000
0000
0000
0000
0000
0000
0000
0000
0000
0000
0000
0000
0000
0000
0000
0000
0000
0000
0000
0000
0000
0000
0000
0000
0000
0000
0000
0000
0000
0000
0000
0000
0000
0000
0000
0000
0000
0000
0000
0000
0000
0000
0000
0000
0000
0000
0000
0000
0000
0000
0000
0000
0000
0000
0000
0000
0000
0000
0000
0000
0000
0000
0000
0000
0000
0000
0000
0000
0000
0000
0000
0000
0000
0000
0000
0000
0000
0000
0000
0000
0000
0000
0000
0000
0000
0000
0000
0000
0000
0000
0000
0000
0000
0000
0000
0000
0000
0000
0000
0000
0000
0000
0000
0000
0000
0000
0000
0000
0000
0000
0000
0000
0000
0000
0000
0000
0000
0000
0000
0000
0000
0000
0000
0000
0000
0000
0000
0000
0000
0000
0000
0000
0000
0000
0000
0000
0000
0000
0000
0000
0000
0000
0000
0000
0000
0000
0000
0000
0000
0000
0000
0000
0000
0000
0000
0000
0000
0000
0000
0000
0000
0000
0000
0000
0000
0000
0000
0000
0000
0000
0000
0000
0000
0000
0000
0000
0000
0000
0000
0000
0000
0000
0000
0000
0000
0000
0000
0000
0000
0000
0000
0000
0000
0000
0000
0000
0000
0000
0000
0000
0000
0000
0000
0000
0000
0000
0000
0000
0000
0000
0000
0000
0000
0000
0000
0000
0000
0000
0000
0000
0000
0000
0000
0000
0000
0000
0000
0000
0000
0000
0000
0000
0000
0000
0000
0000
0000
0000
0000
0000
0000
0000
0000
0000
0000
0000
0000
0000
0000
0000
0000
0000
0000
0000
0000
0000
0000
0000
0000
0000
0000
0000
0000
0000
0000
0000
0000
0000
0000
0000
0000
0000
0000
0000
0000
0000
0000
0000
0000
0000
0000
0000
0000
0000
0000
0000
0000
0000
0000
0000
0000
0000
0000
0000
0000
0000
0000
0000
0000
0000
0000
0000
0000
0000
0000
0000
0000
0000
0000
0000
0000
0000
0000
0000
0000
0000
0000
0000
0000
0000
0000
0000
0000
0000
0000
0000
0000
0000
0000
0000
0000
0000
0000
0000
0000
0000
0000
0000
0000
0000
0000
0000
0000
0000
0000
0000
0000
0000
0000
0000
0000
0000
0000
0000
0000
0000
0000
0000
0000
0000
0000
0000
0000
0000
0000
0000
0000
0000
0000
0000
0000
0000
0000
0000
0000
0000
0000
0000
0000
0000
0000
0000
0000
0000
0000
0000
0000
0000
0000
0000
0000
0000
0000
0000
0000
0000
0000
0000
0000
0000
0000
0000
0000
0000
0000
0000
0000
0000
0000
0000
0000
0000
0000
0000
0000
0000
0000
0000
0000
0000
0000
0000
0000
0000
0000
0000
0000
0000
0000
0000
0000
0000
0000
0000
0000
0000
0000
0000
0000
0000
0000
0000
0000
0000
0000
0000
0000
0000
0000
0000
0000
0000
0000
0000
0000
0000
0000
0000
0000
0000
0000
0000
0000
0000
0000
0000
0000
0000
0000
0000
0000
0000
0000
0000
0000
0000
0000
0000
0000
0000
0000
0000
0000
0000
0000
0000
0000
0000
0000
0000
0000
0000
0000
0000
0000
0000
0000
0000
0000
0000
0000
0000
0000
0000
0000
0000
0000
0000
0000
0000
0000
0000
0000
0000
0000
0000
0000
0000
0000
0000
0000
0000
0000
0000
0000
0000
0000
0000
0000
0000
0000
0000
0000
0000
0000
0000
0000
0000
0000
0000
0000
0000
0000
0000
0000
0000
0000
0000
0000
0000
0000
0000
0000
0000
0000
0000
0000
0000
0000
0000
0000
0000
0000
0000
0000
0000
0000
0000
0000
0000
0000
0000
0000
0000
0000
0000
0000
0000
0000
0000
0000
0000
0000
0000
0000
0000
0000
0000
0000
0000
0000
0000
0000
0000
0000
0000
0000
0000
0000
0000
0000
0000
0000
0000
0000
0000
0000
0000
0000
0000
0000
0000
0000
0000
0000
0000
0000
0000
0000
0000
0000
0000
0000
0000
0000
0000
0000
0000
0000
0000
0000
0000
0000
0000
0000
0000
0000
0000
0000
0000
0000
0000
0000
0000
0000
0000
0000
0000
0000
0000
0000
0000
0000
0000
0000
0000
0000
0000
0000
0000
0000
0000
0000
0000
0000
0000
0000
0000
0000
0000
0000
0000
0000
0000
0000
0000
0000
0000
0000
0000
0000
0000
0000
0000
0000
0000
0000
0000
0000
0000
0000
0000
0000
0000
0000
0000
0000
0000
0000
0000
0000
0000
0000
0000
0000
0000
0000
0000
0000
0000
0000
0000
0000
0000
0000
0000
0000
0000
0000
0000
0000
0000
0000
0000
0000
0000
0000
0000
0000
0000
0000
0000
0000
0000
0000
0000
0000
0000
0000
0000
0000
0000
0000
0000
0000
0000
0000
0000
0000
0000
0000
0000
0000
0000
0000
0000
0000
0000
0000
0000
0000
0000
0000
0000
0000
0000
0000
0000
0000
0000
0000
0000
0000
0000
0000
0000
0000
0000
0000
0000
0000
0000
0000
0000
0000
0000
0000
0000
0000
0000
0000
0000
0000
0000
0000
0000
0000
0000
0000
0000
0000
0000
0000
0000
0000
0000
0000
0000
0000
0000
0000
0000
0000
0000
0000
0000
0000
0000
0000
0000
0000
0000
0000
0000
0000
0000
0000
0000
0000
0000
0000
0000
0000
0000
0000
0000
0000
0000
0000
0000
0000
0000
0000
0000
0000
0000
0000
0000
0000
0000
0000
0000
0000
0000
0000
0000
0000
0000
0000
0000
0000
0000
0000
0000
0000
0000
0000
0000
0000
0000
0000
0000
0000
0000
0000
0000
0000
0000
0000
0000
0000
0000
0000
0000
0000
0000
0000
0000
0000
0000
0000
0000
0000
0000
0000
0000
0000
0000
0000
0000
0000
0000
0000
0000
0000
0000
0000
0000
0000
0000
0000
0000
0000
0000
0000
0000
0000
0000
0000
0000
0000
0000
0000
0000
0000
0000
0000
0000
0000
0000
0000
0000
0000
0000
0000
0000
0000
0000
0000
0000
0000
0000
0000
0000
0000
0000
0000
0000
0000
0000
0000
0000
0000
0000
0000
0000
0000
0000
0000
0000
0000
0000
0000
0000
0000
0000
0000
0000
0000
0000
0000
0000
0000
0000
0000
0000
0000
0000
0000
0000
0000
0000
0000
0000
0000
0000
0000
0000
0000
0000
0000
0000
0000
0000
0000
0000
0000
0000
0000
0000
0000
0000
0000
0000
0000
0000
0000
0000
0000
0000
0000
0000
0000
0000
0000
0000
0000
0000
0000
0000
0000
0000
0000
0000
0000
0000
0000
0000
0000
0000
0000
0000
0000
0000
0000
0000
0000
0000
0000
0000
0000
0000
0000
0000
0000
0000
0000
0000
0000
0000
0000
0000
0000
0000
0000
0000
0000
0000
0000
0000
0000
0000
0000
0000
0000
0000
0000
0000
0000
0000
0000
0000
0000
0000
0000
0000
0000
0000
0000
0000
0000
0000
0000
0000
0000
0000
0000
0000
0000
0000
0000
0000
0000
0000
0000
0000
0000
0000
0000
0000
0000
0000
0000
0000
0000
0000
0000
0000
0000
0000
0000
0000
0000
0000
0000
0000
0000
0000
0000
0000
0000
0000
1000
2000
7f00
2000
1000
0000
0000
0000
0000
0000
0000
0800
1c00
2a00
0800
0800
0800
0800
0800
0800
0800
0800
0800
0800
0800
0000
0000
0000
0000
0000
0000
0000
0800
0400
fe00
0400
0800
0000
0000
0000
0000
0800
0800
0800
0800
0800
0800
0800
0800
0800
0800
0800
2a00
1c00
0800
0000
0000
0000
0000
0000
0000
0000
0000
0000
2400
4200
ff00
4200
2400
0000
0000
0000
0000
0000
0000
0800
1c00
2a00
0800
0800
0800
0800
0800
0800
2a00
1c00
0800
0000
0000
0000
0000
0000
0000
0000
7800
6000
5000
4800
0400
0200
0000
0000
0000
0000
0000
0000
0000
0000
0000
0000
1e00
0600
0a00
1200
2000
4000
0000
0000
0000
0000
0000
0000
0000
0000
0000
0000
4000
2000
1200
0a00
0600
1e00
0000
0000
0000
0000
0000
0000
0000
0000
0000
0000
0000
0200
0400
4800
5000
6000
7800
0000
0000
0000
0000
0000
0000
0000
0000
0000
0400
0400
1400
2400
7f00
2400
1400
0400
0400
0000
0000
0000
0000
0000
0000
0000
2000
2000
2800
2400
fe00
2400
2800
2000
2000
0000
0000
0000
0000
0000
0000
0000
0000
3800
301c
2822
0441
0380
0000
0000
0000
0000
0000
0000
0000
0000
0000
0000
0000
001c
380c
4414
8220
01c0
0000
0000
0000
0000
0000
0000
0000
0000
0000
0000
0000
0000
2400
4800
ff00
4800
2400
0000
0000
0000
0000
0000
0000
0800
1c00
2a00
0800
1c00
2a00
0800
0800
0800
0800
0800
0800
0800
0800
0000
0000
0000
0000
0000
0000
0000
2400
1200
ff00
1200
2400
0000
0000
0000
0000
0800
0800
0800
0800
0800
0800
0800
0800
0800
2a00
1c00
0800
2a00
1c00
0800
0000
0000
0000
0000
0000
0000
0000
0000
1100
2200
7c00
2200
1100
0000
0000
0000
0000
0000
0000
0000
0000
0000
0000
0000
8800
4400
3e00
4400
8800
0000
0000
0000
0000
0000
0000
0000
0000
0000
0000
0000
1200
2200
7e00
2200
1200
0000
0000
0000
0000
0000
0000
0800
1c00
2a00
0800
0800
0800
0800
0800
0800
0800
0800
3e00
0000
0000
0000
0000
0000
0000
0000
0000
0000
4800
4400
7e00
4400
4800
0000
0000
0000
0000
0000
0000
3e00
0800
0800
0800
0800
0800
0800
0800
0800
2a00
1c00
0800
0000
0000
0000
0000
0800
1c00
2a00
0800
0800
0800
0800
0800
2a00
1c00
0800
3e00
0000
0000
0000
0000
0000
0000
0000
0000
0200
1100
2100
7e00
2000
1000
0000
0000
0000
0000
0000
0000
0000
0000
0000
0000
2000
4400
4200
3f00
0200
0400
0000
0000
0000
0000
0000
0000
0000
0000
0000
0000
0200
1500
2500
7e00
2400
1400
0000
0000
0000
0000
0000
0000
0000
0000
0000
0000
2000
5400
5200
3f00
1200
1400
0000
0000
0000
0000
0000
0000
0000
0000
0000
0000
0000
2400
5a00
e700
4200
2400
0000
0000
0000
0000
0000
0000
0000
0000
0000
0800
0800
2c00
4a00
ff00
4a00
2c00
0800
0800
0000
0000
0000
0000
4000
4000
4000
4800
5800
6800
4800
0800
0800
2a00
1c00
0800
0000
0000
0000
0000
0000
0000
0000
0000
0000
1000
2000
7800
2400
1400
0400
0400
0400
0400
0000
0000
0000
0000
0000
0000
0000
0800
0400
1e00
2400
2800
2000
2000
2000
2000
0400
0400
0400
0400
0400
0400
0400
1400
2400
7800
2000
1000
0000
0000
0000
0000
2000
2000
2000
2000
2000
2000
2000
2800
2400
1e00
0400
0800
0000
0000
0000
0000
0000
0000
0000
0000
0000
0000
0000
0000
0000
fc00
0400
1500
0e00
0400
0000
0000
0400
0400
0400
0400
0400
0400
0400
1400
2400
7c00
2000
1000
0000
0000
0000
0000
0000
0000
0000
0000
0000
0000
1e00
2100
a900
7100
2000
0000
0000
0000
0000
0000
0000
0000
0000
0000
0000
0000
7800
8400
9500
8e00
0400
0000
0000
0000
0000
0000
0000
0000
0000
7e00
0000
7800
6000
5000
4800
0400
0200
0000
0000
0000
0000
0000
0000
0000
0000
5000
6000
7e00
6000
5000
0000
0a00
0600
7e00
0600
0a00
0000
0000
0000
0000
0000
0000
0000
0000
0000
2e00
4c00
4a00
4200
4200
3c00
0000
0000
0000
0000
0000
0000
0000
0000
0000
0000
7400
3200
5200
4200
4200
3c00
0000
0000
0000
0000
0000
0000
0000
0000
0000
0000
1000
2000
7f00
0000
0000
0000
0000
0000
0000
0000
0000
0000
0000
0000
0000
0000
0000
0000
7f00
2000
1000
0000
0000
0000
0000
0000
0000
0800
0c00
0a00
0800
0800
0800
0800
0800
0800
0800
0800
0800
0800
0800
0000
0000
0800
1800
2800
0800
0800
0800
0800
0800
0800
0800
0800
0800
0800
0800
0000
0000
0000
0000
0000
0000
0000
0800
0400
fe00
0000
0000
0000
0000
0000
0000
0000
0000
0000
0000
0000
0000
0000
0000
0000
fe00
0400
0800
0000
0000
0000
0000
0800
0800
0800
0800
0800
0800
0800
0800
0800
0800
0800
0a00
0c00
0800
0000
0000
0800
0800
0800
0800
0800
0800
0800
0800
0800
0800
0800
2800
1800
0800
0000
0000
0000
0000
0000
0800
0400
7e00
0400
0800
0000
1000
2000
7e00
2000
1000
0000
0000
0000
0000
2400
7400
ac00
2400
2400
2400
2400
2400
2400
3500
2e00
2400
0000
0000
0000
0000
0000
1000
2000
7e00
2000
1000
0000
0800
0400
7e00
0400
0800
0000
0000
0000
0000
0000
1000
2000
7e00
2000
1000
0000
1000
2000
7e00
2000
1000
0000
0000
0000
0000
2400
7e00
a500
2400
2400
2400
2400
2400
2400
2400
2400
2400
0000
0000
0000
0000
0000
0800
0400
7e00
0400
0800
0000
0800
0400
7e00
0400
0800
0000
0000
0000
0000
2400
2400
2400
2400
2400
2400
2400
2400
2400
a500
7e00
2400
0000
0000
0000
0000
0000
0000
0000
0000
1000
2000
7e00
0000
7e00
0400
0800
0000
0000
0000
0000
0000
0000
0000
0000
0000
0800
0400
7e00
0000
7e00
2000
1000
0000
0000
0000
0000
0000
0000
0000
0000
0800
0800
2800
7e00
8800
7e00
2800
0800
0800
0000
0000
0000
0000
0000
0000
0000
0800
0800
2c00
7e00
8900
7e00
2c00
0800
0800
0000
0000
0000
0000
0000
0000
0000
1000
1000
1400
7e00
1100
7e00
1400
1000
1000
0000
0000
0000
0000
0000
0000
0000
0000
0000
1000
3e00
4000
3e00
1000
0000
0000
0000
0000
0000
0000
0800
1400
3600
1400
1400
1400
1400
1400
1400
1400
1400
1400
0000
0000
0000
0000
0000
0000
0000
0000
0000
0800
7c00
0200
7c00
0800
0000
0000
0000
0000
0000
0000
1400
1400
1400
1400
1400
1400
1400
1400
1400
3600
1400
0800
0000
0000
0000
0000
0000
0000
0000
0000
0000
2400
7e00
8100
7e00
2400
0000
0000
0000
0000
0000
0000
0800
1400
3600
1400
1400
1400
1400
1400
1400
3600
1400
0800
0000
0000
0000
0000
0000
0000
0000
7800
5000
6800
5400
0a00
0400
0000
0000
0000
0000
0000
0000
0000
0000
0000
0000
1e00
0a00
1600
2a00
5000
2000
0000
0000
0000
0000
0000
0000
0000
0000
0000
0000
2000
5000
2a00
1600
0a00
1e00
0000
0000
0000
0000
0000
0000
0000
0000
0000
0000
0400
0a00
5400
6800
5000
7800
0000
0000
0000
0000
0000
0000
0000
0000
0000
0000
0000
1000
3e00
4000
fe00
4000
3e00
1000
0000
0000
0000
0000
0000
0000
0000
0000
0000
0800
7c00
0200
7f00
0200
7c00
0800
0000
0000
0000
0000
0000
0000
0000
0000
0000
0000
2000
4200
f500
4800
2000
0000
0000
0000
0000
0000
0000
0000
0000
0000
0000
0000
0400
4200
af00
1200
0400
0000
0000
0000
0000
0000
0000
0800
1c00
2a00
0800
0800
0800
3e00
0800
3e00
0800
0800
0800
0800
0800
0800
0800
0800
0800
0800
3e00
0800
3e00
0800
0800
0800
2a00
1c00
0800
0000
0000
0000
0000
0000
0000
0000
0000
0000
1000
2000
7700
2000
1000
0000
0000
0000
0000
0000
0000
0800
1c00
2a00
0800
0800
0000
0800
0800
0800
0800
0000
0800
0800
0800
0000
0000
0000
0000
0000
0000
0000
0400
0200
ef00
0200
0400
0000
0000
0000
0000
0800
0800
0800
0000
0800
0800
0800
0800
0000
0800
0800
2a00
1c00
0800
0000
0000
0000
0000
0000
0000
0000
0000
0000
5000
6000
7f00
6000
5000
0000
0000
0000
0000
0000
0000
0000
0000
0000
0000
0000
0a00
0600
fe00
0600
0a00
0000
0000
0000
0000
0000
0000
0000
0000
0000
0000
1000
3000
5f00
8100
5f00
3000
1000
0000
0000
0000
0000
0000
0800
1400
2200
7700
1400
1400
1400
1400
1400
1400
1400
1c00
0000
0000
0000
0000
0000
0000
0000
0000
0800
0c00
fa00
8100
fa00
0c00
0800
0000
0000
0000
0000
0000
1c00
1400
1400
1400
1400
1400
1400
1400
7700
2200
1400
0800
0000
0000
0000
0000
0800
1400
2200
7700
1400
1400
1400
1c00
0000
1c00
1400
1c00
0000
0000
0000
0000
0800
1400
2200
6300
2200
2200
2200
2200
2200
6300
4100
7f00
0000
0000
0000
0000
0800
1400
3e00
6300
2200
2200
2200
2200
2200
6300
4100
7f00
0000
0000
0000
0000
0800
1c00
2a00
6b00
2a00
2a00
2a00
2a00
2a00
6b00
4900
7f00
0000
0000
0000
0800
1400
2a00
7700
2200
6300
2200
2200
2200
2200
2200
2200
3e00
0000
0000
0000
0800
1400
2a00
7700
2200
6300
2200
2200
2200
2200
6300
4100
7f00
0000
0000
0000
0000
0000
0000
0000
0000
0800
6c00
7a00
4100
7a00
6c00
0800
0000
0000
0000
0000
0000
0000
0000
0000
7f00
4000
5c00
5800
5400
4200
4100
4000
4000
0000
0000
0000
0000
0000
0000
0000
0100
0100
4100
2100
1500
0d00
1d00
0100
7f00
0000
0000
0000
0000
0800
1400
3600
1400
1400
1400
1400
1400
1400
3600
1400
0800
0000
0000
0000
0000
0000
0000
0000
0000
0000
0708
0884
fffe
0884
0708
0000
0000
0000
0000
0000
0000
2400
2e00
3500
2400
2400
2400
2400
2400
2400
ac00
7400
2400
0000
0000
0000
0000
0000
0400
0200
ff00
0200
0400
0200
ff00
0200
0400
0200
ff00
0200
0400
0000
0000
0000
0000
0000
0000
0000
2400
4400
ff00
4400
2400
0000
0000
0000
0000
0000
0000
0000
0000
0000
0000
0000
2400
2200
ff00
2200
2400
0000
0000
0000
0000
0000
0000
0000
0000
0000
0000
0000
0920
1110
3ff8
1110
0920
0000
0000
0000
0000
0000
0000
0000
0000
0000
0000
0000
1140
2140
7fff
2140
1140
0000
0000
0000
0000
0000
0000
0000
0000
0000
0000
0000
0288
0284
fffe
0284
0288
0000
0000
0000
0000
0000
0000
0000
0000
0000
0000
0000
1290
2288
7ffc
2288
1290
0000
0000
0000
0000
0000
0000
0000
0000
0000
0000
0000
2000
6000
bf00
6000
2000
0000
0000
0000
0000
0000
0000
0000
0000
0000
0000
0000
0400
0600
fd00
0600
0400
0000
0000
0000
0000
0000
0000
0000
0000
0000
0000
0000
0810
1818
2ff4
1818
0810
0000
0000
0000
0000
0000
0000
0000
0000
0000
0000
0000
7f00
7f00
7f00
7f00
7f00
7f00
7f00
0000
0000
0000
0000
0000
0000
0000
0000
7f00
4100
4100
4100
4100
4100
7f00
0000
0000
0000
0000
0000
0000
0000
0000
0000
3e00
4100
4100
4100
4100
4100
3e00
0000
0000
0000
0000
0000
0000
0000
0000
0000
7f00
4100
5d00
5d00
5d00
4100
7f00
0000
0000
0000
0000
0000
0000
0000
0000
0000
7f00
4100
7f00
4100
7f00
4100
7f00
0000
0000
0000
0000
0000
0000
0000
0000
0000
7f00
5500
5500
5500
5500
5500
7f00
0000
0000
0000
0000
0000
0000
0000
0000
0000
7f00
5500
7f00
5500
7f00
5500
7f00
0000
0000
0000
0000
0000
0000
0000
0000
0000
7f00
5300
4900
6500
5300
4900
7f00
0000
0000
0000
0000
0000
0000
0000
0000
0000
7f00
6500
4900
5300
6500
4900
7f00
0000
0000
0000
0000
0000
0000
0000
0000
0000
7f00
5500
6b00
5500
6b00
5500
7f00
0000
0000
0000
0000
0000
0000
0000
0000
0000
0000
0000
3c00
3c00
3c00
3c00
0000
0000
0000
0000
0000
0000
0000
0000
0000
0000
3c00
2400
2400
3c00
0000
0000
0000
0000
0000
0000
0000
0000
0000
0000
0000
0000
7f00
7f00
7f00
7f00
0000
0000
0000
0000
0000
0000
0000
0000
0000
0000
0000
0000
7f00
4100
4100
7f00
0000
0000
0000
0000
0000
0000
0000
0000
0000
0000
0000
3c00
3c00
3c00
3c00
3c00
3c00
3c00
0000
0000
0000
0000
0000
0000
0000
0000
0000
3c00
2400
2400
2400
2400
2400
3c00
0000
0000
0000
0000
0000
0000
0000
0000
0000
0000
0000
3f00
7e00
fc00
0000
0000
0000
0000
0000
0000
0000
0000
0000
0000
0000
0000
0000
3f00
4200
fc00
0000
0000
0000
0000
0000
0000
0000
0000
0000
0000
0000
1800
1800
3c00
3c00
7e00
7e00
0000
0000
0000
0000
0000
0000
0000
0000
0000
0000
1800
1800
2400
2400
4200
7e00
0000
0000
0000
0000
0000
0000
0000
0000
0000
0000
0000
0000
0000
1800
3c00
7e00
0000
0000
0000
0000
0000
0000
0000
0000
0000
0000
0000
0000
0000
1800
2400
7e00
0000
0000
0000
0000
0000
0000
0000
0000
0000
0000
0000
6000
7800
7e00
7e00
7800
6000
0000
0000
0000
0000
0000
0000
0000
0000
0000
0000
6000
5800
4600
4600
5800
6000
0000
0000
0000
0000
0000
0000
0000
0000
0000
0000
0000
3000
3c00
3c00
3000
0000
0000
0000
0000
0000
0000
0000
0000
0000
0000
0000
0000
3000
2c00
2c00
3000
0000
0000
0000
0000
0000
0000
0000
0000
0000
0000
0000
0000
6000
7800
7e00
7800
6000
0000
0000
0000
0000
0000
0000
0000
0000
0000
0000
0000
6000
5800
4600
5800
6000
0000
0000
0000
0000
0000
0000
0000
0000
0000
7e00
7e00
3c00
3c00
1800
1800
0000
0000
0000
0000
0000
0000
0000
0000
0000
0000
7e00
4200
2400
2400
1800
1800
0000
0000
0000
0000
0000
0000
0000
0000
0000
0000
0000
0000
0000
7e00
3c00
1800
0000
0000
0000
0000
0000
0000
0000
0000
0000
0000
0000
0000
0000
7e00
2400
1800
0000
0000
0000
0000
0000
0000
0000
0000
0000
0000
0000
0600
1e00
7e00
7e00
1e00
0600
0000
0000
0000
0000
0000
0000
0000
0000
0000
0000
0600
1a00
6200
6200
1a00
0600
0000
0000
0000
0000
0000
0000
0000
0000
0000
0000
0000
0c00
3c00
3c00
0c00
0000
0000
0000
0000
0000
0000
0000
0000
0000
0000
0000
0000
0c00
3400
3400
0c00
0000
0000
0000
0000
0000
0000
0000
0000
0000
0000
0000
0000
0600
1e00
7e00
1e00
0600
0000
0000
0000
0000
0000
0000
0000
0000
0000
0000
0000
0600
1a00
6200
1a00
0600
0000
0000
0000
0000
0000
0000
0000
0000
0000
0800
1c00
3e00
7f00
3e00
1c00
0800
0000
0000
0000
0000
0000
0000
0000
0000
0000
0800
1400
2200
4100
2200
1400
0800
0000
0000
0000
0000
0000
0000
0000
0000
0000
0800
1400
2a00
5d00
2a00
1400
0800
0000
0000
0000
0000
0000
0000
0000
0000
0000
1c00
2200
5900
5d00
4d00
2200
1c00
0000
0000
0000
0000
0000
0000
0000
1800
1800
2400
2400
4200
4200
2400
2400
1800
1800
0000
0000
0000
0000
0000
0000
0000
0000
1c00
2200
4100
4100
4100
2200
1c00
0000
0000
0000
0000
0000
0000
0000
0000
0000
1400
0000
4100
0000
4100
0000
1400
0000
0000
0000
0000
0000
0000
0000
0000
0000
1c00
3600
5500
5500
5500
3600
1c00
0000
0000
0000
0000
0000
0000
0000
0000
0000
1c00
2200
4900
5500
4900
2200
1c00
0000
0000
0000
0000
0000
0000
0000
0000
0000
1c00
3e00
7f00
7f00
7f00
3e00
1c00
0000
0000
0000
0000
0000
0000
0000
0000
0000
1c00
3200
7100
7100
7100
3200
1c00
0000
0000
0000
0000
0000
0000
0000
0000
0000
1c00
2600
4700
4700
4700
2600
1c00
0000
0000
0000
0000
0000
0000
0000
0000
0000
1c00
2200
4100
4100
7f00
3e00
1c00
0000
0000
0000
0000
0000
0000
0000
0000
0000
1c00
3e00
7f00
4100
4100
2200
1c00
0000
0000
0000
0000
0000
0000
0000
0000
0000
1c00
2e00
4f00
4f00
4100
2200
1c00
0000
0000
0000
0000
0000
0000
0000
0000
0000
1c00
2600
4700
4700
7f00
3e00
1c00
0000
0000
0000
0000
0000
0000
0000
0000
0000
1800
3800
7800
7800
7800
3800
1800
0000
0000
0000
0000
0000
0000
0000
0000
0000
0c00
0e00
0f00
0f00
0f00
0e00
0c00
0000
0000
0000
0000
ff00
ff00
ff00
ff00
ff00
ff00
e700
c300
c300
e700
ff00
ff00
ff00
ff00
ff00
ff00
ff00
ff00
ff00
ff00
ff00
e700
db00
bd00
bd00
db00
e700
ff00
ff00
ff00
ff00
ff00
ff00
ff00
ff00
ff00
ff00
e700
db00
bd00
0000
0000
0000
0000
0000
0000
0000
0000
0000
0000
0000
0000
0000
0000
0000
0000
bd00
db00
e700
ff00
ff00
ff00
ff00
ff00
0000
0000
0000
0000
0000
1800
2000
4000
4000
0000
0000
0000
0000
0000
0000
0000
0000
0000
0000
0000
0000
0c00
0200
0100
0100
0000
0000
0000
0000
0000
0000
0000
0000
0000
0000
0000
0000
0000
0000
0000
0100
0100
0200
0c00
0000
0000
0000
0000
0000
0000
0000
0000
0000
0000
0000
0000
4000
4000
2000
1800
0000
0000
0000
0000
0000
0000
0000
0000
0000
1c00
2200
4100
4100
0000
0000
0000
0000
0000
0000
0000
0000
0000
0000
0000
0000
0000
0000
0000
4100
4100
2200
1c00
0000
0000
0000
0000
0100
0100
0100
0300
0300
0700
0700
0f00
0f00
1f00
1f00
3f00
3f00
7f00
7f00
ff00
8000
8000
8000
c000
c000
e000
e000
f000
f000
f800
f800
fc00
fc00
fe00
fe00
ff00
ff00
fe00
fe00
fc00
fc00
f800
f800
f000
f000
e000
e000
c000
c000
8000
8000
8000
ff00
7f00
7f00
3f00
3f00
1f00
1f00
0f00
0f00
0700
0700
0300
0300
0100
0100
0100
0000
0000
0000
0000
0000
0000
0000
3800
4400
4400
4400
3800
0000
0000
0000
0000
0000
0000
0000
0000
0000
7e00
7200
7200
7200
7200
7e00
0000
0000
0000
0000
0000
0000
0000
0000
0000
0000
7e00
4e00
4e00
4e00
4e00
7e00
0000
0000
0000
0000
0000
0000
0000
0000
0000
0000
7e00
7a00
7200
6200
4200
7e00
0000
0000
0000
0000
0000
0000
0000
0000
0000
0000
7e00
4200
4600
4e00
5e00
7e00
0000
0000
0000
0000
0000
0000
0000
0000
0000
0000
7f00
4900
4900
4900
4900
7f00
0000
0000
0000
0000
0000
0000
0000
0000
0000
0000
0800
1400
1400
2200
2a00
4100
7f00
0000
0000
0000
0000
0000
0000
0000
0000
0000
0000
1800
1800
3400
3400
7200
7e00
0000
0000
0000
0000
0000
0000
0000
0000
0000
1800
1800
2c00
2c00
4e00
4e00
7e00
0000
0000
0000
0000
0000
0000
01c0
0630
0808
1004
1004
2002
2002
2002
1004
1004
0808
0630
01c0
0000
0000
0000
0000
0000
0000
0000
0000
0000
7e00
5200
7200
4200
4200
7e00
0000
0000
0000
0000
0000
0000
0000
0000
0000
0000
7e00
4200
4200
7200
5200
7e00
0000
0000
0000
0000
0000
0000
0000
0000
0000
0000
7e00
4200
4200
4e00
4a00
7e00
0000
0000
0000
0000
0000
0000
0000
0000
0000
0000
7e00
4a00
4e00
4200
4200
7e00
0000
0000
0000
0000
0000
0000
0000
0000
3c00
5200
9100
f100
8100
8100
4200
3c00
0000
0000
0000
0000
0000
0000
0000
0000
3c00
4200
8100
8100
f100
9100
5200
3c00
0000
0000
0000
0000
0000
0000
0000
0000
3c00
4200
8100
8100
8f00
8900
4a00
3c00
0000
0000
0000
0000
0000
0000
0000
0000
3c00
4a00
8900
8f00
8100
8100
4200
3c00
0000
0000
ff00
8100
8100
8200
8200
8400
8400
8800
8800
9000
9000
a000
a000
c000
c000
8000
ff00
8100
8100
4100
4100
2100
2100
1100
1100
0900
0900
0500
0500
0300
0300
0100
8000
c000
c000
a000
a000
9000
9000
8800
8800
8400
8400
8200
8200
8100
8100
ff00
0000
0000
0000
0000
0000
0000
0000
0000
0000
7e00
4200
4200
4200
4200
7e00
0000
0000
0000
0000
0000
0000
0000
0000
0000
7e00
7e00
7e00
7e00
7e00
7e00
0000
0000
0000
0000
0000
0000
0000
0000
0000
0000
0000
0000
3c00
2400
2400
3c00
0000
0000
0000
0000
0000
0000
0000
0000
0000
0000
7c00
7c00
7c00
7c00
7c00
0000
0000
0000
0100
0300
0300
0500
0500
0900
0900
1100
1100
2100
2100
4100
4100
8100
8100
ff00
0000
0000
0800
4900
2200
0000
1c00
3e00
3e00
1c00
0000
2200
4900
0800
0000
0000
0000
0000
0000
0000
2000
7600
ff00
7e00
0000
0000
0000
0000
0000
0000
0000
0000
0000
0000
0000
0000
1c00
3e00
7f00
0800
0800
0800
0800
1000
0000
0000
0000
0000
8bc8
03c0
2ff1
0424
8a50
2812
0a50
4994
0421
47e0
0810
1088
781e
1088
0810
07e0
0000
0000
0000
2200
2200
2400
2400
2800
2900
0200
3000
4800
4800
3000
0000
0000
0000
0100
0100
0380
0380
07c0
7ffe
3ff8
1ff0
0fe0
07c0
0fe0
1ef0
1830
2008
0000
0000
0100
0100
0280
0280
0440
783c
2008
1010
0820
0440
0920
16d0
1830
2008
0000
0000
0000
0000
0000
0000
0200
0400
0800
1000
2000
1000
0a00
0600
0e00
0000
0000
0000
0000
0000
0000
0000
0000
7e00
4200
4400
4800
5000
4a00
4600
4e00
0000
0000
0000
0000
0000
0000
0000
0000
3c00
4200
8100
9900
9900
8100
4200
3c00
0000
0000
0000
0000
0000
0000
0000
0000
1800
2400
2400
6600
a500
4200
0000
0000
0000
0000
0000
0000
0000
0000
0000
0000
4200
a500
6600
2400
2400
1800
0000
0000
0000
0000
0000
0000
0000
0000
0000
0000
0400
0800
3000
4800
4800
3000
0000
0000
0000
0000
0000
0000
0000
0000
0000
0600
0900
0900
0600
0800
3000
4800
4800
3000
0000
0000
0000
0000
0000
0000
0000
0000
0000
3e00
6300
0000
2a00
6300
7f00
0000
0000
0000
0000
0000
0000
0000
0000
0000
3e00
4100
5d00
3e00
4900
4100
7f00
0000
0000
0000
0000
0000
0000
0000
0000
0000
7f00
4100
4100
4100
4100
4100
4100
7f00
0000
0000
0000
0000
0000
0000
0000
0000
7f00
4100
4300
4700
6d00
7900
5100
7f00
0000
0000
0000
0000
0000
0000
0000
0000
7f00
4100
6300
5500
4900
5500
6300
7f00
0000
0000
0000
0000
0000
0000
2200
2200
1400
1400
0800
0800
1400
1400
2200
2200
0000
0000
0500
5000
0400
4100
1c00
3e00
7f00
0800
0800
0800
0800
1000
0000
0000
0000
0000
0000
0920
1240
1240
0920
0920
1240
0000
1fc8
3ff4
2fd4
2014
2038
1fc0
0000
0000
0000
0100
0280
0440
0820
1010
2008
2008
2008
2008
2008
2008
2008
3ff8
0000
0000
0000
0100
0380
07c0
0fe0
1ff0
3ff8
3ff8
3ff8
3ff8
3ff8
3ff8
3ff8
3ff8
0000
0000
0000
0000
0280
07c0
07c0
3398
793c
3ff8
793c
3118
0200
0200
0200
0400
0800
0000
0000
0000
0004
01c8
23e8
47e8
4fe8
7fd8
3fdc
0fe4
07e4
03e4
01c4
0008
0000
0000
0000
0000
0000
0000
0000
0000
0000
0000
7e00
1f00
1f00
0e00
0000
0000
0000
0000
0000
0000
0000
0000
0000
0000
0000
0000
3f00
7c00
7c00
3800
0000
0000
0000
0000
0000
0000
0000
0000
0000
0000
0000
0000
7e00
1100
1900
0e00
0000
0000
0000
0000
0000
0000
0000
0000
0000
0400
0400
1c00
3400
2400
2400
1800
0000
0000
0000
0000
0000
0000
0000
0000
0000
0000
0000
0000
3f00
4400
4c00
3800
0000
0000
0000
0000
0000
0000
0000
0000
0000
0000
0000
1800
2400
2400
3400
1c00
0400
0400
0000
0000
0000
0000
e700
a500
7e00
8100
a500
a500
8100
5a00
5a00
4200
bd00
e700
0000
0000
0000
0000
0000
0000
3800
0400
0400
0800
0800
1000
1000
2000
2000
1c00
0000
0000
07e0
1818
2424
5c3a
5c3a
be7d
be7d
be7d
8181
8181
83c1
43c2
47e2
23c4
1818
07e0
0000
0000
0440
0820
1010
1010
1390
0c60
3ef8
4444
8542
8382
0280
0440
1830
0000
0000
0300
0100
7ffc
2388
1ff0
0100
0d60
1110
0fe0
0920
07c0
0540
0380
0540
0100
0000
0000
0000
0000
0000
0000
1c00
2200
1400
0800
3e00
0800
0800
0800
0000
0000
0000
0000
0000
0000
0000
1000
3800
1000
fe00
1000
1000
7000
1c00
1000
0000
0000
0000
0000
0000
0000
1c00
1200
1200
1c00
1000
5400
3800
1000
3800
5400
0000
0000
0000
0000
0000
0000
0000
1000
3800
1000
fe00
1000
1000
1000
1000
1000
0000
0000
0000
0000
0000
0000
0000
0000
0000
1c00
0800
4900
7f00
4900
0800
1c00
0000
0000
0000
0000
0000
0000
1e00
2100
4000
c200
c700
c200
4000
2100
1e00
0000
0000
0000
0000
0000
0000
0540
06c0
0000
1550
2928
2928
2928
2548
1390
07c0
0100
0000
0000
0000
0000
0000
0080
02a0
0490
09c8
1aac
1aac
19cc
1c9c
1bec
11c4
02a0
0080
0000
0000
0000
0000
0000
0000
0000
0c00
0200
3900
7900
0d00
3e00
6300
c100
0000
0000
0000
0000
0000
0000
0000
0000
3e00
4900
4900
4900
5d00
6b00
4900
3e00
0000
0000
07e0
1818
2004
4002
4002
9c31
be31
ff03
e783
e7c7
ffff
7ffe
7ffe
3ffc
1ff8
07e0
0000
0000
0000
0000
7ffc
7ffc
0000
0000
7ffc
7ffc
0000
0000
7ffc
7ffc
0000
0000
0000
0000
0000
0000
7c7c
7c7c
0000
0000
7ffc
7ffc
0000
0000
7ffc
7ffc
0000
0000
0000
0000
0000
0000
7ffc
7ffc
0000
0000
7c7c
7c7c
0000
0000
7ffc
7ffc
0000
0000
0000
0000
0000
0000
7c7c
7c7c
0000
0000
7c7c
7c7c
0000
0000
7ffc
7ffc
0000
0000
0000
0000
0000
0000
7ffc
7ffc
0000
0000
7ffc
7ffc
0000
0000
7c7c
7c7c
0000
0000
0000
0000
0000
0000
7c7c
7c7c
0000
0000
7ffc
7ffc
0000
0000
7c7c
7c7c
0000
0000
0000
0000
0000
0000
7ffc
7ffc
0000
0000
7c7c
7c7c
0000
0000
7c7c
7c7c
0000
0000
0000
0000
0000
0000
7c7c
7c7c
0000
0000
7c7c
7c7c
0000
0000
7c7c
7c7c
0000
0000
0000
0000
0000
0000
0000
0000
0000
4900
3e00
3e00
7700
3e00
3e00
4900
0000
0000
0000
0000
0000
3c00
4200
8100
a500
8100
9900
a500
8100
4200
3c00
0000
0000
0000
0000
0000
0000
0000
3c00
4200
8100
a500
8100
a500
9900
4200
3c00
0000
0000
0000
0000
0000
0000
0000
3c00
7e00
ff00
db00
ff00
db00
e700
7e00
3c00
0000
0000
0000
0000
0000
0000
0000
0000
4900
2a00
1c00
7700
1c00
2a00
4900
0000
0000
0000
0000
0000
0000
0000
0000
3800
0c00
0600
0500
0500
0500
0500
0600
0c00
3800
0000
0000
0000
0000
0000
0000
0e00
1800
3000
5000
5000
5000
5000
3000
1800
0e00
0000
0000
0000
0000
0000
2200
2200
1c00
2200
2200
2200
1c00
0800
3e00
0800
0800
0000
0000
0000
0000
0000
0000
0000
1c00
2200
2200
2200
1c00
0800
3e00
0800
0800
0000
0000
0000
0000
0000
0800
0800
3e00
0800
0800
1c00
2200
2200
2200
1c00
0000
0000
0000
0000
0000
0000
0000
0000
0700
0300
0500
3800
4400
4400
4400
3800
0000
0000
0000
0000
0000
0000
0000
0200
0200
0200
3a00
4600
0600
0a00
7e00
0200
0200
0000
0000
0000
0000
0000
0000
2000
2000
7000
2000
2c00
3200
2200
2400
2400
2400
0000
0000
0000
0000
0000
0000
0000
6b00
2a00
3e00
2a00
6b00
0800
1c00
1400
1c00
0000
0000
0000
0000
0000
0000
0800
5900
cb00
4900
4900
4900
3e00
0800
3e00
0800
0800
0000
0000
0000
0000
0000
7c00
4200
4200
4200
7c00
4000
4000
4000
4000
7e00
0000
0000
0000
0000
0000
0000
2200
5500
1400
1400
0800
0800
0800
0800
0800
0800
0000
0000
0000
0000
0000
0000
0000
0000
0000
4100
2200
1c00
2200
2200
2200
1c00
0000
0000
0000
0000
0000
0000
4100
3e00
1400
1400
1400
1400
1400
1400
3e00
4100
0000
0000
0000
0000
0000
0000
0000
0000
3e00
4900
4800
3000
0600
0900
4900
3e00
0000
0000
0000
0000
0000
0000
0000
1c00
2200
2200
1200
7400
9400
9400
6500
0200
0000
0000
0000
0000
0000
0000
5400
7c00
5500
5700
5500
5500
5500
5500
0600
7c00
0000
0000
0000
0000
0000
0000
0000
0000
0000
1c00
2200
2200
7700
0000
7f00
0000
0000
0000
0000
0000
0000
0000
5400
7c00
5400
5400
5400
5400
5400
5400
5500
0300
0000
0000
0000
0000
0000
0000
0000
0000
0000
0f00
0300
4500
2900
1000
2800
4400
0000
0000
0000
0000
0000
0000
3100
4e00
8400
0800
1000
3c00
6200
a200
a200
1c00
0000
0000
0000
0000
0000
0000
0000
0000
2a00
5400
0000
0000
2a00
5400
0000
0000
0000
0000
0000
0000
0000
0000
0000
4200
4200
2400
2400
7e00
2400
2400
4200
4200
0000
0000
0000
0000
0000
0800
1c00
0800
7700
5d00
4900
4900
2a00
7f00
4100
7f00
0000
0000
0000
0000
0000
0000
0800
0800
4900
2a00
2a00
5d00
2a00
3e00
2200
3e00
0000
0000
0000
0000
0000
0000
0000
5500
7f00
4100
4100
2200
2200
4100
4100
7f00
0000
0000
0000
0000
0000
0000
0800
1400
2200
2200
2200
2200
1400
7700
4100
7f00
0000
0000
0000
0000
0000
0200
1e00
2200
4200
4200
3a00
1200
2200
4200
4200
7e00
0000
0000
0000
0000
0000
0000
0000
0000
1800
2400
2400
1800
2400
2400
4200
7e00
0000
0000
0000
0000
0000
0800
1c00
0800
7700
5d00
4900
4900
2a00
7f00
7f00
7f00
0000
0000
0000
0000
0000
0000
0800
0800
4900
2a00
2a00
5d00
2a00
3e00
3e00
3e00
0000
0000
0000
0000
0000
0000
0000
5500
7f00
7f00
7f00
3e00
3e00
7f00
7f00
7f00
0000
0000
0000
0000
0000
0000
0800
1c00
3600
2200
3600
3e00
1c00
7f00
7f00
7f00
0000
0000
0000
0000
0000
0200
1e00
3600
7e00
7e00
3e00
1e00
3e00
7e00
7e00
7e00
0000
0000
0000
0000
0000
0000
0000
0000
1800
3c00
3c00
1800
3c00
3c00
7e00
7e00
0000
0000
0000
0000
0000
0000
0800
0800
1c00
3e00
7f00
7f00
7f00
3e00
0800
1c00
0000
0000
0000
0000
0000
0000
0000
3600
4900
4100
4100
4100
2200
1400
0800
0800
0000
0000
0000
0000
0000
0000
0800
0800
1400
1400
2200
2200
1400
1400
0800
0800
0000
0000
0000
0000
0000
0000
1c00
1c00
1c00
0800
7f00
7f00
6b00
0800
0800
1c00
0000
0000
0000
0000
0000
0000
0800
0800
1400
2200
4100
4100
4100
3e00
0800
1c00
0000
0000
0000
0000
0000
0000
0000
3600
7f00
7f00
7f00
7f00
3e00
1c00
0800
0800
0000
0000
0000
0000
0000
0000
0800
0800
1c00
1c00
3e00
3e00
1c00
1c00
0800
0800
0000
0000
0000
0000
0000
0000
1c00
1400
1c00
0800
7700
5d00
6b00
0800
0800
1c00
0000
0000
0000
0000
0000
0800
5100
9200
9200
9200
4900
4900
4900
5200
8100
7e00
0000
0000
0000
0000
0000
0000
0800
0800
0800
0800
0800
0800
0800
3800
7800
7000
0000
0000
0000
0000
0000
0000
0800
0c00
0a00
0a00
0800
0800
0800
3800
7800
7000
0000
0000
0000
0000
0000
1c00
1700
1100
1100
1100
1100
7100
f100
e700
0f00
0e00
0000
0000
0000
0000
0000
1c00
1700
1100
1d00
1700
1100
7100
f100
e700
0f00
0e00
0000
0000
0000
0000
4000
4000
4000
4000
5800
6400
4400
4800
5000
6000
0000
0000
0000
0000
0000
0000
4000
4400
4c00
5400
6400
4c00
5400
6400
4400
0400
0000
0000
0000
0000
0000
0400
0400
2600
2c00
3400
6600
2c00
3400
6400
2000
2000
0000
0000
0000
0000
0000
0000
0000
0000
1400
0800
0800
4900
3e00
4900
0800
0800
0800
1400
0000
0000
0000
0000
0000
0000
1c00
1400
0800
6b00
5d00
6b00
0800
0800
1400
0800
0000
0000
03c0
0520
0a98
1248
0ad0
0430
3004
480a
8c11
5009
a005
ae26
5258
5286
1e5c
0020
0380
0440
0440
0820
0028
3918
1b38
2900
2108
4384
4004
8022
8042
7efc
0040
0020
0380
0440
0440
0820
0028
3b18
18b8
2900
2208
4384
4004
8022
8042
7efc
0040
0020
0380
0440
0440
0820
0028
3b18
18b8
2b00
2088
4304
4004
8022
8042
7efc
0040
0020
0380
0440
0440
0820
0028
3a98
1ab8
2b80
2088
4084
4004
8022
8042
7efc
0040
0020
0380
0440
0440
0820
0028
3b98
1a38
2b00
2088
4304
4004
8022
8042
7efc
0040
0020
0380
0440
0440
0820
0028
3998
1a38
2b80
2248
4184
4004
8022
8042
7efc
0040
0020
0380
0440
0440
0820
0028
3b98
18b8
2900
2108
4104
4004
8022
8042
7efc
0040
0020
0380
0440
0440
0820
0028
3818
1838
2800
2008
4004
4004
8022
8042
7efc
0040
0020
03c0
05e0
0ef8
1e78
0ef0
0430
3004
780e
fc1f
700f
e007
ee26
5e78
5efe
1e7c
0020
07e0
1ff8
3e7c
7dbe
7bde
ff8f
f7df
e7ff
f3ef
f7ef
eff7
6fb6
710e
3fbc
1ff8
07e0
07e0
1818
2184
4242
4422
8071
8821
9801
8c11
8811
9009
504a
4ef2
2044
1818
07e0
0000
0000
0000
0380
0c60
1010
2008
26c8
4924
4924
26c8
2008
1010
0c60
0380
0000
0000
0000
0000
0600
0600
0400
0780
0400
17e0
2020
2010
2050
108c
0f00
0000
0000
0000
0000
0000
0000
1ff0
1010
1010
1010
1110
1010
1010
1010
1ff0
0000
0000
0000
0000
0000
0000
0000
1ff0
1010
1010
1410
1010
1050
1010
1010
1ff0
0000
0000
0000
0000
0000
0000
0000
1ff0
1010
1410
1010
1110
1010
1050
1010
1ff0
0000
0000
0000
0000
0000
0000
0000
1ff0
1010
1450
1010
1010
1010
1450
1010
1ff0
0000
0000
0000
0000
0000
0000
0000
1ff0
1010
1450
1010
1110
1010
1450
1010
1ff0
0000
0000
0000
0000
0000
0000
0000
1ff0
1010
1450
1010
1450
1010
1450
1010
1ff0
0000
0000
0000
0000
0000
0000
03c0
0420
0810
1008
2004
2064
2064
2004
1008
0810
0420
03c0
0000
0000
0000
0000
03c0
0420
0810
1008
2004
2664
2664
2004
1008
0810
0420
03c0
0000
0000
0000
0000
03c0
07e0
0ff0
1ff8
3ffc
3f9c
3f9c
3ffc
1ff8
0ff0
07e0
03c0
0000
0000
0000
0000
03c0
07e0
0ff0
1ff8
3ffc
399c
399c
3ffc
1ff8
0ff0
07e0
03c0
0000
0000
0000
0000
0000
0000
0000
0000
0000
7ffc
7ffc
0000
0000
0000
0000
0000
0000
0000
0000
0000
0000
0000
0000
0000
0000
7c7c
7c7c
0000
0000
0000
0000
0000
0000
0000
0000
0000
0000
0000
0000
7ffc
7ffc
0000
0000
7ffc
7ffc
0000
0000
0000
0000
0000
0000
0000
0000
0000
0000
7c7c
7c7c
0000
0000
7ffc
7ffc
0000
0000
0000
0000
0000
0000
0000
0000
0000
0000
7ffc
7ffc
0000
0000
7c7c
7c7c
0000
0000
0000
0000
0000
0000
0000
0000
0000
0000
7c7c
7c7c
0000
0000
7c7c
7c7c
0000
0000
0000
0000
0000
0000
0000
7000
4e00
4200
4200
7200
4e00
4000
4000
4000
4000
4000
0000
0000
0000
0000
0000
7000
7e00
7e00
7e00
7e00
4e00
4000
4000
4000
4000
4000
0000
0000
0000
0832
5c7c
3e7e
7c1f
f827
7443
2281
0100
0280
0440
0820
1010
2008
4004
0000
0000
0000
0380
0440
0440
0380
0100
07c0
0100
2108
711c
2108
1110
0fe0
0000
0000
0000
4004
2008
1010
0820
0440
0280
0100
0280
0440
2828
1010
2828
4004
0000
0000
0000
0100
0100
0ff0
1130
1100
0fc0
0120
0120
07c0
0900
0780
0140
0380
0100
0000
0000
0000
0000
0100
1110
7ffc
3938
5454
5454
9292
9292
fefe
7c7c
3838
0000
0000
0000
0000
0000
0000
03e0
07f0
0bf8
0bf8
11f0
10e0
1000
01f0
0248
0444
0000
0000
0000
0000
0380
0440
0440
0440
0380
0100
3938
3d78
1d70
0d60
0380
0100
0100
0000
0000
0000
0100
2108
17d0
0820
1010
1010
711c
1010
1010
0820
17d0
2108
0100
0000
0000
0100
0280
3938
7ffc
fd7e
0540
0380
0100
0100
0100
0100
0100
0100
0000
0000
0180
0240
0240
742e
8e71
85a1
4e72
35ac
35ac
4e72
85a1
8e71
742e
0240
0240
0180
0100
0280
0440
3458
4c64
8442
b29a
caa6
1ab0
1010
1bb0
0aa0
3ab8
26c8
1930
0100
0100
0280
0440
0440
0800
6bfc
8802
8822
6024
1810
0650
0088
2108
2648
1830
0000
3000
0c00
0300
00c0
0030
000c
0000
3ffc
0000
000c
0030
00c0
0300
0c00
3000
0000
000c
0030
00c0
0300
0c00
3000
0000
3ffc
0000
3000
0c00
0300
00c0
0030
000c
0000
0000
0100
0280
0280
0440
0440
0920
0920
1110
1110
2108
2008
4104
4004
7ffc
0000
0000
0000
0000
0000
0200
0400
0800
1000
2000
7e00
0400
0800
1000
2000
4000
0000
0000
0000
0000
0000
0000
0ee0
1110
2288
2288
1110
0ee0
0440
0ee0
0440
0000
0000
0000
0000
0000
01c0
00c0
0140
0e38
1118
23a8
2540
1a20
0c20
0440
0380
0000
0000
0000
0038
0018
0028
01c0
0220
0710
0a90
1160
10c0
0880
0700
0200
0700
0200
0000
0000
0000
0000
0000
0070
0030
0050
0380
0440
0820
0820
0440
0380
0100
0380
0100
0000
0000
0000
0000
0038
0018
00a8
0040
0ea0
1100
2080
2080
1100
0e00
0000
0000
0000
0000
0000
e00e
c006
a80a
1010
2ba0
0440
0820
0820
0440
0380
0100
0380
0100
0000
0000
1000
3800
5400
1000
3800
1000
3800
4400
8200
8200
4400
3800
0000
0000
0000
0000
0000
0000
0000
0000
0000
0000
1c00
2208
4144
41fe
4144
2208
1c00
0000
0000
0000
0000
0000
0000
0000
0000
0000
3800
4400
8200
8200
8200
4400
3800
0000
0000
0000
0000
0000
0000
0000
0000
0000
3800
7c00
fe00
fe00
fe00
7c00
3800
0000
0000
0000
0000
0000
0000
0000
0000
0000
0000
1c00
2200
2200
2200
1c00
0000
0000
0000
0000
0000
0000
0000
0000
0000
0000
0ee0
1110
2288
2288
1110
0ee0
0000
0000
0000
0000
0000
0000
0000
0000
0000
0000
0080
0eb8
11c4
11c4
11c4
0eb8
0080
0000
0000
0000
0000
0000
0000
0000
0000
0000
0000
3838
4444
47c4
4444
3838
0000
0000
0000
0000
0c00
13c0
203e
4002
4002
4002
4002
603e
53c2
2e3e
1bc0
0c00
0000
0000
0000
07c0
0280
0fe0
1010
2008
2008
1010
1010
1010
0820
0820
0820
07c0
0000
0000
0000
0000
0000
0000
0000
1c00
2200
2200
2200
1c00
0800
0800
0800
0800
0000
0000
0000
0000
0000
0000
0000
3800
4400
0200
0200
0400
1800
1000
7c00
1000
0000
0000
0000
0000
0000
0000
1000
2800
4400
8200
4400
2800
1000
1000
7c00
1000
0000
0000
0000
0000
0000
0000
9200
5400
3800
fe00
3800
5400
9200
1000
7c00
1000
0000
0000
0000
0000
0000
0100
0100
0100
0100
3938
0440
0280
793c
0440
0280
0100
0000
0000
0000
0000
0000
1200
1400
1800
1400
1200
1000
3800
4400
4400
4400
3800
0000
0000
0000
0000
0000
0000
1c00
3800
7000
7000
7000
3800
1c00
0800
3e00
0800
0000
0000
0000
0000
0000
0000
0000
0000
4200
2400
1800
ff00
1800
2400
4200
0000
0000
0000
0000
0000
0000
0000
0000
0000
4400
4400
4400
2800
2800
2800
1000
fe00
0000
0000
0000
0000
0000
0000
0000
0000
fe00
1000
2800
2800
2800
4400
4400
4400
0000
0000
0000
0000
0000
0000
0000
0000
0000
fe00
8200
8200
8200
9200
9200
fe00
1000
1e00
0000
0000
01c0
0730
0f38
173c
1004
21c2
23e2
39ce
1c1c
180c
09c8
07f0
01c0
0000
0000
0000
01c0
0630
0c18
1224
1004
2142
2002
2142
1004
1224
0c18
0630
01c0
0000
0000
0000
7ffc
4004
4384
4444
4444
4384
4104
4104
4104
41c4
4104
4004
7ffc
0000
0000
0000
0000
0000
0000
07e0
1818
2184
2184
381c
2ff4
2a54
1a58
07e0
0000
0000
0000
0000
07e0
1818
2184
2184
381c
2ff4
2a54
3a5c
2ff4
2a54
1a58
07e0
0000
0000
0000
0000
0000
0000
0ff0
381c
67e6
5e7a
5e7a
47e2
500a
55aa
65a6
381c
0ff0
0000
0000
0ff0
381c
67e6
5e7a
5e7a
47e2
500a
55aa
45a2
500a
55aa
65a6
381c
0ff0
0000
03c0
03c0
0ff0
0420
0a50
0810
0a50
0990
0420
07e0
0810
1088
781e
1088
0810
07e0
0000
0000
0000
0120
0148
0010
00c0
072c
09a0
1060
2010
2010
1060
0f80
0000
0000
0000
2222
4444
0088
1000
2222
4444
0088
1000
2222
4444
0080
1012
2224
4448
0000
8bc8
03c0
2ff1
07e4
8db0
2ff2
0db0
4e74
07e1
47e0
0ff0
1f78
7ffe
1f78
0ff0
07e0
0000
0720
08cc
10b2
2102
2082
1104
0a18
07e0
2000
4440
0080
1010
2220
4440
0000
0000
3ff8
2008
2008
2008
2008
2008
2008
2008
1010
0820
0440
0280
0100
0000
0000
0000
3ff8
3ff8
3ff8
3ff8
3ff8
3ff8
3ff8
3ff8
1ff0
0fe0
07c0
0380
0100
0000
0000
0000
0000
0000
7ff0
4510
4890
5050
6030
4010
6030
5050
4890
4510
7ff0
0000
0000
0000
0000
0000
0000
2020
1040
0880
0400
0200
0100
0880
1040
2020
0000
0000
0000
0000
3c00
4200
4200
8100
ff00
ff00
ff00
4200
4200
0040
00a0
0110
0208
0404
0ffe
0000
0000
0000
0000
0000
0440
0440
0450
1e48
2548
24f0
1440
0440
0660
0000
0000
0000
40c0
2700
1c00
1c00
3e00
3300
2180
40c0
4060
0030
0018
000c
0006
0000
0000
0000
00e0
0310
05c8
03f8
04e8
0030
0040
1c00
2180
2200
1ac0
0220
3c20
0000
0000
0000
0000
0700
1dc0
38e0
7df0
fff8
4010
4010
4010
2020
2020
18c0
0700
0000
0000
0000
0000
0700
18c0
2020
5050
4890
8108
8208
8408
4890
5050
2020
18c0
0700
0000
0000
2210
2a38
1c54
0844
1c44
2a54
2238
2210
2a38
1c54
0844
1c44
2a54
2238
0010
0000
0000
0000
0700
1fc0
3fe0
7ff0
7ff0
c018
c018
7ff0
7ff0
3fe0
1fc0
0700
0000
0000
0000
0c30
1e30
2d30
0c30
08e0
0bc0
0a00
0bc0
08e0
0c30
0cb4
0c78
0c30
0000
0000
0000
0180
03c0
07e0
0bd0
11d8
2adc
7bde
3b54
1b88
0fd0
07e0
03c0
0180
0000
0000
0180
0240
0420
0810
1428
2e24
5522
8421
44aa
2474
1028
0810
0420
0240
0180
0000
0000
07fc
07fc
07fc
0ffc
1ffc
3ffc
3ffc
3ffc
3ffc
3ffc
3ffc
3ffc
0000
0000
0000
0000
1806
1906
1906
1906
3006
6106
c106
c106
c006
c106
c106
c106
0000
0000
0000
0000
781e
781e
700e
6006
0000
0000
0000
0000
6006
700e
781e
781e
0000
0000
0000
0000
0000
0000
1ff0
1830
0c60
0c60
06c0
07c0
0380
0380
0100
0100
0000
0000
0000
0000
1803
1843
1843
1843
3003
6043
c043
c043
c403
c443
c443
c443
0000
0000
0000
0000
0000
3ff8
3018
2828
2448
2288
2108
2288
2448
2828
3018
3ff8
0000
0000
0000
0000
fdf8
f8f8
e038
d018
c818
8408
0200
8108
c098
c058
e038
f8f8
fdf8
0000
0000
0000
7ff0
7ff0
7ffc
7ff2
7ff2
7ffe
7ffe
7ffe
6ff6
57ea
381c
1008
0000
0000
0000
7ffe
3e02
1c42
0842
0002
0042
0042
0002
0042
0042
0002
0042
0042
0002
0000
0000
4000
6000
7000
7800
7000
6000
4000
4080
4040
4220
4610
4e08
5e04
7ffe
0000
0000
0000
0000
1000
3800
7c00
1000
1000
7c00
8200
ba00
ba00
8200
7c00
0000
0000
0000
0100
1930
1930
0100
0100
0380
0c60
0820
1010
1010
1010
0820
0c60
0380
0000
0000
0100
0100
0280
0280
0280
7ffc
2448
1450
0c60
0aa0
0920
16d0
1830
2008
0000
0000
0100
0100
0280
0280
0080
7f5c
2048
1410
0860
0a00
0920
14d0
1830
2008
0000
0000
0100
0100
0280
0280
0200
75fc
2408
1050
0c20
00a0
0920
1650
1830
2008
0000
0000
2008
1830
16d0
0920
0aa0
0c60
1450
2448
7ffc
0280
0280
0280
0100
0100
0000
0000
0000
0000
3ff0
2010
2310
2310
2fd0
2fd0
2310
2310
2010
3030
0cc0
0300
0000
0000
0000
fffe
1010
1010
1010
1ff0
1010
1010
1010
1010
1010
1010
1010
0000
0000
0100
0100
07c0
0100
0100
0380
07c0
1ff0
7c7c
3838
3398
37d8
37d8
37d8
0000
0000
0000
0000
0000
0f80
0880
78f0
4010
4010
4010
4010
4010
4010
4010
4010
0000
0000
0000
0000
0000
0000
0000
0180
0180
0000
0000
0000
0000
0c30
0c30
0000
0000
0000
0000
0000
0000
0100
1110
0ba0
0440
0820
3838
0820
0440
0ba0
1110
0100
0000
0000
0000
0000
0000
0100
1110
0ba0
0444
0824
783c
4820
4440
0ba0
1110
0100
0000
0000
0000
0000
0000
0100
1110
0ba0
0440
0ba0
3bb8
0ba0
0440
0ba0
1110
0100
0000
0000
0000
0000
0000
0000
0100
0280
0460
0410
0818
13f8
3ffc
3ffc
7ffe
7ffe
0000
0000
0000
07e0
1818
2824
47e2
791e
4102
0200
0200
0200
0400
0400
0400
7ffe
7ffe
0000
0000
1450
2288
4284
4004
4384
47c4
07c0
0000
7ffc
3ff8
0fe0
0fe0
1ff0
3ff8
0000
0000
0180
01e0
01f8
0100
0100
0100
0100
0100
3d78
7d7c
fc7e
7efc
3ff8
07c0
0000
0000
0000
0300
0300
0300
07e0
0a50
1248
2248
fffc
3ff8
1ff8
0ff0
0000
0000
0000
0000
0100
0180
0140
0540
0d20
1520
2510
4510
fdf8
0100
fffc
3ff8
1ff8
0ff0
0000
0000
381c
4002
4002
4002
0000
0000
0000
0000
0000
0000
4002
4002
4002
381c
0000
0000
0000
3800
3800
3800
0600
0e20
7ff0
1c20
1c0c
0e30
0fc0
0300
1c00
0000
0000
0000
0000
0000
0000
0000
00f0
00f0
00f0
00f0
1ff0
3ff0
3fe0
0840
3ff8
0000
0000
0000
0380
0380
0380
0000
03fc
0780
0b80
138c
238c
0380
06c0
06c0
0c60
0c60
783c
0000
0600
0500
0e80
0e40
0e20
1f10
1f08
1f04
3f82
3f84
3188
71c8
71d0
71e0
0000
0000
0000
07c0
1830
2008
3018
0820
0440
0440
0440
0820
3018
2008
1830
07c0
0000
0000
0000
0100
0100
0100
0100
07c0
0000
0000
1010
1010
1010
1010
7c7c
0000
0000
0000
0000
0f80
1fd8
1044
1042
1ff2
1fca
1fca
1fca
1fca
1fc4
1fc0
7ff0
0000
0000
0000
7ffe
7ffe
7006
701a
701a
701a
7006
780e
7c1e
4ff2
47e2
6006
781e
7ffe
0000
0000
0000
7ffc
4004
4004
7ffc
7ffc
4004
4004
7ffc
4000
4000
4000
4000
4000
0000
0000
0000
0000
0000
0000
0000
0000
0000
0000
0000
0000
0000
0000
0000
0000
0000
0000
0000
0000
0000
0000
0000
0000
0000
0000
0000
1000
0c00
0600
0200
0000
0000
0000
0000
0000
0000
0000
0000
0000
0000
0000
0000
0c00
1200
1200
0c00
0000
0000
0000
0000
0000
0240
0240
0240
0480
0480
0900
0900
0000
0000
0000
0000
0000
0000
0000
0600
1820
2030
4128
41a8
8144
8d04
9304
4908
4408
2410
1860
0180
0000
0000
0000
0000
0200
0100
0100
0230
03c8
0410
0820
1240
2180
0080
0040
0000
0000
0000
0000
0000
0010
0008
0010
0620
0940
0880
0940
1220
1410
1800
3000
2000
0000
0000
0000
0780
1860
2010
4008
4008
8004
8004
8004
8004
4008
4008
2010
1860
0780
0000
0008
0008
0010
0010
0020
0020
0040
0080
0040
0020
0020
0010
0010
0008
0008
0000
1000
1000
0800
0800
0400
0400
0200
0100
0200
0400
0400
0800
0800
1000
1000
0000
0048
0048
0090
0090
0120
0120
0240
0480
0240
0120
0120
0090
0090
0048
0048
0000
1200
1200
0900
0900
0480
0480
0240
0120
0240
0480
0480
0900
0900
1200
1200
0000
00f8
0080
0080
0080
0080
0080
0080
0080
0080
0080
0080
0000
0000
0000
0000
0000
0000
0000
0000
0000
0100
0100
0100
0100
0100
0100
0100
0100
0100
0100
1f00
0000
01f8
0108
0178
0140
0140
0140
0140
0140
0140
0140
01c0
0000
0000
0000
0000
0000
0000
0000
0000
0000
0380
0280
0280
0280
0280
0280
0280
0280
1e80
1080
1f80
0000
00f8
00f0
00e0
00e0
00e0
00c0
00c0
00c0
00c0
00c0
00c0
00e0
00e0
00f0
00f8
0000
1f00
0f00
0700
0700
0300
0300
0300
0300
0300
0300
0300
0700
0700
0f00
1f00
0000
0000
7ffe
0000
0000
7ffe
0100
0100
0100
0100
0100
0100
0100
0100
0100
0000
0000
3ffe
3ffe
3ffe
3ffe
3ffe
0000
0000
0000
3ffe
3ffe
3ffe
3ffe
3ffe
0000
0000
0000
0008
0010
0020
0040
0040
0040
0040
0040
0040
0040
0040
0040
0020
0010
0008
0000
1000
0800
0400
0200
0200
0200
0200
0200
0200
0200
0200
0200
0400
0800
1000
0000
03f8
0210
0220
0240
0240
0280
0280
0280
0280
0280
0240
0240
0220
0210
03f8
0000
1fc0
0840
0440
0240
0240
0140
0140
0140
0140
0140
0240
0240
0440
0840
1fc0
0000
0008
0030
0050
0050
0050
0050
0050
0050
0050
0050
0050
0050
0050
0030
0008
0000
1000
0c00
0a00
0a00
0a00
0a00
0a00
0a00
0a00
0a00
0a00
0a00
0a00
0c00
1000
0000
00f8
00a0
00a0
00a0
00a0
00a0
00a0
00a0
00a0
00a0
00a0
00a0
00a0
00a0
00f8
0000
1f00
0500
0500
0500
0500
0500
0500
0500
0500
0500
0500
0500
0500
0500
1f00
0000
0000
0000
0000
0000
0000
0000
3e00
4182
007c
0000
0000
0000
0000
0000
0000
0000
0090
0048
0024
0000
0000
0000
0000
0000
0000
0000
0000
0000
0000
0000
0000
0000
0900
1200
2400
0000
0000
0000
0000
0000
0000
0000
0000
0000
0000
0000
0000
0000
0000
0000
0000
0000
0000
0000
0000
0000
0000
0000
0000
0000
0900
1200
2400
0000
0000
3ffc
3ffc
0000
3ffc
3ffc
5596
d9b9
a5a5
a5a5
599a
4182
2424
13c8
0810
07e0
0180
0100
0100
0100
0100
0100
0100
0100
0100
0100
0100
0100
0100
0100
0000
0000
0000
0040
0040
0840
0840
0840
0840
0840
0840
0840
0840
0840
0040
0040
0040
0000
0008
2008
2108
2108
2108
2108
2108
2108
2108
2108
2108
2008
2008
0008
0000
0000
0010
0010
1020
0820
0440
0240
0180
00c0
0120
0210
0408
0808
3000
0000
0000
0000
0000
0420
0430
0820
1cc0
0300
0480
0840
0820
1020
1020
1020
1040
0840
0780
0000
0000
0000
0100
0100
0100
0100
0100
0100
0100
0100
0100
0100
7ffc
0000
0000
0000
0000
0000
0100
0100
0100
0100
0100
0100
0100
7ffc
0000
0000
3ff8
0000
0000
0000
0000
0000
0100
0100
0100
0100
7ffc
0000
0000
3ff8
0000
0000
3ff8
0000
0000
0000
0000
0100
0100
0100
0100
7ffc
2008
1010
0820
0440
0280
0100
06c0
1830
600c
0000
0000
0000
0000
0000
0000
0000
0000
0000
0000
0000
0000
0000
6000
9000
9000
6000
0000
6000
9000
9000
6000
0000
0000
0000
0000
0000
0000
0000
0000
0000
0000
0000
0000
0006
0009
0009
0006
0000
0000
0000
0000
0000
0000
0000
0000
0000
0000
0000
0000
0000
0000
0000
0000
0000
0000
0000
0000
0000
0000
0000
0006
0009
0009
0006
0000
0000
0000
0000
0000
0000
0000
0000
c000
c000
0000
0000
0000
0000
0000
0000
0000
0000
0000
0000
0000
0000
c000
c000
0000
c000
c000
0000
0000
0000
0000
0000
0000
0000
0000
0000
0000
0000
6186
9249
0c30
0000
0000
0000
0000
0000
0000
0000
0100
0180
0100
0200
0200
0400
0800
1000
1000
0800
0400
0200
0100
0100
0080
0080
0100
0180
0110
0208
0248
0420
0820
1000
1000
0800
0400
0200
0100
0100
0080
0080
0400
0600
0400
0800
0800
0800
1000
1000
1000
2000
2000
2000
4000
4000
8000
8000
0400
0600
0440
0820
0880
0840
1040
1000
1000
2000
2000
2000
4000
4000
8000
8000
8000
8000
4000
2000
2000
1000
1000
0800
0800
0400
0400
0200
0200
0100
0100
0000
07c0
1830
2008
5ff4
5ff4
8002
9ff2
9ff2
8102
8102
8102
4104
4104
2108
1830
07c0
8282
8282
8282
4444
4444
2828
2828
1010
1010
2828
2828
4444
4444
8282
8282
8282
0100
0100
0100
0100
0100
0100
fffe
0100
0100
0100
0100
0100
0100
0100
0100
0000
0820
0820
0820
0820
0820
0820
fffe
0820
0820
0820
0820
0820
0820
0820
0820
0000
1088
1088
1088
1088
1088
fffe
1088
1088
1088
1088
1088
2088
2088
4088
8008
0000
0000
0000
0200
0100
0080
0040
0080
0100
0080
0040
0020
0000
0000
0000
0000
0000
0000
0000
0000
3ff8
2018
2028
2048
2088
2108
2208
2408
2808
3008
3ff8
0000
0000
0000
0000
1000
2860
4490
0310
0010
0010
0010
0010
0010
0010
0008
0008
0004
0000
db6d
8001
0e00
9189
8071
0000
8011
8021
1ff8
8081
8101
1ff8
8401
8800
0001
db6d
0000
fe00
8200
c600
c600
aa00
aa00
9200
aa00
aa00
c600
c600
8200
fe00
0000
0000
0000
7ffe
63ce
7db6
71b6
7db6
63ce
7ffe
7ffe
6dce
6db6
61b6
7db6
7dce
7ffe
0000
0000
0000
0000
0000
0000
0100
0160
0f80
0200
03e0
0650
0a48
1188
1108
0e10
0060
0000
0100
0100
0160
1f80
0200
0220
03f8
0624
0a42
1282
2102
2204
1c08
0030
0000
0000
0000
0000
0000
0000
0000
0000
1000
1020
1010
1010
1008
0808
0a00
0400
0000
0000
0000
0000
1000
1000
1010
1008
1008
1004
1004
1004
0900
0a00
0400
0000
0000
0000
0000
0000
0000
0000
0180
0060
0000
00e0
0310
0010
0010
0020
0020
0040
0080
0000
0300
00e0
0000
0000
01e0
0e10
0010
0010
0010
0020
0020
0040
0080
0100
0000
0000
0000
0000
0000
0000
0000
0300
00c0
0000
01c0
0640
0080
0180
0240
0440
0830
0000
0300
00e0
0000
00e0
0f20
0040
0080
0100
0380
0440
0840
1040
203c
0000
0000
0000
0000
0000
0000
0000
0000
0200
0390
0e08
0204
02e0
0310
0608
0a08
0a10
0660
0000
0400
0400
0784
3c02
0401
0400
04f0
0708
0c04
1404
2404
2408
1830
0000
0000
0000
0200
0200
0208
03c4
3e22
0221
0421
0420
0820
0820
1040
2240
0180
0000
0000
0002
0205
0202
0208
03c4
3e22
0221
0421
0420
0820
0820
1040
2240
0180
0000
0000
0100
0100
0160
0f80
0080
00b8
0fc0
0040
0020
07d0
0830
1000
1000
0c00
03c0
0000
0100
0104
016a
0f84
0080
00b8
0fc0
0040
0020
07d0
0830
1000
1000
0c00
03c0
0000
0000
0040
0040
0080
0080
0100
0200
0400
0200
0100
0080
0080
0040
0040
0040
0000
0000
0040
0040
0088
0094
0108
0200
0400
0200
0100
0080
0080
0040
0040
0040
0000
0000
0010
1010
1010
201e
23f0
2010
2010
2010
2010
2010
2820
1020
1040
0080
0000
0002
0015
1012
1010
201e
23f0
2010
2010
2010
2010
2010
2820
1020
1040
0080
0000
0000
0000
0700
00f0
0040
0080
0000
0000
0000
0800
1000
1000
0800
07f8
0000
0000
0000
0002
0705
00f2
0040
0080
0000
0000
0000
0800
1000
1000
0800
07f8
0000
0000
0000
0100
0100
00b8
1fc0
0040
0020
0020
07d0
0830
1000
1000
1000
0c00
03c0
0000
0008
0114
0108
00b0
1fc0
0040
0020
0020
07d0
0830
1000
1000
1000
0c00
03c0
0000
0000
0400
0400
0400
0400
0400
0400
0400
0400
0400
0404
0408
0230
01c0
0000
0000
0000
0400
0420
0450
0420
0400
0400
0400
0400
0400
0404
0408
0230
01c0
0000
0000
0000
0040
0040
3ffc
0040
0040
03c0
0440
0440
04c0
0340
0040
0080
0100
0600
0000
0002
0045
0042
3ffc
0040
0040
03c0
0440
0440
04c0
0340
0040
0080
0100
0600
0000
0000
0020
0820
0820
0820
09fe
7e20
0820
0820
08c0
0800
0800
0400
03f0
0000
0000
0000
0022
0825
0822
0820
09fe
7e20
0820
0820
08c0
0800
0800
0400
03f0
0000
0000
0000
0000
07e0
0040
0080
0100
023e
07c0
3880
0100
0200
0200
0200
0100
00f0
0000
0000
0000
07e4
004a
0084
0100
023e
07c0
3880
0100
0200
0200
0200
0100
00f0
0000
0000
0400
0400
0780
3c00
0400
047c
0808
0800
0800
1100
1100
2080
207e
0000
0000
0000
0404
040a
0784
3c00
0400
047c
0808
0800
0800
1100
1100
2080
207e
0000
0000
0000
0100
0100
0130
1fc0
0200
0200
0400
04f0
0b08
0c04
0004
0008
0030
01c0
0000
0000
0102
0105
0132
1fc0
0200
0200
0400
04f0
0b08
0c04
0004
0008
0030
01c0
0000
0000
0000
0000
0000
0000
0000
0000
01e0
1e10
0008
0008
0008
0010
0060
0180
0000
0000
0000
0000
0000
01f0
7e08
0004
0002
0002
0002
0004
0008
0030
00c0
0000
0000
0000
0002
0005
0002
01f0
7e08
0004
0002
0002
0002
0004
0008
0030
00c0
0000
0000
0000
0000
003c
3fc0
0080
0100
0100
0200
0200
0200
0200
0100
0080
0070
0000
0000
0000
0000
003c
3fc0
0088
0114
0108
0200
0200
0200
0200
0100
0080
0070
0000
0000
0000
0200
0200
0200
0200
0210
0160
0180
0200
0400
0800
0800
0400
03f0
0000
0000
0000
0200
0204
020a
0204
0210
0160
0180
0200
0400
0800
0800
0400
03f0
0000
0000
0000
0400
0400
0788
3c04
0402
0820
0820
1020
2020
0020
01e0
0238
0224
01c0
0000
0000
0000
0800
08f8
1010
1000
1000
1000
1000
1000
1080
1480
087c
0800
0000
0000
0000
0100
1100
1100
13f0
1d08
1104
2904
2a04
4604
4204
4474
388c
0072
0000
0000
0000
0800
0800
0800
0870
7988
0a04
0c04
1804
2804
4804
0878
088c
0872
0800
0000
0000
0000
0000
01e0
0698
0884
1084
1082
2102
2102
2204
1204
0c18
0060
0000
0000
0000
1010
1010
1010
21fe
2010
2010
2010
2010
2010
2010
20f0
291c
1112
10e0
0000
0002
1015
1012
1010
21fe
2010
2010
2010
2010
2010
2010
20f0
291c
1112
10e0
0000
0006
2029
2029
2026
43f8
4020
4020
4020
4020
4020
4020
41e0
5238
2224
21c0
0000
0000
0000
0700
3a10
0418
0414
0812
0810
1010
1010
1010
1020
1020
0840
0780
0000
0002
0005
0702
3a10
0418
0414
0812
0810
1010
1010
1010
1020
1020
0840
0780
0000
0006
0009
0709
3a16
0418
0414
0812
0810
1010
1010
1010
1020
1020
0840
0780
0000
0000
0100
0080
0040
0040
0080
0100
0100
0080
0048
0824
1022
2441
4381
0000
0000
0000
0100
0080
0040
0048
0094
0108
0100
0080
0048
0824
1022
2441
4381
0000
0000
0000
0100
0080
004c
0052
0092
010c
0100
0080
0048
0824
1022
2441
4381
0000
0000
0000
0000
0000
0000
0000
0600
0900
1080
6040
0020
0018
0006
0000
0000
0000
0000
0000
0000
0000
0010
0028
0610
0900
1080
6040
0020
0018
0006
0000
0000
0000
0000
0000
0000
0000
0030
0048
0648
0930
1080
6040
0020
0018
0006
0000
0000
0000
0000
0000
1000
11fc
1010
2010
2010
21fc
2010
2010
2010
2010
20f0
291c
1112
10e0
0000
0002
1005
11fa
1010
2010
2010
21fc
2010
2010
2010
2010
20f0
291c
1112
10e0
0000
0006
1009
11f9
1016
2010
2010
21fc
2010
2010
2010
2010
20f0
291c
1112
10e0
0000
0000
0080
0080
1ff8
0080
0080
0080
0ff0
0080
0080
0080
0fc0
10b0
1088
0f00
0000
0000
0000
0f80
0080
0080
0088
0108
0108
07f8
1a0e
2211
2410
1820
0040
0080
0000
0000
0200
0200
03c8
3e04
0202
0200
0e00
1200
1200
1400
0c04
0404
0404
03f8
0000
0000
0040
0840
0840
0be0
0c58
0884
1884
2502
2502
4202
4204
2504
1818
0060
0000
0000
0200
0200
0200
1f80
0200
0200
0210
1f88
0408
0408
0408
0408
0210
01e0
0000
0000
0000
0000
0000
0000
0000
0100
08f0
0588
0608
1a08
0270
0100
0100
0080
0080
0000
0100
0080
1040
1078
0984
0602
1c02
6204
0218
0100
0100
0080
0080
0080
0000
0000
0000
0000
0000
0000
0080
0040
09e0
0a50
1448
1448
0850
09e0
0080
0080
0100
0000
0080
0040
1040
10f8
2344
2442
2842
3042
2242
1144
10f8
0040
0080
0100
0000
0000
0000
0000
0000
0000
0080
0080
00f0
0080
0080
0080
0780
08e0
0890
0700
0000
0000
0080
0080
0080
00f8
0080
0080
0080
0080
0080
0080
0fc0
10b0
1088
0f00
0000
0000
0180
0060
0000
0400
0400
0400
0400
09f0
0e08
0804
0004
0008
0030
03c0
0000
0000
0010
0810
0810
0810
0810
0810
0a10
0c10
0410
0010
0020
0020
0040
0180
0000
0000
0000
07f0
0020
0040
0080
0100
02f0
0708
0804
1004
0184
0248
0230
01e0
0000
0000
0800
0800
0800
08e0
7d10
0a10
0c10
1810
1810
2810
4810
0812
080c
0800
0000
0000
0000
07f0
0020
0040
0080
0100
02f0
0708
0804
1004
0004
0008
0030
01c0
0000
0000
0000
0000
0000
0000
0000
0200
0200
1e70
0288
0304
0204
0604
0a04
1208
0210
0000
0400
0400
0400
3e00
04f8
0504
0602
0402
0c02
1402
2404
0408
0430
0400
0000
0000
0380
0c80
0080
0100
0100
03e0
0e18
1204
2204
2404
24c8
2528
18f0
0000
0000
0000
07e0
0040
0080
01e0
0610
0808
0388
0450
03e0
0c04
1202
2121
40c1
0000
0000
0100
0100
0160
1f80
0200
0200
0780
084c
1070
01c0
0240
0400
0400
03f0
0000
0000
0000
0100
0100
0100
0200
0200
0200
0400
0580
0640
0840
0842
1044
1038
0000
0000
0000
0304
00ea
0004
0000
03e0
0c10
0010
0010
0010
0020
0020
0040
0080
0100
0000
0000
0000
0000
0000
0000
0200
0200
0200
0390
1e48
0244
0444
0440
0840
1080
0300
0000
0000
0000
0000
0000
0010
0410
0410
08fc
0810
0810
0810
0810
0a10
0420
00c0
0000
7ffe
63ce
7db6
71b6
7db6
63ce
7ffe
7ffe
7386
6df6
71ee
7dde
73de
7ffe
0000
0000
7ffe
63ce
7db6
71b6
7db6
63ce
7ffe
7ffe
73ce
6db6
71ce
7db6
73ce
7ffe
0000
0000
000a
000a
0000
0000
0000
0000
0000
0000
0000
0000
0000
0000
0000
0000
0000
0000
000c
0012
0012
000c
0000
0000
0000
0000
0000
0000
0000
0000
0000
0000
0000
0000
5000
5000
0000
0000
0000
0000
0000
0000
0000
0000
0000
0000
0000
0000
0000
0000
3000
4800
4800
3000
0000
0000
0000
0000
0000
0000
0000
0000
0000
0000
0000
0000
0000
0000
0000
0000
0c00
0300
00c0
0020
0010
0020
00c0
0000
0000
0000
0000
0000
0000
0000
0020
0050
0c20
0300
00c0
0020
0010
0020
00c0
0000
0000
0000
0000
0000
0800
0800
0800
0fe0
0800
0800
09e0
0a10
0c10
0410
0020
0020
0040
0180
0000
0000
0000
0000
0000
0000
07e0
0000
0000
0000
07e0
0000
0000
0000
0000
0000
0000
0000
0000
0000
0000
0000
0000
0000
0000
0fe0
0020
0140
0100
0100
0100
0200
0400
0000
0000
0000
1ffc
0004
0088
0090
0080
0080
0080
0100
0100
0200
0400
0000
0000
0000
0000
0000
0000
0000
0000
0020
0020
0040
0180
0e80
0080
0080
0080
0080
0080
0000
0000
0010
0010
0020
0040
0080
0180
0680
1880
0080
0080
0080
0080
0080
0000
0000
0000
0000
0000
0080
0080
0080
0ff8
0808
0808
0008
0010
0010
0060
0180
0000
0000
0080
0080
0080
1ffc
1004
1004
1004
0004
0008
0008
0010
0060
0180
0000
0000
0000
0000
0000
0000
0000
0000
0000
0000
0000
07f0
0080
0080
0080
0080
0ff8
0000
0000
0000
0000
0000
0ff8
0080
0080
0080
0080
0080
0080
0080
3ffe
0000
0000
0000
0000
0000
0000
0000
0000
0000
0020
0020
07f8
0020
0060
00a0
0120
0620
0020
0060
0000
0020
0020
0020
3ffe
0020
0060
00a0
0120
0220
0c20
3020
0020
00e0
0000
0000
0100
0100
0100
0100
3ffc
0104
0104
0204
0204
0404
0404
0808
1008
2070
0000
0000
0102
0105
0102
0100
3ffc
0104
0104
0204
0204
0404
0404
0808
1008
2070
0000
0000
0000
0100
0100
0100
00f8
1f80
0080
0080
00fe
3f80
0040
0040
0040
0040
0040
0000
0000
0104
010a
0104
00f8
1f80
0080
0080
00fe
3f80
0040
0040
0040
0040
0040
0000
0000
0100
0100
01f8
0208
0208
0410
0810
0020
0020
0040
0080
0300
0c00
0000
0000
0002
0105
0102
01f8
0208
0208
0410
0810
0020
0020
0040
0080
0300
0c00
0000
0000
0000
0200
0200
0200
0400
07fe
0810
1010
2010
0020
0020
0040
0080
0300
0000
0000
0000
0202
0205
0202
0400
07fe
0810
1010
2010
0020
0020
0040
0080
0300
0000
0000
0000
0000
0000
0000
1ff8
0008
0008
0008
0008
0008
0008
0008
1ff8
0008
0000
0000
0000
0002
0005
0002
1ff8
0008
0008
0008
0008
0008
0008
0008
1ff8
0008
0000
0000
0000
0010
0410
0410
0410
3ffe
0410
0410
0410
0410
0010
0020
0020
0040
0180
0000
0002
0015
0412
0410
0410
3ffe
0410
0410
0410
0410
0010
0020
0020
0040
0180
0000
0000
0000
0800
0600
0000
0000
1000
0c04
0008
0010
0020
0040
0180
0e00
0000
0000
0000
0008
0c14
0208
0000
0000
1800
0404
0008
0010
0020
0040
0180
0e00
0000
0000
0000
0000
0000
0ff0
0010
0010
0020
0020
0040
00a0
0110
0208
0404
1804
0000
0000
0000
0002
0005
0ff2
0010
0010
0020
0020
0040
00a0
0110
0208
0404
1804
0000
0000
0000
0400
0400
0400
0478
078c
3c10
0420
0440
0400
0400
0400
03f0
0000
0000
0000
0000
0402
0405
0402
0478
078c
3c10
0420
0440
0400
0400
0400
03f0
0000
0000
0000
0000
0000
1008
1008
0808
0808
0410
0010
0020
0020
0040
0080
0100
0200
0000
0000
0002
0005
1002
1008
0808
0808
0410
0010
0020
0020
0040
0080
0100
0200
0000
0000
0000
0100
0100
01f8
0208
0208
0410
0b10
00e0
0020
0050
0080
0300
0c00
0000
0000
0002
0105
0102
01f8
0208
0208
0410
0b10
00e0
0020
0050
0080
0300
0c00
0000
0000
0000
0010
00e0
1f00
0080
0080
0080
7ffe
0080
0080
0080
0100
0100
0200
0400
0000
0000
0010
00e4
1f0a
0084
0080
0080
7ffe
0080
0080
0080
0100
0100
0200
0400
0000
0000
0000
0000
0000
0000
0000
0000
0000
0100
0888
0488
0410
0010
0020
0040
0080
0000
0000
0200
0200
2104
1104
1008
0008
0010
0010
0020
0040
0080
0100
0200
0000
0002
0005
0202
0200
2104
1104
1008
0008
0010
0010
0020
0040
0080
0100
0200
0000
0000
0000
0ff8
0000
0000
0000
3ffe
0040
0040
0040
0080
0080
0100
0600
0000
0000
0002
0005
0ff2
0000
0000
0000
3ffe
0040
0040
0040
0080
0080
0100
0600
0000
0000
0000
0200
0200
0200
0200
0200
03c0
0230
0208
0200
0200
0200
0200
0200
0200
0000
0000
0200
0208
0214
0208
0200
03c0
0230
0208
0200
0200
0200
0200
0200
0200
0000
0000
0080
0080
0080
0080
3ffc
0080
0080
0080
0080
0100
0100
0200
0400
0800
0000
0000
0000
0000
0000
0ff8
0000
0000
0000
0000
0000
0000
3ffe
0000
0000
0000
0000
0000
0000
0000
0ff0
0010
0010
0020
0220
0140
0080
0140
0220
0410
1808
0000
0000
0000
0080
0080
0080
0ff0
0010
0060
0080
0398
0c84
3082
0080
0080
0080
0080
0000
0000
0000
0010
0010
0010
0010
0020
0020
0040
0040
0080
0100
0600
1800
0000
0000
0000
0000
0000
0000
0400
0440
0420
0810
0808
1004
1004
2002
4002
0000
0000
0000
0000
0000
0004
000a
0404
0440
0420
0810
0808
1004
1004
2002
4002
0000
0000
0000
0000
0000
000c
0012
0412
044c
0420
0810
0808
1004
1004
2002
4002
0000
0000
0000
0000
0000
0800
0800
0808
0830
08c0
0f00
0800
0800
0800
0800
0800
07f8
0000
0000
0000
0008
0814
0808
0800
0810
08e0
0f00
0800
0800
0800
0800
0800
07f0
0000
0000
0000
0018
0824
0824
0818
0810
08e0
0f00
0800
0800
0800
0800
0800
07f0
0000
0000
0000
0000
0000
1ffc
0004
0004
0004
0008
0008
0010
0020
0040
0180
0600
0000
0000
0002
0005
0002
1ffc
0004
0004
0004
0008
0008
0010
0020
0040
0180
0600
0000
0000
0006
0009
0009
1ffe
0004
0004
0004
0008
0008
0010
0020
0040
0180
0600
0000
0000
0000
0000
0000
0000
0000
0600
0900
1080
2040
4020
0018
0006
0000
0000
0000
0000
0000
0000
0000
0000
0010
0628
0910
1080
2040
4020
0018
0006
0000
0000
0000
0000
0000
0000
0000
0030
0048
0648
0930
1080
2040
4020
0018
0006
0000
0000
0000
0000
0000
0080
0080
0080
1ffc
0080
0080
0080
0888
0884
1082
2082
0080
0380
0000
0000
0000
0082
0085
0082
1ffc
0080
0080
0080
0888
0884
1082
2082
0080
0380
0000
0000
0006
0089
0089
0086
1ff8
0080
0080
0080
0888
0884
1082
2082
0080
0380
0000
0000
0000
0000
0000
3ffc
0004
0008
0008
0010
0c20
0340
0080
0040
0020
0000
0000
0000
0000
0000
0380
0060
0010
0000
0300
00c0
0020
0000
0000
0e00
0180
0060
0010
0000
0000
0000
0200
0200
0200
0200
0200
0200
0420
0410
0408
0838
09c4
3e04
0000
0000
0000
0000
0008
0008
0008
0010
0310
00a0
0060
0050
0088
0100
0600
1800
0000
0000
0000
0000
0000
1ff0
0200
0200
0200
3ffc
0200
0200
0200
0200
0200
01f0
0000
0000
0000
0000
0000
0000
0000
0400
0400
0238
03c8
1e10
0120
0100
0100
0080
0080
0080
0000
0000
0800
0800
041c
04e2
0704
3a08
0210
0100
0100
0100
0080
0080
0080
0000
0000
0000
0000
0000
0000
0000
0000
0000
07c0
0040
0040
0040
0080
0080
1ff8
0000
0000
0000
0000
0000
0ff0
0010
0010
0010
0010
0020
0020
0020
3ffe
0000
0000
0000
0000
0000
0000
0000
0000
0000
0000
07e0
0020
0020
07e0
0020
0020
0020
07e0
0020
0000
0000
1ff0
0010
0010
0010
0010
0ff0
0010
0010
0010
0010
1ff0
0010
0000
0000
0000
0000
07f0
0000
0000
0000
1ffc
0004
0008
0008
0010
0020
00c0
0300
0000
0000
0000
0010
0810
0810
0810
0810
0810
0810
0810
0010
0010
0020
0020
0040
0180
0000
0000
0000
0040
0040
0440
0440
0440
0440
0440
0840
0841
1042
204c
4070
0000
0000
0000
0000
0400
0400
0400
0400
0400
0400
0400
0408
0410
0420
04c0
0700
0000
0000
0000
0000
0000
0000
1ff8
1008
1008
1008
1008
1008
1008
1008
1ff8
1008
0000
0000
0000
0000
0000
0000
0000
0000
0000
0ff0
0810
0810
0810
0010
0020
0020
0040
0180
0000
0000
0000
1ffc
1004
1004
1004
1004
0004
0004
0008
0008
0010
0060
0180
0000
0000
0020
0020
0020
0ffc
0420
0420
0420
0420
3ffe
0020
0020
0020
0020
0020
0000
0000
0000
0000
0000
0ff8
0008
0010
00a0
0080
0080
0080
0080
3ffe
0000
0000
0000
0000
0000
0000
0ff8
0008
0008
1ff8
0008
0010
0010
0020
0040
0180
0600
0000
0000
0000
0000
0000
1800
0400
0204
0004
0008
0008
0010
0020
0040
0180
0e00
0000
0000
0002
0085
0082
0080
1ffc
1004
1004
1004
0004
0008
0008
0010
0060
0180
0000
0000
0000
0000
0000
0000
0000
0080
0080
0080
0ff8
0088
0108
0108
0208
0410
0810
0060
0000
0000
0000
0000
0000
0200
0200
0200
07fc
0420
0820
0020
0040
0040
0080
0300
0002
0005
0002
1ffc
1004
1004
1004
1004
0004
0004
0008
0008
0010
0060
0180
0000
0000
0022
0025
0022
0ffc
0420
0420
0420
0420
3ffe
0020
0020
0020
0020
0020
0000
0000
0002
0005
0002
0ff8
0008
0010
00a0
0080
0080
0080
0080
3ffe
0000
0000
0000
0002
0005
0002
0ff8
0008
0008
1ff8
0008
0010
0010
0020
0040
0180
0600
0000
0000
0000
0000
0000
0000
0000
0000
0000
0180
0180
0000
0000
0000
0000
0000
0000
0000
0000
0000
0000
0000
0000
0000
0000
2000
1ffe
0000
0000
0000
0000
0000
0000
0000
0000
0000
0000
0000
0000
0600
0180
0040
0020
0010
0010
0000
0000
0000
0000
0000
0000
0000
0000
0010
0028
0610
0180
0040
0020
0010
0010
0000
0000
0000
0000
0000
0000
0000
1ff8
0008
0008
0008
0008
0008
0008
0008
0008
0008
0008
0008
0008
0000
0000
7ffe
6186
6fbe
638e
6fbe
6fbe
7ffe
7ffe
73ce
6db6
6db6
6db6
73ce
7ffe
0000
0000
0000
0200
0700
0700
0700
0700
0200
0200
0200
0000
0000
0200
0200
0000
0000
0000
0240
0240
0240
0240
0240
0000
0000
0000
0000
0000
0000
0000
0000
0000
0000
0000
0000
0000
0220
0220
0220
1ff8
0440
0440
0440
0440
3ff0
0880
0880
0880
0880
0000
0000
0000
0100
07c0
0920
1110
1110
0d00
0380
0160
1110
1110
0920
07c0
0100
0000
0000
0000
0e04
1108
1110
1120
0e40
0080
0100
0270
0488
0888
1088
2070
0000
0000
0000
0000
0e00
1100
1100
1100
0a00
0438
0a10
1120
20c0
20c0
1120
0e18
0000
0000
0100
0100
0100
0100
0100
0000
0000
0000
0000
0000
0000
0000
0000
0000
0000
0000
0010
0020
0040
0080
0080
0100
0100
0100
0100
0080
0080
0040
0020
0010
0000
0000
1000
0800
0400
0200
0200
0100
0100
0100
0100
0200
0200
0400
0800
1000
0000
0000
0000
0000
0000
0100
1110
0920
0540
0380
0380
0540
0920
1110
0100
0000
0000
0000
0000
0000
0100
0100
0100
0100
0100
3ff8
0100
0100
0100
0100
0100
0000
0000
0000
0000
0000
0000
0000
0000
0000
0000
0000
0000
0c00
0c00
0400
0400
0800
0000
0000
0000
0000
0000
0000
0000
0000
0000
3ff8
0000
0000
0000
0000
0000
0000
0000
0000
0000
0000
0000
0000
0000
0000
0000
0000
0000
0000
0000
0c00
0c00
0000
0000
0000
0002
0004
0008
0010
0020
0040
0080
0100
0200
0400
0800
1000
2000
4000
0000
0000
0000
0000
0380
0440
0820
0860
08a0
0920
0a20
0c20
0820
0440
0380
0000
0000
0000
0000
0000
0100
0300
0500
0900
0100
0100
0100
0100
0100
0100
0fe0
0000
0000
0000
0000
0000
03c0
0420
0810
0810
0020
0040
0180
0200
0400
0800
0ff0
0000
0000
0000
0000
0000
03c0
0420
0810
0010
0020
01c0
0020
0810
0810
0420
03c0
0000
0000
0000
0000
0000
0040
00c0
0140
0240
0440
0840
1040
1ff0
0040
0040
00e0
0000
0000
0000
0000
0000
0ff0
0800
0800
0800
0bc0
0c20
0010
0010
0010
0820
07c0
0000
0000
0000
0000
0000
03c0
0420
0800
0800
13c0
1420
1810
1010
0810
0420
03c0
0000
0000
0000
0000
0000
0ff0
0820
1040
0080
0080
0100
0100
0100
0100
0100
0100
0000
0000
0000
0000
0000
03c0
0420
0810
0810
0420
03c0
0420
0810
0810
0420
03c0
0000
0000
0000
0000
0000
03c0
0420
0810
0810
0810
0430
03d0
0010
0810
0420
03c0
0000
0000
0000
0000
0000
0000
0000
0600
0600
0000
0000
0000
0600
0600
0000
0000
0000
0000
0000
0000
0000
0000
0000
0600
0600
0000
0000
0000
0600
0600
0200
0200
0400
0000
0000
0000
0008
0030
0040
0180
0200
0c00
1000
0c00
0200
0180
0040
0030
0008
0000
0000
0000
0000
0000
0000
0000
3ff8
0000
0000
0000
3ff8
0000
0000
0000
0000
0000
0000
0000
1000
0c00
0200
0180
0040
0030
0008
0030
0040
0180
0200
0c00
1000
0000
0000
0000
07c0
0820
1010
0010
0020
00c0
0100
0100
0000
0000
0100
0100
0000
0000
0000
0000
0000
03c0
0c30
1008
21c4
2244
2444
2444
24c8
1330
1004
0c18
03e0
0000
0000
0000
0000
0100
0100
0280
0280
0440
0440
0820
0fe0
1010
1010
3838
0000
0000
0000
0000
0000
1fc0
0820
0810
0810
0820
0fe0
0810
0808
0808
0810
1fe0
0000
0000
0000
0000
0000
03e8
0418
0808
1000
1000
1000
1000
1000
0808
0410
03e0
0000
0000
0000
0000
0000
1f80
0860
0810
0808
0808
0808
0808
0808
0810
0860
1f80
0000
0000
0000
0000
0000
1ff0
0810
0800
0800
0820
0fe0
0820
0800
0800
0810
1ff0
0000
0000
0000
0000
0000
1ff0
0810
0800
0800
0840
0fc0
0840
0800
0800
0800
1c00
0000
0000
0000
0000
0000
03d0
0430
0810
1000
1000
107c
1010
1010
0810
0430
03d0
0000
0000
0000
0000
0000
1c38
0810
0810
0810
0810
0ff0
0810
0810
0810
0810
1c38
0000
0000
0000
0000
0000
07c0
0100
0100
0100
0100
0100
0100
0100
0100
0100
07c0
0000
0000
0000
0000
0000
00f8
0020
0020
0020
0020
0020
0020
0020
0820
0840
0780
0000
0000
0000
0000
0000
1c70
0820
0840
0880
0b00
0d00
0880
0840
0820
0810
1c38
0000
0000
0000
0000
0000
1c00
0800
0800
0800
0800
0800
0800
0800
0800
0810
1ff0
0000
0000
0000
0000
0000
300c
1818
1828
1428
1448
1248
1288
1108
1108
1008
381c
0000
0000
0000
0000
0000
1838
0c10
0c10
0a10
0910
0890
0890
0850
0830
0830
1c10
0000
0000
0000
0000
0000
03c0
0420
0810
1008
1008
1008
1008
1008
0810
0420
03c0
0000
0000
0000
0000
0000
1fc0
0820
0810
0810
0820
0fc0
0800
0800
0800
0800
1c00
0000
0000
0000
0000
0000
03c0
0420
0810
1008
1008
1008
1008
1708
0890
0460
03e0
0018
0000
0000
0000
0000
1fc0
0820
0810
0810
0820
0fc0
0880
0840
0820
0810
1c38
0000
0000
0000
0000
0000
03d0
0430
0810
0400
0300
00c0
0030
0808
0808
0c10
0be0
0000
0000
0000
0000
0000
3ff8
2108
2108
0100
0100
0100
0100
0100
0100
0100
0380
0000
0000
0000
0000
0000
1c38
0810
0810
0810
0810
0810
0810
0810
0810
0420
03c0
0000
0000
0000
0000
0000
3838
1010
1010
0820
0820
0440
0440
0280
0280
0100
0100
0000
0000
0000
0000
0000
711c
2108
2108
2108
1290
1290
1450
1450
0c60
0820
0820
0000
0000
0000
0000
0000
3838
1010
0820
0440
0280
0100
0280
0440
0820
1010
3838
0000
0000
0000
0000
0000
3838
1010
0820
0440
0280
0100
0100
0100
0100
0100
0380
0000
0000
0000
0000
0000
1ff8
1010
1020
0040
0080
0100
0200
0400
0808
1008
1ff8
0000
0000
0000
01f0
0100
0100
0100
0100
0100
0100
0100
0100
0100
0100
0100
0100
01f0
0000
0000
4000
2000
1000
0800
0400
0200
0100
0080
0040
0020
0010
0008
0004
0002
0000
0000
1f00
0100
0100
0100
0100
0100
0100
0100
0100
0100
0100
0100
0100
1f00
0000
0000
0100
06c0
1830
0000
0000
0000
0000
0000
0000
0000
0000
0000
0000
0000
0000
0000
0000
0000
0000
0000
0000
0000
0000
0000
0000
0000
0000
0000
0000
ffff
0000
0000
0200
0100
0080
0040
0000
0000
0000
0000
0000
0000
0000
0000
0000
0000
0000
0000
0000
0000
0000
0000
0000
03c0
0420
0420
01e0
0620
0820
0860
0790
0000
0000
0000
0000
0000
1800
0800
0800
09c0
0a20
0c10
0810
0810
0810
0c20
1bc0
0000
0000
0000
0000
0000
0000
0000
0000
03c0
0420
0810
0800
0800
0800
0410
03e0
0000
0000
0000
0000
0000
0030
0010
0010
0390
0450
0830
0810
0810
0810
0430
03d8
0000
0000
0000
0000
0000
0000
0000
0000
03c0
0420
0810
0ff0
0800
0800
0410
03e0
0000
0000
0000
0000
0000
03e0
0410
0400
0400
1fc0
0400
0400
0400
0400
0400
0e00
0000
0000
0000
0000
0000
0000
0000
0000
0390
0460
0420
0440
0380
0400
07e0
0810
0810
07e0
0000
0000
0000
1800
0800
0800
09c0
0a20
0c10
0810
0810
0810
0810
1c38
0000
0000
0000
0000
0100
0100
0000
0000
0300
0100
0100
0100
0100
0100
0100
07c0
0000
0000
0000
0000
0020
0020
0000
0000
0060
0020
0020
0020
0020
0020
0020
0820
0840
0780
0000
0000
0000
1800
0800
0870
0840
0880
0900
0b00
0c80
0840
0820
1c70
0000
0000
0000
0000
0000
0300
0100
0100
0100
0100
0100
0100
0100
0100
0100
07c0
0000
0000
0000
0000
0000
0000
0000
0000
3660
1990
1110
1110
1110
1110
1110
3bb8
0000
0000
0000
0000
0000
0000
0000
0000
19c0
0a20
0c20
0820
0820
0820
0820
1c70
0000
0000
0000
0000
0000
0000
0000
0000
03c0
0420
0810
0810
0810
0810
0420
03c0
0000
0000
0000
0000
0000
0000
0000
0000
0b80
0c40
0820
0820
0820
0820
0c40
0b80
0800
1c00
0000
0000
0000
0000
0000
0000
03a0
0460
0820
0820
0820
0820
0460
03a0
0020
0070
0000
0000
0000
0000
0000
0000
19c0
0a20
0c20
0800
0800
0800
0800
1c00
0000
0000
0000
0000
0000
0000
0000
0000
07d0
0830
0800
0700
00e0
0010
0c10
0be0
0000
0000
0000
0000
0000
0000
0400
0400
0400
1fe0
0400
0400
0400
0420
0420
03c0
0000
0000
0000
0000
0000
0000
0000
0000
1c70
0820
0820
0820
0820
0820
0460
03b0
0000
0000
0000
0000
0000
0000
0000
0000
1c38
0810
0420
0420
0240
0240
0180
0180
0000
0000
0000
0000
0000
0000
0000
0000
3838
1110
1110
0a90
0aa0
0aa0
0440
0440
0000
0000
0000
0000
0000
0000
0000
0000
0c30
0420
0240
0180
0180
0240
0420
0c30
0000
0000
0000
0000
0000
0000
0000
0000
1c70
0820
0440
0440
0280
0280
0100
0100
0100
0e00
0000
0000
0000
0000
0000
0000
0fe0
0840
0080
0100
0200
0400
0820
0fe0
0000
0000
0000
0030
0040
0080
0080
0080
0080
0300
0080
0080
0080
0080
0080
0040
0030
0000
0000
0100
0100
0100
0100
0100
0100
0100
0100
0100
0100
0100
0100
0100
0100
0000
0000
1800
0400
0200
0200
0200
0200
0180
0200
0200
0200
0200
0200
0400
1800
0000
0000
0000
0000
0000
0000
0000
0000
3e00
4184
0078
0000
0000
0000
0000
0000
0000
0000
0000
0088
0110
0220
0440
0440
0880
0880
0880
0880
0440
0440
0220
0110
0088
0000
0000
2200
1100
0880
0440
0440
0220
0220
0220
0220
0440
0440
0880
1100
2200
0000
0000
0000
0000
0000
0000
0000
0000
0000
0000
3000
4800
4800
3000
0000
0000
3e00
2000
2000
2000
2000
2000
2000
2000
2000
2000
2000
0000
0000
0000
0000
0000
0000
0000
0000
0000
0000
0200
0200
0200
0200
0200
0200
0200
0200
0200
0200
3e00
0000
0000
0000
0000
0000
0000
0000
0000
0000
0000
4000
3000
1800
0800
0000
0000
0000
0000
0000
0000
0000
0000
0000
1800
1800
0000
0000
0000
0000
0000
0000
0000
0000
0000
7e00
0200
0200
0200
7e00
0200
0200
0200
0400
0400
0800
1000
6000
0000
0000
0000
0000
0000
0000
7e00
0200
0400
1400
0800
0800
0800
1000
1000
2000
0000
0000
0000
0000
0000
0000
0200
0400
0800
1800
6800
0800
0800
0800
0800
0800
0000
0000
0000
0000
0000
0800
0800
0800
7f00
4100
4100
0100
0200
0200
0400
1800
0000
0000
0000
0000
0000
0000
0000
0000
3e00
0800
0800
0800
0800
0800
0800
7f00
0000
0000
0000
0000
0000
0000
0400
0400
7f00
0400
0c00
1400
2400
4400
0400
0c00
0000
0000
0000
0000
0000
2000
2000
2000
7f00
1100
1200
1000
0800
0800
0800
0800
0000
0000
0000
0000
0000
0000
0000
0000
3c00
0400
0400
0400
0400
7f00
0000
0000
0000
0000
0000
0000
0000
0000
0000
7e00
0200
0200
7e00
0200
0200
7e00
0000
0000
0000
0000
0000
0000
0000
0000
0000
0000
2900
2900
2900
0200
0200
0400
0800
3000
0000
0000
0000
0000
0000
0000
0000
4000
3f00
0000
0000
0000
0000
0000
0000
0000
0000
0000
0000
7f00
0100
0900
0a00
0a00
0800
0800
0800
0800
1000
1000
2000
2000
0000
0000
0100
0100
0100
0200
0200
0400
0c00
1400
6400
0400
0400
0400
0400
0400
0000
0000
0800
0800
0800
7f00
4100
4100
4100
0100
0100
0100
0200
0200
0400
1800
0000
0000
0000
0000
3e00
0800
0800
0800
0800
0800
0800
0800
0800
0800
7f00
0000
0000
0000
0400
0400
7f00
0400
0c00
0c00
1400
1400
1400
2400
2400
4400
0400
0c00
0000
0000
0800
0800
0800
7f00
0900
0900
0900
0900
1100
1100
1200
2200
2200
4400
0000
0000
1000
1000
1000
1e00
7000
0800
0800
0f00
7800
0800
0800
0400
0400
0400
0000
0000
0800
0800
0f00
1100
1100
2100
4100
0200
0200
0400
0400
0800
1000
6000
0000
0000
2000
2000
2000
3f00
2400
2400
4400
0400
0400
0400
0800
0800
1000
2000
0000
0000
0000
0000
7e00
0200
0200
0200
0200
0200
0200
0200
0200
0200
7e00
0000
0000
0000
1200
1200
1200
7f00
1200
1200
1200
1200
0400
0400
0400
0800
0800
1000
0000
0000
0000
3800
0000
0000
0000
7100
0100
0100
0200
0200
0400
0800
1000
6000
0000
0000
0000
0000
7e00
0200
0400
0400
0400
0800
0800
1400
1200
2200
2100
4100
0000
0000
1000
1000
1000
1000
1700
7900
1100
1200
1200
1000
1000
1000
0800
0700
0000
0000
0100
4100
4100
2100
0100
0200
0200
0200
0400
0400
0800
0800
1000
2000
0000
0000
0800
0800
0f00
1100
1100
2900
4500
0200
0200
0400
0400
0800
1000
6000
0000
0000
0200
0c00
3800
4800
0800
0800
7f00
0800
0800
0800
0800
1000
1000
6000
0000
0000
0000
5200
5200
5200
4200
0200
0400
0400
0400
0800
0800
1000
2000
4000
0000
0000
0000
3e00
0000
0000
0000
7f00
0800
0800
0800
0800
0800
1000
1000
2000
0000
0000
2000
2000
2000
2000
2000
3800
2400
2200
2000
2000
2000
2000
2000
2000
0000
0000
0800
0800
0800
0800
7f00
0800
0800
0800
0800
0800
1000
1000
2000
4000
0000
0000
0000
0000
3e00
0000
0000
0000
0000
0000
0000
0000
0000
0000
7f00
0000
0000
0000
0000
7f00
0100
0100
0100
2200
1a00
0400
0600
0a00
0900
1100
2100
4000
0000
0000
0800
0800
0800
7f00
0200
0400
0400
0a00
1900
2900
4800
0800
0800
0800
0000
0000
0000
0200
0200
0200
0200
0200
0400
0400
0400
0800
0800
1000
2000
4000
0000
0000
0000
1200
1200
1200
1200
1200
1100
1100
2100
2100
2100
2100
4100
4000
0000
0000
4000
4000
4000
4000
4000
4600
7800
4000
4000
4000
4000
4000
2000
1e00
0000
0000
0000
7f00
0100
0100
0100
0200
0200
0200
0400
0400
0800
0800
1000
2000
0000
0000
0000
1000
2800
2800
4400
4400
0400
0200
0200
0200
0100
0100
0100
0000
0000
0000
0800
0800
0800
7f00
0800
0800
2a00
2a00
2a00
4900
4900
4900
0800
0800
0000
0000
0000
7e00
0200
0200
0200
0400
2400
2400
1800
1800
1000
0800
0800
0800
0000
0000
0000
3800
0600
0100
0000
3000
0c00
0200
0000
7000
0c00
0200
0100
0000
0000
0000
0800
0800
0800
0800
0800
1000
1000
1000
1200
2200
2100
2700
3900
4100
0000
0000
0100
0100
0100
0200
3200
0a00
0400
0600
0a00
0900
1100
1100
2000
4000
0000
0000
0000
3e00
0800
0800
0800
0800
7f00
0800
0800
0800
0800
0800
0800
0700
0000
0000
2000
2000
2000
2700
7900
2100
1200
1200
1000
1000
0800
0800
0800
0800
0000
0000
0000
0000
0000
3c00
0400
0400
0400
0400
0400
0400
0400
0400
7f00
0000
0000
0000
0000
0000
7e00
0200
0200
0200
0200
7e00
0200
0200
0200
0200
0200
7e00
0000
0000
0000
3c00
0000
0000
0000
7e00
0200
0200
0200
0400
0400
0800
1000
2000
0000
0000
0200
2200
2200
2200
2200
2200
2200
0200
0400
0400
0400
0800
0800
1000
0000
0000
0000
0800
2800
2800
2800
2800
2900
2900
2900
2a00
2a00
4c00
4c00
4800
0000
0000
0000
4000
4000
4000
4000
4000
4200
4200
4200
4400
4400
4800
5000
6000
0000
0000
0000
0000
7e00
4200
4200
4200
4200
4200
4200
4200
4200
7e00
4200
0000
0000
0000
0000
7e00
4200
4200
4200
4200
0200
0400
0400
0400
0800
0800
1000
2000
0000
0000
0000
6000
1000
0000
0100
0100
0100
0100
0200
0200
0400
0800
1000
6000
0000
0000
0000
1000
4800
2400
1000
0000
0000
0000
0000
0000
0000
0000
0000
0000
0000
0000
0000
3000
4800
4800
3000
0000
0000
0000
0000
0000
0000
0000
0000
0000
0000
0000
0000
0000
0000
0000
0000
0000
0000
0000
0000
0000
0000
0000
0000
0000
0000
0000
0000
0000
0000
0000
0000
0000
0000
0000
7e00
0200
0200
0200
0200
0000
0000
0000
0000
0000
0000
0000
0000
0000
0000
0000
6c00
2400
2400
2400
2400
0000
0000
0000
0000
0000
0000
0000
0000
0000
0000
7400
1400
1400
1a00
1100
0000
0000
0000
0000
0000
0000
0000
0000
0000
0000
0000
0000
4000
4000
4000
4000
7e00
0000
0000
0000
0000
0000
0000
0000
0000
0000
0000
0000
2400
2400
2400
2a00
3900
0000
0000
0000
0000
0000
0000
0000
0000
0000
0000
0000
2200
2700
2200
2500
3a00
0000
0000
0000
0000
0000
0000
0000
0000
0000
0000
0000
7e00
4000
4000
4000
7e00
0000
0000
0000
0000
0000
0000
0000
0000
0000
0000
0000
6c00
4800
4800
4800
6c00
0000
0000
0000
0000
0000
0000
0000
0000
0000
0000
0000
3c00
0400
3c00
2000
3c00
0000
0000
0000
0000
0000
0000
0000
0000
0000
0000
0000
7600
1200
7200
4200
7200
0000
0000
0000
0000
0000
0000
0000
0000
0000
0000
0000
ee00
2a00
ea00
8a00
ee00
0000
0000
0000
0000
0000
0000
0000
0000
0000
0000
0000
ea00
2a00
ee00
8a00
ee00
0000
0000
0000
0000
0000
0000
0000
0000
0000
0000
0000
e400
2400
e400
8a00
ea00
0000
0000
0000
0000
0000
0000
0000
0000
0000
0000
0000
ee00
2800
ee00
8800
ee00
0000
0000
0000
0000
0000
0000
0000
0000
0000
0000
0000
ff00
2a00
ea00
8a00
ff00
0000
0000
0000
0000
0000
0000
0000
0000
0000
0000
0000
e400
2e00
e400
8a00
e400
0000
0000
0000
0000
0000
0000
0000
0000
0000
0000
0000
7c00
4400
4400
4400
7c00
0000
0000
0000
0000
0000
0000
0000
0000
0000
0000
0000
4200
4200
7e00
4200
7e00
0000
0000
0000
0000
0000
0000
0000
0000
0000
0000
0000
aa00
aa00
ee00
aa00
ee00
0000
0000
0000
0000
0000
0000
0000
0000
0000
0000
0000
5400
5400
7400
5a00
7100
0000
0000
0000
0000
0000
0000
0000
0000
0000
0000
0000
1000
1000
1000
2800
4400
0000
0000
0000
0000
0000
0000
0000
0000
0000
0000
0000
2400
2400
2400
5a00
9100
0000
0000
0000
0000
0000
0000
0000
0000
0000
1000
1000
3800
4400
4400
4400
3800
0000
0000
